v -0.05105400085449219 0.0053900801576673985 0.00996997021138668
v -0.05105400085449219 0.004747789818793535 0.01088239997625351
v -0.05105400085449219 2.9977301196915107e-10 0.006858000066131353
v -0.05105400085449219 0.0053900801576673985 0.00996997021138668
v -0.05105400085449219 2.9977301196915107e-10 0.006858000066131353
v -0.05105400085449219 0.005859119817614555 0.008957520127296448
v -0.05105400085449219 0.004747789818793535 0.01088239997625351
v -0.05105400085449219 0.00395291019231081 0.01166549976915121
v -0.05105400085449219 2.9977301196915107e-10 0.006858000066131353
v -0.05105400085449219 2.9977301196915107e-10 0.006858000066131353
v -0.05105400085449219 0.00395291019231081 0.01166549976915121
v -0.05105400085449219 0.0030309800058603287 0.012294000014662743
v -0.05105400085449219 2.9977301196915107e-10 0.006858000066131353
v -0.05105400085449219 0.0030309800058603287 0.012294000014662743
v -0.05105400085449219 0.0020116299856454134 0.012747899629175663
v -0.05105400085449219 0.0020116299856454134 0.012747899629175663
v -0.05105400085449219 0.0009276280179619789 0.013012399896979332
v -0.05105400085449219 2.9977301196915107e-10 0.006858000066131353
v -0.05105400085449219 2.9977301196915107e-10 0.006858000066131353
v -0.05105400085449219 0.0009276280179619789 0.013012399896979332
v -0.05105400085449219 -0.000186190998647362 0.013079100288450718
v -0.05105400085449219 2.9977301196915107e-10 0.006858000066131353
v -0.05105400085449219 -0.000186190998647362 0.013079100288450718
v -0.05105400085449219 -0.001294029993005097 0.012945899739861488
v -0.05105400085449219 -0.001294029993005097 0.012945899739861488
v -0.05105400085449219 -0.002360269892960787 0.012617000378668308
v -0.05105400085449219 2.9977301196915107e-10 0.006858000066131353
v -0.05105400085449219 2.9977301196915107e-10 0.006858000066131353
v -0.05105400085449219 -0.002360269892960787 0.012617000378668308
v -0.05105400085449219 -0.0033506499603390694 0.012102999724447727
v -0.05105400085449219 2.9977301196915107e-10 0.006858000066131353
v -0.05105400085449219 -0.0033506499603390694 0.012102999724447727
v -0.05105400085449219 -0.004233339801430702 0.011420500464737415
v -0.05105400085449219 -0.004233339801430702 0.011420500464737415
v -0.05105400085449219 -0.004979969933629036 0.010591300204396248
v -0.05105400085449219 2.9977301196915107e-10 0.006858000066131353
v -0.05105400085449219 2.9977301196915107e-10 0.006858000066131353
v -0.05105400085449219 -0.004979969933629036 0.010591300204396248
v -0.05105400085449219 -0.00556654017418623 0.009642049670219421
v -0.05105400085449219 2.9977301196915107e-10 0.006858000066131353
v -0.05105400085449219 -0.00556654017418623 0.009642049670219421
v -0.05105400085449219 -0.005974189843982458 0.008603359572589397
v -0.05105400085449219 -0.005974189843982458 0.008603359572589397
v -0.05105400085449219 -0.006189830135554075 0.007508580107241869
v -0.05105400085449219 2.9977301196915107e-10 0.006858000066131353
v -0.05105400085449219 2.9977301196915107e-10 0.006858000066131353
v -0.05105400085449219 -0.006189830135554075 0.007508580107241869
v -0.05105400085449219 -0.006206519901752472 0.0063928901217877865
v -0.05105400085449219 2.9977301196915107e-10 0.006858000066131353
v -0.05105400085449219 -0.006206519901752472 0.0063928901217877865
v -0.05105400085449219 -0.006023730151355267 0.005292150191962719
v -0.05105400085449219 -0.006023730151355267 0.005292150191962719
v -0.05105400085449219 -0.005647330079227686 0.004241730086505413
v -0.05105400085449219 2.9977301196915107e-10 0.006858000066131353
v -0.05105400085449219 2.9977301196915107e-10 0.006858000066131353
v -0.05105400085449219 -0.005647330079227686 0.004241730086505413
v -0.05105400085449219 -0.005089419893920422 0.0032754100393503904
v -0.05105400085449219 2.9977301196915107e-10 0.006858000066131353
v -0.05105400085449219 -0.005089419893920422 0.0032754100393503904
v -0.05105400085449219 -0.004367940127849579 0.0024242301005870104
v -0.05105400085449219 -0.004367940127849579 0.0024242301005870104
v -0.05105400085449219 -0.003506059991195798 0.0017155599780380726
v -0.05105400085449219 2.9977301196915107e-10 0.006858000066131353
v -0.05105400085449219 2.9977301196915107e-10 0.006858000066131353
v -0.05105400085449219 -0.003506059991195798 0.0017155599780380726
v -0.05105400085449219 -0.002531500067561865 0.0011721700429916382
v -0.05105400085449219 2.9977301196915107e-10 0.006858000066131353
v -0.05105400085449219 -0.002531500067561865 0.0011721700429916382
v -0.05105400085449219 -0.0014755700249224901 0.0008115249802358449
v -0.05105400085449219 -0.0014755700249224901 0.0008115249802358449
v -0.05105400085449219 -0.00037221700767986476 0.0006452209781855345
v -0.05105400085449219 2.9977301196915107e-10 0.006858000066131353
v -0.05105400085449219 2.9977301196915107e-10 0.006858000066131353
v -0.05105400085449219 -0.00037221700767986476 0.0006452209781855345
v -0.05105400085449219 0.0007431010017171502 0.0006786009762436152
v -0.05105400085449219 2.9977301196915107e-10 0.006858000066131353
v -0.05105400085449219 0.0007431010017171502 0.0006786009762436152
v -0.05105400085449219 0.0018345300341024995 0.000910591974388808
v -0.05105400085449219 0.0018345300341024995 0.000910591974388808
v -0.05105400085449219 0.0028669999446719885 0.0013337399577721953
v -0.05105400085449219 2.9977301196915107e-10 0.006858000066131353
v -0.05105400085449219 2.9977301196915107e-10 0.006858000066131353
v -0.05105400085449219 0.0028669999446719885 0.0013337399577721953
v -0.05105400085449219 0.0038073300383985043 0.0019344399916008115
v -0.05105400085449219 2.9977301196915107e-10 0.006858000066131353
v -0.05105400085449219 0.0038073300383985043 0.0019344399916008115
v -0.05105400085449219 0.004625279922038317 0.0026933900080621243
v -0.05105400085449219 0.004625279922038317 0.0026933900080621243
v -0.05105400085449219 0.00529456976801157 0.003586190054193139
v -0.05105400085449219 2.9977301196915107e-10 0.006858000066131353
v -0.05105400085449219 2.9977301196915107e-10 0.006858000066131353
v -0.05105400085449219 0.00529456976801157 0.003586190054193139
v -0.05105400085449219 0.005793690215796232 0.004584149923175573
v -0.05105400085449219 2.9977301196915107e-10 0.006858000066131353
v -0.05105400085449219 0.005793690215796232 0.004584149923175573
v -0.05105400085449219 0.006106589920818806 0.005655189976096153
v -0.05105400085449219 0.006106589920818806 0.005655189976096153
v -0.05105400085449219 0.00622323015704751 0.00676489993929863
v -0.05105400085449219 2.9977301196915107e-10 0.006858000066131353
v -0.05105400085449219 2.9977301196915107e-10 0.006858000066131353
v -0.05105400085449219 0.00622323015704751 0.00676489993929863
v -0.05105400085449219 0.0061398399993777275 0.007877590134739876
v -0.05105400085449219 2.9977301196915107e-10 0.006858000066131353
v -0.05105400085449219 0.0061398399993777275 0.007877590134739876
v -0.05105400085449219 0.005859119817614555 0.008957520127296448
v -0.059154000133275986 0.0053900801576673985 0.00996997021138668
v -0.05105400085449219 0.005859119817614555 0.008957520127296448
v -0.059154000133275986 0.005859119817614555 0.008957520127296448
v -0.059154000133275986 0.0053900801576673985 0.00996997021138668
v -0.05105400085449219 0.0053900801576673985 0.00996997021138668
v -0.05105400085449219 0.005859119817614555 0.008957520127296448
v -0.059154000133275986 0.005859119817614555 0.008957520127296448
v -0.05105400085449219 0.005859119817614555 0.008957520127296448
v -0.05105400085449219 0.0061398399993777275 0.007877590134739876
v -0.059154000133275986 0.005859119817614555 0.008957520127296448
v -0.05105400085449219 0.0061398399993777275 0.007877590134739876
v -0.059154000133275986 0.0061398399993777275 0.007877600379288197
v -0.059154000133275986 0.0061398399993777275 0.007877600379288197
v -0.05105400085449219 0.0061398399993777275 0.007877590134739876
v -0.05105400085449219 0.00622323015704751 0.00676489993929863
v -0.059154000133275986 0.0061398399993777275 0.007877600379288197
v -0.05105400085449219 0.00622323015704751 0.00676489993929863
v -0.059154000133275986 0.00622323015704751 0.00676489993929863
v -0.059154000133275986 0.00622323015704751 0.00676489993929863
v -0.05105400085449219 0.00622323015704751 0.00676489993929863
v -0.05105400085449219 0.006106589920818806 0.005655189976096153
v -0.059154000133275986 0.00622323015704751 0.00676489993929863
v -0.05105400085449219 0.006106589920818806 0.005655189976096153
v -0.059154000133275986 0.006106589920818806 0.005655189976096153
v -0.059154000133275986 0.006106589920818806 0.005655189976096153
v -0.05105400085449219 0.006106589920818806 0.005655189976096153
v -0.05105400085449219 0.005793690215796232 0.004584149923175573
v -0.059154000133275986 0.006106589920818806 0.005655189976096153
v -0.05105400085449219 0.005793690215796232 0.004584149923175573
v -0.059154000133275986 0.005793690215796232 0.004584149923175573
v -0.059154000133275986 0.005793690215796232 0.004584149923175573
v -0.05105400085449219 0.005793690215796232 0.004584149923175573
v -0.05105400085449219 0.00529456976801157 0.003586190054193139
v -0.059154000133275986 0.005793690215796232 0.004584149923175573
v -0.05105400085449219 0.00529456976801157 0.003586190054193139
v -0.059154000133275986 0.00529456976801157 0.003586190054193139
v -0.059154000133275986 0.00529456976801157 0.003586190054193139
v -0.05105400085449219 0.00529456976801157 0.003586190054193139
v -0.05105400085449219 0.004625279922038317 0.0026933900080621243
v -0.059154000133275986 0.00529456976801157 0.003586190054193139
v -0.05105400085449219 0.004625279922038317 0.0026933900080621243
v -0.059154000133275986 0.004625279922038317 0.0026933900080621243
v -0.059154000133275986 0.004625279922038317 0.0026933900080621243
v -0.05105400085449219 0.004625279922038317 0.0026933900080621243
v -0.05105400085449219 0.0038073300383985043 0.0019344399916008115
v -0.059154000133275986 0.004625279922038317 0.0026933900080621243
v -0.05105400085449219 0.0038073300383985043 0.0019344399916008115
v -0.059154000133275986 0.0038073300383985043 0.0019344399916008115
v -0.059154000133275986 0.0038073300383985043 0.0019344399916008115
v -0.05105400085449219 0.0038073300383985043 0.0019344399916008115
v -0.05105400085449219 0.0028669999446719885 0.0013337399577721953
v -0.059154000133275986 0.0038073300383985043 0.0019344399916008115
v -0.05105400085449219 0.0028669999446719885 0.0013337399577721953
v -0.059154000133275986 0.0028669999446719885 0.0013337399577721953
v -0.059154000133275986 0.0028669999446719885 0.0013337399577721953
v -0.05105400085449219 0.0028669999446719885 0.0013337399577721953
v -0.05105400085449219 0.0018345300341024995 0.000910591974388808
v -0.059154000133275986 0.0028669999446719885 0.0013337399577721953
v -0.05105400085449219 0.0018345300341024995 0.000910591974388808
v -0.059154000133275986 0.0018345300341024995 0.0009105930221267045
v -0.059154000133275986 0.0018345300341024995 0.0009105930221267045
v -0.05105400085449219 0.0018345300341024995 0.000910591974388808
v -0.05105400085449219 0.0007431010017171502 0.0006786009762436152
v -0.059154000133275986 0.0018345300341024995 0.0009105930221267045
v -0.05105400085449219 0.0007431010017171502 0.0006786009762436152
v -0.059154000133275986 0.0007431010017171502 0.0006786020239815116
v -0.059154000133275986 0.0007431010017171502 0.0006786020239815116
v -0.05105400085449219 0.0007431010017171502 0.0006786009762436152
v -0.05105400085449219 -0.00037221700767986476 0.0006452209781855345
v -0.059154000133275986 0.0007431010017171502 0.0006786020239815116
v -0.05105400085449219 -0.00037221700767986476 0.0006452209781855345
v -0.059154000133275986 -0.00037221700767986476 0.0006452209781855345
v -0.059154000133275986 -0.00037221700767986476 0.0006452209781855345
v -0.05105400085449219 -0.00037221700767986476 0.0006452209781855345
v -0.05105400085449219 -0.0014755700249224901 0.0008115249802358449
v -0.059154000133275986 -0.00037221700767986476 0.0006452209781855345
v -0.05105400085449219 -0.0014755700249224901 0.0008115249802358449
v -0.059154000133275986 -0.0014755700249224901 0.0008115249802358449
v -0.059154000133275986 -0.0014755700249224901 0.0008115249802358449
v -0.05105400085449219 -0.0014755700249224901 0.0008115249802358449
v -0.05105400085449219 -0.002531500067561865 0.0011721700429916382
v -0.059154000133275986 -0.0014755700249224901 0.0008115249802358449
v -0.05105400085449219 -0.002531500067561865 0.0011721700429916382
v -0.059154000133275986 -0.002531500067561865 0.0011721700429916382
v -0.059154000133275986 -0.002531500067561865 0.0011721700429916382
v -0.05105400085449219 -0.002531500067561865 0.0011721700429916382
v -0.05105400085449219 -0.003506059991195798 0.0017155599780380726
v -0.059154000133275986 -0.002531500067561865 0.0011721700429916382
v -0.05105400085449219 -0.003506059991195798 0.0017155599780380726
v -0.059154000133275986 -0.003506059991195798 0.0017155599780380726
v -0.059154000133275986 -0.003506059991195798 0.0017155599780380726
v -0.05105400085449219 -0.003506059991195798 0.0017155599780380726
v -0.05105400085449219 -0.004367940127849579 0.0024242301005870104
v -0.059154000133275986 -0.003506059991195798 0.0017155599780380726
v -0.05105400085449219 -0.004367940127849579 0.0024242301005870104
v -0.059154000133275986 -0.004367940127849579 0.0024242301005870104
v -0.059154000133275986 -0.004367940127849579 0.0024242301005870104
v -0.05105400085449219 -0.004367940127849579 0.0024242301005870104
v -0.05105400085449219 -0.005089419893920422 0.0032754100393503904
v -0.059154000133275986 -0.004367940127849579 0.0024242301005870104
v -0.05105400085449219 -0.005089419893920422 0.0032754100393503904
v -0.059154000133275986 -0.005089419893920422 0.0032754100393503904
v -0.059154000133275986 -0.005089419893920422 0.0032754100393503904
v -0.05105400085449219 -0.005089419893920422 0.0032754100393503904
v -0.05105400085449219 -0.005647330079227686 0.004241730086505413
v -0.059154000133275986 -0.005089419893920422 0.0032754100393503904
v -0.05105400085449219 -0.005647330079227686 0.004241730086505413
v -0.059154000133275986 -0.005647330079227686 0.004241730086505413
v -0.059154000133275986 -0.005647330079227686 0.004241730086505413
v -0.05105400085449219 -0.005647330079227686 0.004241730086505413
v -0.05105400085449219 -0.006023730151355267 0.005292150191962719
v -0.059154000133275986 -0.005647330079227686 0.004241730086505413
v -0.05105400085449219 -0.006023730151355267 0.005292150191962719
v -0.059154000133275986 -0.006023730151355267 0.005292150191962719
v -0.059154000133275986 -0.006023730151355267 0.005292150191962719
v -0.05105400085449219 -0.006023730151355267 0.005292150191962719
v -0.05105400085449219 -0.006206519901752472 0.0063928901217877865
v -0.059154000133275986 -0.006023730151355267 0.005292150191962719
v -0.05105400085449219 -0.006206519901752472 0.0063928901217877865
v -0.059154000133275986 -0.006206519901752472 0.0063928901217877865
v -0.059154000133275986 -0.006206519901752472 0.0063928901217877865
v -0.05105400085449219 -0.006206519901752472 0.0063928901217877865
v -0.05105400085449219 -0.006189830135554075 0.007508580107241869
v -0.059154000133275986 -0.006206519901752472 0.0063928901217877865
v -0.05105400085449219 -0.006189830135554075 0.007508580107241869
v -0.059154000133275986 -0.006189830135554075 0.007508580107241869
v -0.059154000133275986 -0.006189830135554075 0.007508580107241869
v -0.05105400085449219 -0.006189830135554075 0.007508580107241869
v -0.05105400085449219 -0.005974189843982458 0.008603359572589397
v -0.059154000133275986 -0.006189830135554075 0.007508580107241869
v -0.05105400085449219 -0.005974189843982458 0.008603359572589397
v -0.059154000133275986 -0.005974189843982458 0.008603359572589397
v -0.059154000133275986 -0.005974189843982458 0.008603359572589397
v -0.05105400085449219 -0.005974189843982458 0.008603359572589397
v -0.05105400085449219 -0.00556654017418623 0.009642049670219421
v -0.059154000133275986 -0.005974189843982458 0.008603359572589397
v -0.05105400085449219 -0.00556654017418623 0.009642049670219421
v -0.059154000133275986 -0.00556654017418623 0.009642049670219421
v -0.059154000133275986 -0.00556654017418623 0.009642049670219421
v -0.05105400085449219 -0.00556654017418623 0.009642049670219421
v -0.05105400085449219 -0.004979969933629036 0.010591300204396248
v -0.059154000133275986 -0.00556654017418623 0.009642049670219421
v -0.05105400085449219 -0.004979969933629036 0.010591300204396248
v -0.059154000133275986 -0.004979969933629036 0.010591300204396248
v -0.059154000133275986 -0.004979969933629036 0.010591300204396248
v -0.05105400085449219 -0.004979969933629036 0.010591300204396248
v -0.05105400085449219 -0.004233339801430702 0.011420500464737415
v -0.059154000133275986 -0.004979969933629036 0.010591300204396248
v -0.05105400085449219 -0.004233339801430702 0.011420500464737415
v -0.059154000133275986 -0.004233339801430702 0.011420500464737415
v -0.059154000133275986 -0.004233339801430702 0.011420500464737415
v -0.05105400085449219 -0.004233339801430702 0.011420500464737415
v -0.05105400085449219 -0.0033506499603390694 0.012102999724447727
v -0.059154000133275986 -0.004233339801430702 0.011420500464737415
v -0.05105400085449219 -0.0033506499603390694 0.012102999724447727
v -0.059154000133275986 -0.0033506499603390694 0.012102999724447727
v -0.059154000133275986 -0.0033506499603390694 0.012102999724447727
v -0.05105400085449219 -0.0033506499603390694 0.012102999724447727
v -0.05105400085449219 -0.002360269892960787 0.012617000378668308
v -0.059154000133275986 -0.0033506499603390694 0.012102999724447727
v -0.05105400085449219 -0.002360269892960787 0.012617000378668308
v -0.059154000133275986 -0.002360269892960787 0.012617000378668308
v -0.059154000133275986 -0.002360269892960787 0.012617000378668308
v -0.05105400085449219 -0.002360269892960787 0.012617000378668308
v -0.05105400085449219 -0.001294029993005097 0.012945899739861488
v -0.059154000133275986 -0.002360269892960787 0.012617000378668308
v -0.05105400085449219 -0.001294029993005097 0.012945899739861488
v -0.059154000133275986 -0.001294029993005097 0.012945899739861488
v -0.059154000133275986 -0.001294029993005097 0.012945899739861488
v -0.05105400085449219 -0.001294029993005097 0.012945899739861488
v -0.05105400085449219 -0.000186190998647362 0.013079100288450718
v -0.059154000133275986 -0.001294029993005097 0.012945899739861488
v -0.05105400085449219 -0.000186190998647362 0.013079100288450718
v -0.059154000133275986 -0.000186190998647362 0.013079100288450718
v -0.059154000133275986 -0.000186190998647362 0.013079100288450718
v -0.05105400085449219 -0.000186190998647362 0.013079100288450718
v -0.05105400085449219 0.0009276280179619789 0.013012399896979332
v -0.059154000133275986 -0.000186190998647362 0.013079100288450718
v -0.05105400085449219 0.0009276280179619789 0.013012399896979332
v -0.059154000133275986 0.0009276280179619789 0.013012399896979332
v -0.059154000133275986 0.0009276280179619789 0.013012399896979332
v -0.05105400085449219 0.0009276280179619789 0.013012399896979332
v -0.05105400085449219 0.0020116299856454134 0.012747899629175663
v -0.059154000133275986 0.0009276280179619789 0.013012399896979332
v -0.05105400085449219 0.0020116299856454134 0.012747899629175663
v -0.059154000133275986 0.0020116299856454134 0.012747899629175663
v -0.059154000133275986 0.0020116299856454134 0.012747899629175663
v -0.05105400085449219 0.0020116299856454134 0.012747899629175663
v -0.05105400085449219 0.0030309800058603287 0.012294000014662743
v -0.059154000133275986 0.0020116299856454134 0.012747899629175663
v -0.05105400085449219 0.0030309800058603287 0.012294000014662743
v -0.059154000133275986 0.0030309800058603287 0.012294000014662743
v -0.059154000133275986 0.0030309800058603287 0.012294000014662743
v -0.05105400085449219 0.0030309800058603287 0.012294000014662743
v -0.05105400085449219 0.00395291019231081 0.01166549976915121
v -0.059154000133275986 0.0030309800058603287 0.012294000014662743
v -0.05105400085449219 0.00395291019231081 0.01166549976915121
v -0.059154000133275986 0.00395291019231081 0.01166549976915121
v -0.059154000133275986 0.00395291019231081 0.01166549976915121
v -0.05105400085449219 0.00395291019231081 0.01166549976915121
v -0.05105400085449219 0.004747789818793535 0.01088239997625351
v -0.059154000133275986 0.00395291019231081 0.01166549976915121
v -0.05105400085449219 0.004747789818793535 0.01088239997625351
v -0.059154000133275986 0.004747789818793535 0.01088239997625351
v -0.059154000133275986 0.004747789818793535 0.01088239997625351
v -0.05105400085449219 0.004747789818793535 0.01088239997625351
v -0.05105400085449219 0.0053900801576673985 0.00996997021138668
v -0.059154000133275986 0.004747789818793535 0.01088239997625351
v -0.05105400085449219 0.0053900801576673985 0.00996997021138668
v -0.059154000133275986 0.0053900801576673985 0.00996997021138668
v -0.059154000133275986 0.000335916003677994 0.011983100324869156
v -0.059154000133275986 0.0009276280179619789 0.013012399896979332
v -0.059154000133275986 0.001329310005530715 0.011819100007414818
v -0.059154000133275986 -0.0006703910185024142 0.011950099840760231
v -0.059154000133275986 -0.001294029993005097 0.012945899739861488
v -0.059154000133275986 0.000335916003677994 0.011983100324869156
v -0.059154000133275986 0.000335916003677994 0.011983100324869156
v -0.059154000133275986 -0.001294029993005097 0.012945899739861488
v -0.059154000133275986 -0.000186190998647362 0.013079100288450718
v -0.059154000133275986 0.000335916003677994 0.011983100324869156
v -0.059154000133275986 -0.000186190998647362 0.013079100288450718
v -0.059154000133275986 0.0009276280179619789 0.013012399896979332
v -0.059154000133275986 0.001329310005530715 0.011819100007414818
v -0.059154000133275986 0.0009276280179619789 0.013012399896979332
v -0.059154000133275986 0.0020116299856454134 0.012747899629175663
v -0.059154000133275986 0.001329310005530715 0.011819100007414818
v -0.059154000133275986 0.0020116299856454134 0.012747899629175663
v -0.059154000133275986 0.0022716301027685404 0.011464400216937065
v -0.059154000133275986 0.0022716301027685404 0.011464400216937065
v -0.059154000133275986 0.0020116299856454134 0.012747899629175663
v -0.059154000133275986 0.0030309800058603287 0.012294000014662743
v -0.059154000133275986 0.0022716301027685404 0.011464400216937065
v -0.059154000133275986 0.0030309800058603287 0.012294000014662743
v -0.059154000133275986 0.0031266401056200266 0.010932699777185917
v -0.059154000133275986 0.0031266401056200266 0.010932699777185917
v -0.059154000133275986 0.0030309800058603287 0.012294000014662743
v -0.059154000133275986 0.00395291019231081 0.01166549976915121
v -0.059154000133275986 0.0031266401056200266 0.010932699777185917
v -0.059154000133275986 0.00395291019231081 0.01166549976915121
v -0.059154000133275986 0.0038614999502897263 0.010244499891996384
v -0.059154000133275986 0.0038614999502897263 0.010244499891996384
v -0.059154000133275986 0.00395291019231081 0.01166549976915121
v -0.059154000133275986 0.004747789818793535 0.01088239997625351
v -0.059154000133275986 0.0038614999502897263 0.010244499891996384
v -0.059154000133275986 0.004747789818793535 0.01088239997625351
v -0.059154000133275986 0.004447970073670149 0.009426039643585682
v -0.059154000133275986 0.004447970073670149 0.009426039643585682
v -0.059154000133275986 0.004747789818793535 0.01088239997625351
v -0.059154000133275986 0.0053900801576673985 0.00996997021138668
v -0.059154000133275986 0.004447970073670149 0.009426039643585682
v -0.059154000133275986 0.0053900801576673985 0.00996997021138668
v -0.059154000133275986 0.004863500129431486 0.008508940227329731
v -0.059154000133275986 0.004863500129431486 0.008508940227329731
v -0.059154000133275986 0.0053900801576673985 0.00996997021138668
v -0.059154000133275986 0.005859119817614555 0.008957520127296448
v -0.059154000133275986 0.004863500129431486 0.008508940227329731
v -0.059154000133275986 0.005859119817614555 0.008957520127296448
v -0.059154000133275986 0.005092130042612553 0.007528400048613548
v -0.059154000133275986 0.005092130042612553 0.007528400048613548
v -0.059154000133275986 0.005859119817614555 0.008957520127296448
v -0.059154000133275986 0.0061398399993777275 0.007877600379288197
v -0.059154000133275986 0.005092130042612553 0.007528400048613548
v -0.059154000133275986 0.0061398399993777275 0.007877600379288197
v -0.059154000133275986 0.0051250699907541275 0.006522090174257755
v -0.059154000133275986 0.0051250699907541275 0.006522090174257755
v -0.059154000133275986 0.0061398399993777275 0.007877600379288197
v -0.059154000133275986 0.00622323015704751 0.00676489993929863
v -0.059154000133275986 0.0051250699907541275 0.006522090174257755
v -0.059154000133275986 0.00622323015704751 0.00676489993929863
v -0.059154000133275986 0.004961059894412756 0.005528689827769995
v -0.059154000133275986 0.004961059894412756 0.005528689827769995
v -0.059154000133275986 0.00622323015704751 0.00676489993929863
v -0.059154000133275986 0.006106589920818806 0.005655189976096153
v -0.059154000133275986 0.004961059894412756 0.005528689827769995
v -0.059154000133275986 0.006106589920818806 0.005655189976096153
v -0.059154000133275986 0.004606400150805712 0.00458637997508049
v -0.059154000133275986 0.006106589920818806 0.005655189976096153
v -0.059154000133275986 0.005793690215796232 0.004584149923175573
v -0.059154000133275986 0.004606400150805712 0.00458637997508049
v -0.059154000133275986 0.004606400150805712 0.00458637997508049
v -0.059154000133275986 0.005793690215796232 0.004584149923175573
v -0.059154000133275986 0.00529456976801157 0.003586190054193139
v -0.059154000133275986 0.004606400150805712 0.00458637997508049
v -0.059154000133275986 0.00529456976801157 0.003586190054193139
v -0.059154000133275986 0.004074720200151205 0.003731359960511327
v -0.059154000133275986 0.004074720200151205 0.003731359960511327
v -0.059154000133275986 0.00529456976801157 0.003586190054193139
v -0.059154000133275986 0.004625279922038317 0.0026933900080621243
v -0.059154000133275986 0.004074720200151205 0.003731359960511327
v -0.059154000133275986 0.004625279922038317 0.0026933900080621243
v -0.059154000133275986 0.0033864500001072884 0.002996500115841627
v -0.059154000133275986 0.0033864500001072884 0.002996500115841627
v -0.059154000133275986 0.004625279922038317 0.0026933900080621243
v -0.059154000133275986 0.0038073300383985043 0.0019344399916008115
v -0.059154000133275986 0.0033864500001072884 0.002996500115841627
v -0.059154000133275986 0.0038073300383985043 0.0019344399916008115
v -0.059154000133275986 0.002568040043115616 0.0024100400041788816
v -0.059154000133275986 0.002568040043115616 0.0024100400041788816
v -0.059154000133275986 0.0038073300383985043 0.0019344399916008115
v -0.059154000133275986 0.0028669999446719885 0.0013337399577721953
v -0.059154000133275986 0.002568040043115616 0.0024100400041788816
v -0.059154000133275986 0.0028669999446719885 0.0013337399577721953
v -0.059154000133275986 0.0016509400447830558 0.0019945099484175444
v -0.059154000133275986 0.0016509400447830558 0.0019945099484175444
v -0.059154000133275986 0.0028669999446719885 0.0013337399577721953
v -0.059154000133275986 0.0018345300341024995 0.0009105930221267045
v -0.059154000133275986 0.0016509400447830558 0.0019945099484175444
v -0.059154000133275986 0.0018345300341024995 0.0009105930221267045
v -0.059154000133275986 0.0006703920080326498 0.0017658700235188007
v -0.059154000133275986 0.0006703920080326498 0.0017658700235188007
v -0.059154000133275986 0.0018345300341024995 0.0009105930221267045
v -0.059154000133275986 0.0007431010017171502 0.0006786020239815116
v -0.059154000133275986 0.0006703920080326498 0.0017658700235188007
v -0.059154000133275986 0.0007431010017171502 0.0006786020239815116
v -0.059154000133275986 -0.0003359150141477585 0.001732929958961904
v -0.059154000133275986 -0.0003359150141477585 0.001732929958961904
v -0.059154000133275986 0.0007431010017171502 0.0006786020239815116
v -0.059154000133275986 -0.00037221700767986476 0.0006452209781855345
v -0.059154000133275986 -0.0003359150141477585 0.001732929958961904
v -0.059154000133275986 -0.00037221700767986476 0.0006452209781855345
v -0.059154000133275986 -0.001329310005530715 0.0018969400553032756
v -0.059154000133275986 -0.001329310005530715 0.0018969400553032756
v -0.059154000133275986 -0.00037221700767986476 0.0006452209781855345
v -0.059154000133275986 -0.0014755700249224901 0.0008115249802358449
v -0.059154000133275986 -0.001329310005530715 0.0018969400553032756
v -0.059154000133275986 -0.0014755700249224901 0.0008115249802358449
v -0.059154000133275986 -0.0022716301027685404 0.0022515999153256416
v -0.059154000133275986 -0.0022716301027685404 0.0022515999153256416
v -0.059154000133275986 -0.0014755700249224901 0.0008115249802358449
v -0.059154000133275986 -0.002531500067561865 0.0011721700429916382
v -0.059154000133275986 -0.0022716301027685404 0.0022515999153256416
v -0.059154000133275986 -0.002531500067561865 0.0011721700429916382
v -0.059154000133275986 -0.0031266401056200266 0.002783290110528469
v -0.059154000133275986 -0.0031266401056200266 0.002783290110528469
v -0.059154000133275986 -0.002531500067561865 0.0011721700429916382
v -0.059154000133275986 -0.003506059991195798 0.0017155599780380726
v -0.059154000133275986 -0.0031266401056200266 0.002783290110528469
v -0.059154000133275986 -0.003506059991195798 0.0017155599780380726
v -0.059154000133275986 -0.0038614999502897263 0.003471560077741742
v -0.059154000133275986 -0.0038614999502897263 0.003471560077741742
v -0.059154000133275986 -0.003506059991195798 0.0017155599780380726
v -0.059154000133275986 -0.004367940127849579 0.0024242301005870104
v -0.059154000133275986 -0.0038614999502897263 0.003471560077741742
v -0.059154000133275986 -0.004367940127849579 0.0024242301005870104
v -0.059154000133275986 -0.004447970073670149 0.004289969801902771
v -0.059154000133275986 -0.004447970073670149 0.004289969801902771
v -0.059154000133275986 -0.004367940127849579 0.0024242301005870104
v -0.059154000133275986 -0.005089419893920422 0.0032754100393503904
v -0.059154000133275986 -0.004447970073670149 0.004289969801902771
v -0.059154000133275986 -0.005647330079227686 0.004241730086505413
v -0.059154000133275986 -0.004863500129431486 0.0052070701494812965
v -0.059154000133275986 -0.004447970073670149 0.004289969801902771
v -0.059154000133275986 -0.005089419893920422 0.0032754100393503904
v -0.059154000133275986 -0.005647330079227686 0.004241730086505413
v -0.059154000133275986 -0.004863500129431486 0.0052070701494812965
v -0.059154000133275986 -0.005647330079227686 0.004241730086505413
v -0.059154000133275986 -0.006023730151355267 0.005292150191962719
v -0.059154000133275986 -0.004863500129431486 0.0052070701494812965
v -0.059154000133275986 -0.006023730151355267 0.005292150191962719
v -0.059154000133275986 -0.005092130042612553 0.006187609862536192
v -0.059154000133275986 -0.005092130042612553 0.006187609862536192
v -0.059154000133275986 -0.006023730151355267 0.005292150191962719
v -0.059154000133275986 -0.006206519901752472 0.0063928901217877865
v -0.059154000133275986 -0.005092130042612553 0.006187609862536192
v -0.059154000133275986 -0.006206519901752472 0.0063928901217877865
v -0.059154000133275986 -0.0051250699907541275 0.007193920202553272
v -0.059154000133275986 -0.0051250699907541275 0.007193920202553272
v -0.059154000133275986 -0.006206519901752472 0.0063928901217877865
v -0.059154000133275986 -0.006189830135554075 0.007508580107241869
v -0.059154000133275986 -0.0051250699907541275 0.007193920202553272
v -0.059154000133275986 -0.006189830135554075 0.007508580107241869
v -0.059154000133275986 -0.004961059894412756 0.008187320083379745
v -0.059154000133275986 -0.004961059894412756 0.008187320083379745
v -0.059154000133275986 -0.006189830135554075 0.007508580107241869
v -0.059154000133275986 -0.005974189843982458 0.008603359572589397
v -0.059154000133275986 -0.004961059894412756 0.008187320083379745
v -0.059154000133275986 -0.005974189843982458 0.008603359572589397
v -0.059154000133275986 -0.004606400150805712 0.009129630401730537
v -0.059154000133275986 -0.004606400150805712 0.009129630401730537
v -0.059154000133275986 -0.005974189843982458 0.008603359572589397
v -0.059154000133275986 -0.00556654017418623 0.009642049670219421
v -0.059154000133275986 -0.004606400150805712 0.009129630401730537
v -0.059154000133275986 -0.00556654017418623 0.009642049670219421
v -0.059154000133275986 -0.004074720200151205 0.00998464971780777
v -0.059154000133275986 -0.004074720200151205 0.00998464971780777
v -0.059154000133275986 -0.00556654017418623 0.009642049670219421
v -0.059154000133275986 -0.004979969933629036 0.010591300204396248
v -0.059154000133275986 -0.004074720200151205 0.00998464971780777
v -0.059154000133275986 -0.004979969933629036 0.010591300204396248
v -0.059154000133275986 -0.0033864500001072884 0.010719499550759792
v -0.059154000133275986 -0.0033864500001072884 0.010719499550759792
v -0.059154000133275986 -0.004979969933629036 0.010591300204396248
v -0.059154000133275986 -0.004233339801430702 0.011420500464737415
v -0.059154000133275986 -0.0033864500001072884 0.010719499550759792
v -0.059154000133275986 -0.004233339801430702 0.011420500464737415
v -0.059154000133275986 -0.0025680300313979387 0.01130599994212389
v -0.059154000133275986 -0.0025680300313979387 0.01130599994212389
v -0.059154000133275986 -0.004233339801430702 0.011420500464737415
v -0.059154000133275986 -0.0033506499603390694 0.012102999724447727
v -0.059154000133275986 -0.0025680300313979387 0.01130599994212389
v -0.059154000133275986 -0.0033506499603390694 0.012102999724447727
v -0.059154000133275986 -0.0016509400447830558 0.01172150019556284
v -0.059154000133275986 -0.0016509400447830558 0.01172150019556284
v -0.059154000133275986 -0.0033506499603390694 0.012102999724447727
v -0.059154000133275986 -0.002360269892960787 0.012617000378668308
v -0.059154000133275986 -0.0016509400447830558 0.01172150019556284
v -0.059154000133275986 -0.002360269892960787 0.012617000378668308
v -0.059154000133275986 -0.0006703910185024142 0.011950099840760231
v -0.059154000133275986 -0.0006703910185024142 0.011950099840760231
v -0.059154000133275986 -0.002360269892960787 0.012617000378668308
v -0.059154000133275986 -0.001294029993005097 0.012945899739861488
v -0.06400799751281738 0.004447970073670149 0.009426039643585682
v -0.059154000133275986 0.004863500129431486 0.008508940227329731
v -0.06400799751281738 0.004863500129431486 0.008508940227329731
v -0.06400799751281738 0.004447970073670149 0.009426039643585682
v -0.059154000133275986 0.004447970073670149 0.009426039643585682
v -0.059154000133275986 0.004863500129431486 0.008508940227329731
v -0.06400799751281738 0.004863500129431486 0.008508940227329731
v -0.059154000133275986 0.004863500129431486 0.008508940227329731
v -0.059154000133275986 0.005092130042612553 0.007528400048613548
v -0.06400799751281738 0.004863500129431486 0.008508940227329731
v -0.059154000133275986 0.005092130042612553 0.007528400048613548
v -0.06400799751281738 0.005092130042612553 0.007528400048613548
v -0.06400799751281738 0.005092130042612553 0.007528400048613548
v -0.059154000133275986 0.005092130042612553 0.007528400048613548
v -0.059154000133275986 0.0051250699907541275 0.006522090174257755
v -0.06400799751281738 0.005092130042612553 0.007528400048613548
v -0.059154000133275986 0.0051250699907541275 0.006522090174257755
v -0.06400799751281738 0.0051250699907541275 0.006522090174257755
v -0.06400799751281738 0.0051250699907541275 0.006522090174257755
v -0.059154000133275986 0.0051250699907541275 0.006522090174257755
v -0.059154000133275986 0.004961059894412756 0.005528689827769995
v -0.06400799751281738 0.0051250699907541275 0.006522090174257755
v -0.059154000133275986 0.004961059894412756 0.005528689827769995
v -0.06400799751281738 0.004961059894412756 0.005528689827769995
v -0.06400799751281738 0.004961059894412756 0.005528689827769995
v -0.059154000133275986 0.004961059894412756 0.005528689827769995
v -0.059154000133275986 0.004606400150805712 0.00458637997508049
v -0.06400799751281738 0.004961059894412756 0.005528689827769995
v -0.059154000133275986 0.004606400150805712 0.00458637997508049
v -0.06400799751281738 0.004606400150805712 0.00458637997508049
v -0.06400799751281738 0.004606400150805712 0.00458637997508049
v -0.059154000133275986 0.004606400150805712 0.00458637997508049
v -0.059154000133275986 0.004074720200151205 0.003731359960511327
v -0.06400799751281738 0.004606400150805712 0.00458637997508049
v -0.059154000133275986 0.004074720200151205 0.003731359960511327
v -0.06400799751281738 0.004074720200151205 0.003731359960511327
v -0.06400799751281738 0.004074720200151205 0.003731359960511327
v -0.059154000133275986 0.004074720200151205 0.003731359960511327
v -0.059154000133275986 0.0033864500001072884 0.002996500115841627
v -0.06400799751281738 0.004074720200151205 0.003731359960511327
v -0.059154000133275986 0.0033864500001072884 0.002996500115841627
v -0.06400799751281738 0.0033864500001072884 0.002996500115841627
v -0.06400799751281738 0.0033864500001072884 0.002996500115841627
v -0.059154000133275986 0.0033864500001072884 0.002996500115841627
v -0.059154000133275986 0.002568040043115616 0.0024100400041788816
v -0.06400799751281738 0.0033864500001072884 0.002996500115841627
v -0.059154000133275986 0.002568040043115616 0.0024100400041788816
v -0.06400799751281738 0.002568040043115616 0.0024100400041788816
v -0.06400799751281738 0.002568040043115616 0.0024100400041788816
v -0.059154000133275986 0.002568040043115616 0.0024100400041788816
v -0.059154000133275986 0.0016509400447830558 0.0019945099484175444
v -0.06400799751281738 0.002568040043115616 0.0024100400041788816
v -0.059154000133275986 0.0016509400447830558 0.0019945099484175444
v -0.06400799751281738 0.0016509400447830558 0.0019945099484175444
v -0.06400799751281738 0.0016509400447830558 0.0019945099484175444
v -0.059154000133275986 0.0016509400447830558 0.0019945099484175444
v -0.059154000133275986 0.0006703920080326498 0.0017658700235188007
v -0.06400799751281738 0.0016509400447830558 0.0019945099484175444
v -0.059154000133275986 0.0006703920080326498 0.0017658700235188007
v -0.06400799751281738 0.0006703920080326498 0.0017658700235188007
v -0.06400799751281738 0.0006703920080326498 0.0017658700235188007
v -0.059154000133275986 0.0006703920080326498 0.0017658700235188007
v -0.059154000133275986 -0.0003359150141477585 0.001732929958961904
v -0.06400799751281738 0.0006703920080326498 0.0017658700235188007
v -0.059154000133275986 -0.0003359150141477585 0.001732929958961904
v -0.06400799751281738 -0.0003359150141477585 0.001732929958961904
v -0.06400799751281738 -0.0003359150141477585 0.001732929958961904
v -0.059154000133275986 -0.0003359150141477585 0.001732929958961904
v -0.059154000133275986 -0.001329310005530715 0.0018969400553032756
v -0.06400799751281738 -0.0003359150141477585 0.001732929958961904
v -0.059154000133275986 -0.001329310005530715 0.0018969400553032756
v -0.06400799751281738 -0.001329310005530715 0.0018969400553032756
v -0.06400799751281738 -0.001329310005530715 0.0018969400553032756
v -0.059154000133275986 -0.001329310005530715 0.0018969400553032756
v -0.059154000133275986 -0.0022716301027685404 0.0022515999153256416
v -0.06400799751281738 -0.001329310005530715 0.0018969400553032756
v -0.059154000133275986 -0.0022716301027685404 0.0022515999153256416
v -0.06400799751281738 -0.0022716301027685404 0.0022515999153256416
v -0.06400799751281738 -0.0022716301027685404 0.0022515999153256416
v -0.059154000133275986 -0.0022716301027685404 0.0022515999153256416
v -0.059154000133275986 -0.0031266401056200266 0.002783290110528469
v -0.06400799751281738 -0.0022716301027685404 0.0022515999153256416
v -0.059154000133275986 -0.0031266401056200266 0.002783290110528469
v -0.06400799751281738 -0.0031266401056200266 0.002783290110528469
v -0.06400799751281738 -0.0031266401056200266 0.002783290110528469
v -0.059154000133275986 -0.0031266401056200266 0.002783290110528469
v -0.059154000133275986 -0.0038614999502897263 0.003471560077741742
v -0.06400799751281738 -0.0031266401056200266 0.002783290110528469
v -0.059154000133275986 -0.0038614999502897263 0.003471560077741742
v -0.06400799751281738 -0.0038614999502897263 0.003471560077741742
v -0.06400799751281738 -0.0038614999502897263 0.003471560077741742
v -0.059154000133275986 -0.0038614999502897263 0.003471560077741742
v -0.059154000133275986 -0.004447970073670149 0.004289969801902771
v -0.06400799751281738 -0.0038614999502897263 0.003471560077741742
v -0.059154000133275986 -0.004447970073670149 0.004289969801902771
v -0.06400799751281738 -0.004447970073670149 0.004289969801902771
v -0.06400799751281738 -0.004447970073670149 0.004289969801902771
v -0.059154000133275986 -0.004447970073670149 0.004289969801902771
v -0.059154000133275986 -0.004863500129431486 0.0052070701494812965
v -0.06400799751281738 -0.004447970073670149 0.004289969801902771
v -0.059154000133275986 -0.004863500129431486 0.0052070701494812965
v -0.06400799751281738 -0.004863500129431486 0.0052070701494812965
v -0.06400799751281738 -0.004863500129431486 0.0052070701494812965
v -0.059154000133275986 -0.004863500129431486 0.0052070701494812965
v -0.059154000133275986 -0.005092130042612553 0.006187609862536192
v -0.06400799751281738 -0.004863500129431486 0.0052070701494812965
v -0.059154000133275986 -0.005092130042612553 0.006187609862536192
v -0.06400799751281738 -0.005092130042612553 0.006187609862536192
v -0.06400799751281738 -0.005092130042612553 0.006187609862536192
v -0.059154000133275986 -0.005092130042612553 0.006187609862536192
v -0.059154000133275986 -0.0051250699907541275 0.007193920202553272
v -0.06400799751281738 -0.005092130042612553 0.006187609862536192
v -0.059154000133275986 -0.0051250699907541275 0.007193920202553272
v -0.06400799751281738 -0.0051250699907541275 0.007193920202553272
v -0.06400799751281738 -0.0051250699907541275 0.007193920202553272
v -0.059154000133275986 -0.0051250699907541275 0.007193920202553272
v -0.059154000133275986 -0.004961059894412756 0.008187320083379745
v -0.06400799751281738 -0.0051250699907541275 0.007193920202553272
v -0.059154000133275986 -0.004961059894412756 0.008187320083379745
v -0.06400799751281738 -0.004961059894412756 0.008187320083379745
v -0.06400799751281738 -0.004961059894412756 0.008187320083379745
v -0.059154000133275986 -0.004961059894412756 0.008187320083379745
v -0.059154000133275986 -0.004606400150805712 0.009129630401730537
v -0.06400799751281738 -0.004961059894412756 0.008187320083379745
v -0.059154000133275986 -0.004606400150805712 0.009129630401730537
v -0.06400799751281738 -0.004606400150805712 0.009129630401730537
v -0.06400799751281738 -0.004606400150805712 0.009129630401730537
v -0.059154000133275986 -0.004606400150805712 0.009129630401730537
v -0.059154000133275986 -0.004074720200151205 0.00998464971780777
v -0.06400799751281738 -0.004606400150805712 0.009129630401730537
v -0.059154000133275986 -0.004074720200151205 0.00998464971780777
v -0.06400799751281738 -0.004074720200151205 0.00998464971780777
v -0.06400799751281738 -0.004074720200151205 0.00998464971780777
v -0.059154000133275986 -0.004074720200151205 0.00998464971780777
v -0.059154000133275986 -0.0033864500001072884 0.010719499550759792
v -0.06400799751281738 -0.004074720200151205 0.00998464971780777
v -0.059154000133275986 -0.0033864500001072884 0.010719499550759792
v -0.06400799751281738 -0.0033864500001072884 0.010719499550759792
v -0.06400799751281738 -0.0033864500001072884 0.010719499550759792
v -0.059154000133275986 -0.0033864500001072884 0.010719499550759792
v -0.059154000133275986 -0.0025680300313979387 0.01130599994212389
v -0.06400799751281738 -0.0033864500001072884 0.010719499550759792
v -0.059154000133275986 -0.0025680300313979387 0.01130599994212389
v -0.06400799751281738 -0.0025680300313979387 0.01130599994212389
v -0.06400799751281738 -0.0025680300313979387 0.01130599994212389
v -0.059154000133275986 -0.0025680300313979387 0.01130599994212389
v -0.059154000133275986 -0.0016509400447830558 0.01172150019556284
v -0.06400799751281738 -0.0025680300313979387 0.01130599994212389
v -0.059154000133275986 -0.0016509400447830558 0.01172150019556284
v -0.06400799751281738 -0.0016509400447830558 0.01172150019556284
v -0.06400799751281738 -0.0016509400447830558 0.01172150019556284
v -0.059154000133275986 -0.0016509400447830558 0.01172150019556284
v -0.059154000133275986 -0.0006703910185024142 0.011950099840760231
v -0.06400799751281738 -0.0016509400447830558 0.01172150019556284
v -0.059154000133275986 -0.0006703910185024142 0.011950099840760231
v -0.06400799751281738 -0.0006703910185024142 0.011950099840760231
v -0.06400799751281738 -0.0006703910185024142 0.011950099840760231
v -0.059154000133275986 -0.0006703910185024142 0.011950099840760231
v -0.059154000133275986 0.000335916003677994 0.011983100324869156
v -0.06400799751281738 -0.0006703910185024142 0.011950099840760231
v -0.059154000133275986 0.000335916003677994 0.011983100324869156
v -0.06400799751281738 0.000335916003677994 0.011983100324869156
v -0.06400799751281738 0.000335916003677994 0.011983100324869156
v -0.059154000133275986 0.000335916003677994 0.011983100324869156
v -0.059154000133275986 0.001329310005530715 0.011819100007414818
v -0.06400799751281738 0.000335916003677994 0.011983100324869156
v -0.059154000133275986 0.001329310005530715 0.011819100007414818
v -0.06400799751281738 0.001329310005530715 0.011819100007414818
v -0.06400799751281738 0.001329310005530715 0.011819100007414818
v -0.059154000133275986 0.001329310005530715 0.011819100007414818
v -0.059154000133275986 0.0022716301027685404 0.011464400216937065
v -0.06400799751281738 0.001329310005530715 0.011819100007414818
v -0.059154000133275986 0.0022716301027685404 0.011464400216937065
v -0.06400799751281738 0.0022716301027685404 0.011464400216937065
v -0.06400799751281738 0.0022716301027685404 0.011464400216937065
v -0.059154000133275986 0.0022716301027685404 0.011464400216937065
v -0.059154000133275986 0.0031266401056200266 0.010932699777185917
v -0.06400799751281738 0.0022716301027685404 0.011464400216937065
v -0.059154000133275986 0.0031266401056200266 0.010932699777185917
v -0.06400799751281738 0.0031266401056200266 0.010932699777185917
v -0.06400799751281738 0.0031266401056200266 0.010932699777185917
v -0.059154000133275986 0.0031266401056200266 0.010932699777185917
v -0.059154000133275986 0.0038614999502897263 0.010244499891996384
v -0.06400799751281738 0.0031266401056200266 0.010932699777185917
v -0.059154000133275986 0.0038614999502897263 0.010244499891996384
v -0.06400799751281738 0.0038614999502897263 0.010244499891996384
v -0.06400799751281738 0.0038614999502897263 0.010244499891996384
v -0.059154000133275986 0.0038614999502897263 0.010244499891996384
v -0.059154000133275986 0.004447970073670149 0.009426039643585682
v -0.06400799751281738 0.0038614999502897263 0.010244499891996384
v -0.059154000133275986 0.004447970073670149 0.009426039643585682
v -0.06400799751281738 0.004447970073670149 0.009426039643585682
v -0.06400799751281738 0.004447970073670149 0.009426039643585682
v -0.06400799751281738 0.004863500129431486 0.008508940227329731
v -0.06400799751281738 2.9977301196915107e-10 0.006858009845018387
v -0.06400799751281738 0.004447970073670149 0.009426039643585682
v -0.06400799751281738 2.9977301196915107e-10 0.006858009845018387
v -0.06400799751281738 0.0038614999502897263 0.010244499891996384
v -0.06400799751281738 0.004863500129431486 0.008508940227329731
v -0.06400799751281738 0.005092130042612553 0.007528400048613548
v -0.06400799751281738 2.9977301196915107e-10 0.006858009845018387
v -0.06400799751281738 2.9977301196915107e-10 0.006858009845018387
v -0.06400799751281738 0.005092130042612553 0.007528400048613548
v -0.06400799751281738 0.0051250699907541275 0.006522090174257755
v -0.06400799751281738 2.9977301196915107e-10 0.006858009845018387
v -0.06400799751281738 0.0051250699907541275 0.006522090174257755
v -0.06400799751281738 0.004961059894412756 0.005528689827769995
v -0.06400799751281738 0.004961059894412756 0.005528689827769995
v -0.06400799751281738 0.004606400150805712 0.00458637997508049
v -0.06400799751281738 2.9977301196915107e-10 0.006858009845018387
v -0.06400799751281738 2.9977301196915107e-10 0.006858009845018387
v -0.06400799751281738 0.004606400150805712 0.00458637997508049
v -0.06400799751281738 0.004074720200151205 0.003731359960511327
v -0.06400799751281738 2.9977301196915107e-10 0.006858009845018387
v -0.06400799751281738 0.004074720200151205 0.003731359960511327
v -0.06400799751281738 0.0033864500001072884 0.002996500115841627
v -0.06400799751281738 0.0033864500001072884 0.002996500115841627
v -0.06400799751281738 0.002568040043115616 0.0024100400041788816
v -0.06400799751281738 2.9977301196915107e-10 0.006858009845018387
v -0.06400799751281738 2.9977301196915107e-10 0.006858009845018387
v -0.06400799751281738 0.002568040043115616 0.0024100400041788816
v -0.06400799751281738 0.0016509400447830558 0.0019945099484175444
v -0.06400799751281738 2.9977301196915107e-10 0.006858009845018387
v -0.06400799751281738 0.0016509400447830558 0.0019945099484175444
v -0.06400799751281738 0.0006703920080326498 0.0017658700235188007
v -0.06400799751281738 0.0006703920080326498 0.0017658700235188007
v -0.06400799751281738 -0.0003359150141477585 0.001732929958961904
v -0.06400799751281738 2.9977301196915107e-10 0.006858009845018387
v -0.06400799751281738 2.9977301196915107e-10 0.006858009845018387
v -0.06400799751281738 -0.0003359150141477585 0.001732929958961904
v -0.06400799751281738 -0.001329310005530715 0.0018969400553032756
v -0.06400799751281738 2.9977301196915107e-10 0.006858009845018387
v -0.06400799751281738 -0.001329310005530715 0.0018969400553032756
v -0.06400799751281738 -0.0022716301027685404 0.0022515999153256416
v -0.06400799751281738 -0.0022716301027685404 0.0022515999153256416
v -0.06400799751281738 -0.0031266401056200266 0.002783290110528469
v -0.06400799751281738 2.9977301196915107e-10 0.006858009845018387
v -0.06400799751281738 2.9977301196915107e-10 0.006858009845018387
v -0.06400799751281738 -0.0031266401056200266 0.002783290110528469
v -0.06400799751281738 -0.0038614999502897263 0.003471560077741742
v -0.06400799751281738 2.9977301196915107e-10 0.006858009845018387
v -0.06400799751281738 -0.0038614999502897263 0.003471560077741742
v -0.06400799751281738 -0.004447970073670149 0.004289969801902771
v -0.06400799751281738 -0.004447970073670149 0.004289969801902771
v -0.06400799751281738 -0.004863500129431486 0.0052070701494812965
v -0.06400799751281738 2.9977301196915107e-10 0.006858009845018387
v -0.06400799751281738 2.9977301196915107e-10 0.006858009845018387
v -0.06400799751281738 -0.004863500129431486 0.0052070701494812965
v -0.06400799751281738 -0.005092130042612553 0.006187609862536192
v -0.06400799751281738 2.9977301196915107e-10 0.006858009845018387
v -0.06400799751281738 -0.005092130042612553 0.006187609862536192
v -0.06400799751281738 -0.0051250699907541275 0.007193920202553272
v -0.06400799751281738 -0.0051250699907541275 0.007193920202553272
v -0.06400799751281738 -0.004961059894412756 0.008187320083379745
v -0.06400799751281738 2.9977301196915107e-10 0.006858009845018387
v -0.06400799751281738 2.9977301196915107e-10 0.006858009845018387
v -0.06400799751281738 -0.004961059894412756 0.008187320083379745
v -0.06400799751281738 -0.004606400150805712 0.009129630401730537
v -0.06400799751281738 2.9977301196915107e-10 0.006858009845018387
v -0.06400799751281738 -0.004606400150805712 0.009129630401730537
v -0.06400799751281738 -0.004074720200151205 0.00998464971780777
v -0.06400799751281738 -0.004074720200151205 0.00998464971780777
v -0.06400799751281738 -0.0033864500001072884 0.010719499550759792
v -0.06400799751281738 2.9977301196915107e-10 0.006858009845018387
v -0.06400799751281738 2.9977301196915107e-10 0.006858009845018387
v -0.06400799751281738 -0.0033864500001072884 0.010719499550759792
v -0.06400799751281738 -0.0025680300313979387 0.01130599994212389
v -0.06400799751281738 2.9977301196915107e-10 0.006858009845018387
v -0.06400799751281738 -0.0025680300313979387 0.01130599994212389
v -0.06400799751281738 -0.0016509400447830558 0.01172150019556284
v -0.06400799751281738 -0.0016509400447830558 0.01172150019556284
v -0.06400799751281738 -0.0006703910185024142 0.011950099840760231
v -0.06400799751281738 2.9977301196915107e-10 0.006858009845018387
v -0.06400799751281738 2.9977301196915107e-10 0.006858009845018387
v -0.06400799751281738 -0.0006703910185024142 0.011950099840760231
v -0.06400799751281738 0.000335916003677994 0.011983100324869156
v -0.06400799751281738 0.001329310005530715 0.011819100007414818
v -0.06400799751281738 0.0022716301027685404 0.011464400216937065
v -0.06400799751281738 2.9977301196915107e-10 0.006858009845018387
v -0.06400799751281738 2.9977301196915107e-10 0.006858009845018387
v -0.06400799751281738 0.0022716301027685404 0.011464400216937065
v -0.06400799751281738 0.0031266401056200266 0.010932699777185917
v -0.06400799751281738 2.9977301196915107e-10 0.006858009845018387
v -0.06400799751281738 0.0031266401056200266 0.010932699777185917
v -0.06400799751281738 0.0038614999502897263 0.010244499891996384
v -0.06400799751281738 2.9977301196915107e-10 0.006858009845018387
v -0.06400799751281738 0.000335916003677994 0.011983100324869156
v -0.06400799751281738 0.001329310005530715 0.011819100007414818
v -0.05148389935493469 0.0030712599400430918 0.013842999935150146
v -0.05148309841752052 -0.0030710899736732244 0.013842999935150146
v -0.05157870054244995 0.0013099299976602197 0.013842999935150146
v -0.05111920088529587 0.006992870010435581 0.013842999935150146
v -0.05148309841752052 -0.0030710899736732244 0.013842999935150146
v -0.05148389935493469 0.0030712599400430918 0.013842999935150146
v -0.05111920088529587 0.006992870010435581 0.013842999935150146
v -0.05148389935493469 0.0030712599400430918 0.013842999935150146
v -0.0514214001595974 0.0042343297973275185 0.013842999935150146
v -0.05157870054244995 0.0013099299976602197 0.013842999935150146
v -0.05148309841752052 -0.0030710899736732244 0.013842999935150146
v -0.051569800823926926 -0.0016208100132644176 0.013842999935150146
v -0.05105400085449219 0.007453800179064274 0.013842999935150146
v -0.0513949990272522 -0.004543140064924955 0.013842999935150146
v -0.05148309841752052 -0.0030710899736732244 0.013842999935150146
v -0.05105400085449219 0.007453800179064274 0.013842999935150146
v -0.05148309841752052 -0.0030710899736732244 0.013842999935150146
v -0.05111920088529587 0.006992870010435581 0.013842999935150146
v -0.05105400085449219 -0.007453800179064274 0.013842999935150146
v -0.0513949990272522 -0.004543140064924955 0.013842999935150146
v -0.05105400085449219 0.007453800179064274 0.013842999935150146
v -0.005986240226775408 0.05121560022234917 0.015618699602782726
v -0.004180610179901123 0.05132079869508743 0.015618699602782726
v -0.004203780088573694 0.051617201417684555 0.0012921600136905909
v -0.05105400085449219 -0.008605480194091797 0.0035924699623137712
v -0.05073089897632599 -0.009165080264210701 0.015618699602782726
v -0.05105400085449219 -0.007453800179064274 0.013842999935150146
v -0.05105400085449219 -0.007453800179064274 0.013842999935150146
v -0.05073089897632599 -0.009165080264210701 0.015618699602782726
v -0.050780899822711945 -0.00895403977483511 0.015618699602782726
v -0.05105400085449219 -0.007453800179064274 0.013842999935150146
v -0.050780899822711945 -0.00895403977483511 0.015618699602782726
v -0.0513949990272522 -0.004543140064924955 0.013842999935150146
v -0.0513949990272522 -0.004543140064924955 0.013842999935150146
v -0.050780899822711945 -0.00895403977483511 0.015618699602782726
v -0.05146859958767891 -0.0030700000934302807 0.015618699602782726
v -0.0513949990272522 -0.004543140064924955 0.013842999935150146
v -0.05146859958767891 -0.0030700000934302807 0.015618699602782726
v -0.05148309841752052 -0.0030710899736732244 0.013842999935150146
v -0.05148309841752052 -0.0030710899736732244 0.013842999935150146
v -0.05146859958767891 -0.0030700000934302807 0.015618699602782726
v -0.05147700011730194 -0.002998190000653267 0.015618699602782726
v -0.05105400085449219 0.00884385034441948 0.001292170025408268
v -0.05105400085449219 0.007635040208697319 0.012325099669396877
v -0.05073089897632599 0.009165080264210701 0.015618699602782726
v -0.05073089897632599 0.009165080264210701 0.015618699602782726
v -0.05105400085449219 0.007635040208697319 0.012325099669396877
v -0.050780899822711945 0.00895403977483511 0.015618699602782726
v -0.05105400085449219 0.007635040208697319 0.012325099669396877
v -0.05105400085449219 0.007453800179064274 0.013842999935150146
v -0.050780899822711945 0.00895403977483511 0.015618699602782726
v -0.050780899822711945 0.00895403977483511 0.015618699602782726
v -0.05105400085449219 0.007453800179064274 0.013842999935150146
v -0.05111920088529587 0.006992870010435581 0.013842999935150146
v -0.050780899822711945 0.00895403977483511 0.015618699602782726
v -0.05111920088529587 0.006992870010435581 0.013842999935150146
v -0.05146859958767891 0.0030700000934302807 0.015618699602782726
v -0.05111920088529587 0.006992870010435581 0.013842999935150146
v -0.0514214001595974 0.0042343297973275185 0.013842999935150146
v -0.05146859958767891 0.0030700000934302807 0.015618699602782726
v -0.05146859958767891 0.0030700000934302807 0.015618699602782726
v -0.0514214001595974 0.0042343297973275185 0.013842999935150146
v -0.05148389935493469 0.0030712599400430918 0.013842999935150146
v -0.05146859958767891 0.0030700000934302807 0.015618699602782726
v -0.05148389935493469 0.0030712599400430918 0.013842999935150146
v -0.05147700011730194 0.002998200012370944 0.015618699602782726
v -0.05147700011730194 0.002998200012370944 0.015618699602782726
v -0.05148389935493469 0.0030712599400430918 0.013842999935150146
v -0.05157870054244995 0.0013099299976602197 0.013842999935150146
v -0.05147700011730194 0.002998200012370944 0.015618699602782726
v -0.05157870054244995 0.0013099299976602197 0.013842999935150146
v -0.05147700011730194 -0.002998190000653267 0.015618699602782726
v -0.05147700011730194 -0.002998190000653267 0.015618699602782726
v -0.05157870054244995 0.0013099299976602197 0.013842999935150146
v -0.051569800823926926 -0.0016208100132644176 0.013842999935150146
v -0.05147700011730194 -0.002998190000653267 0.015618699602782726
v -0.051569800823926926 -0.0016208100132644176 0.013842999935150146
v -0.05148309841752052 -0.0030710899736732244 0.013842999935150146
v -0.004203780088573694 0.051617201417684555 0.0012921600136905909
v -0.004180610179901123 0.05132079869508743 0.015618699602782726
v -0.0005955210071988404 0.05181090161204338 0.0012921600136905909
v -0.0005955210071988404 0.05181090161204338 0.0012921600136905909
v -0.004180610179901123 0.05132079869508743 0.015618699602782726
v 1.3654299912957413e-09 0.0515642985701561 0.015618699602782726
v -0.0005955210071988404 0.05181090161204338 0.0012921600136905909
v 1.3654299912957413e-09 0.0515642985701561 0.015618699602782726
v 1.1296499846658037e-10 0.05181429907679558 0.0012921600136905909
v 1.1296499846658037e-10 -0.05181429907679558 0.001292170025408268
v 1.3654299912957413e-09 -0.0515642985701561 0.015618699602782726
v -0.0005955210071988404 -0.05181090161204338 0.001292170025408268
v -0.0005955210071988404 -0.05181090161204338 0.001292170025408268
v 1.3654299912957413e-09 -0.0515642985701561 0.015618699602782726
v -0.004180610179901123 -0.05132079869508743 0.015618699602782726
v -0.004203780088573694 0.051617201417684555 0.0012921600136905909
v -0.004955200012773275 0.051576800644397736 0.0012921600136905909
v -0.005986240226775408 0.05121560022234917 0.015618699602782726
v -0.005986240226775408 0.05121560022234917 0.015618699602782726
v -0.004955200012773275 0.051576800644397736 0.0012921600136905909
v -0.009279699996113777 0.050976600497961044 0.0012921600136905909
v -0.005986240226775408 0.05121560022234917 0.015618699602782726
v -0.009279699996113777 0.050976600497961044 0.0012921600136905909
v -0.010252900421619415 0.050463300198316574 0.015618699602782726
v -0.010252900421619415 0.050463300198316574 0.015618699602782726
v -0.009279699996113777 0.050976600497961044 0.0012921600136905909
v -0.010307399556040764 0.050744399428367615 0.0012921600136905909
v -0.010252900421619415 0.050463300198316574 0.015618699602782726
v -0.010307399556040764 0.050744399428367615 0.0012921600136905909
v -0.01189150009304285 0.050174299627542496 0.015618699602782726
v -0.01189150009304285 0.050174299627542496 0.015618699602782726
v -0.010307399556040764 0.050744399428367615 0.0012921600136905909
v -0.013538300059735775 0.050014398992061615 0.0012921600136905909
v -0.01189150009304285 0.050174299627542496 0.015618699602782726
v -0.013538300059735775 0.050014398992061615 0.0012921600136905909
v -0.016180699691176414 0.04889019951224327 0.015618699602782726
v -0.016180699691176414 0.04889019951224327 0.015618699602782726
v -0.013538300059735775 0.050014398992061615 0.0012921600136905909
v -0.01626560091972351 0.04915130138397217 0.0012921600136905909
v -0.016180699691176414 0.04889019951224327 0.015618699602782726
v -0.01626560091972351 0.04915130138397217 0.0012921600136905909
v -0.017635999247431755 0.04845450073480606 0.015618699602782726
v -0.01626560091972351 0.04915130138397217 0.0012921600136905909
v -0.0177008006721735 0.0486970990896225 0.0012921600136905909
v -0.017635999247431755 0.04845450073480606 0.015618699602782726
v -0.017635999247431755 0.04845450073480606 0.015618699602782726
v -0.0177008006721735 0.0486970990896225 0.0012921600136905909
v -0.0217375997453928 0.04703399911522865 0.0012921600136905909
v -0.017635999247431755 0.04845450073480606 0.015618699602782726
v -0.0217375997453928 0.04703399911522865 0.0012921600136905909
v -0.021880000829696655 0.04662390053272247 0.015618699602782726
v -0.021880000829696655 0.04662390053272247 0.015618699602782726
v -0.0217375997453928 0.04703399911522865 0.0012921600136905909
v -0.022005299106240273 0.046896401792764664 0.0012921600136905909
v -0.021880000829696655 0.04662390053272247 0.015618699602782726
v -0.022005299106240273 0.046896401792764664 0.0012921600136905909
v -0.023142000660300255 0.04607950150966644 0.015618699602782726
v -0.023142000660300255 0.04607950150966644 0.015618699602782726
v -0.022005299106240273 0.046896401792764664 0.0012921600136905909
v -0.025620099157094955 0.04503700137138367 0.0012921600136905909
v -0.023142000660300255 0.04607950150966644 0.015618699602782726
v -0.025620099157094955 0.04503700137138367 0.0012921600136905909
v -0.02727009914815426 0.04369610175490379 0.015618699602782726
v -0.02727009914815426 0.04369610175490379 0.015618699602782726
v -0.025620099157094955 0.04503700137138367 0.0012921600136905909
v -0.02740659937262535 0.04391859844326973 0.001292170025408268
v -0.02727009914815426 0.04369610175490379 0.015618699602782726
v -0.02740659937262535 0.04391859844326973 0.001292170025408268
v -0.028334999457001686 0.04308129847049713 0.015618699602782726
v -0.028334999457001686 0.04308129847049713 0.015618699602782726
v -0.02740659937262535 0.04391859844326973 0.001292170025408268
v -0.029320700094103813 0.04272029921412468 0.001292170025408268
v -0.028334999457001686 0.04308129847049713 0.015618699602782726
v -0.029320700094103813 0.04272029921412468 0.001292170025408268
v -0.032274600118398666 0.04014839977025986 0.015618699602782726
v -0.032274600118398666 0.04014839977025986 0.015618699602782726
v -0.029320700094103813 0.04272029921412468 0.001292170025408268
v -0.03245190158486366 0.04037110134959221 0.001292170025408268
v -0.032274600118398666 0.04014839977025986 0.015618699602782726
v -0.03245190158486366 0.04037110134959221 0.001292170025408268
v -0.03314489871263504 0.03950050100684166 0.015618699602782726
v -0.03245190158486366 0.04037110134959221 0.001292170025408268
v -0.03281309828162193 0.04010019823908806 0.001292170025408268
v -0.03314489871263504 0.03950050100684166 0.015618699602782726
v -0.03314489871263504 0.03950050100684166 0.015618699602782726
v -0.03281309828162193 0.04010019823908806 0.001292170025408268
v -0.0360725000500679 0.03719539940357208 0.001292170025408268
v -0.03314489871263504 0.03950050100684166 0.015618699602782726
v -0.0360725000500679 0.03719539940357208 0.001292170025408268
v -0.0368225984275341 0.03603069856762886 0.015618699602782726
v -0.0368225984275341 0.03603069856762886 0.015618699602782726
v -0.0360725000500679 0.03719539940357208 0.001292170025408268
v -0.03700440004467964 0.03621210157871246 0.001292170025408268
v -0.0368225984275341 0.03603069856762886 0.015618699602782726
v -0.03700440004467964 0.03621210157871246 0.001292170025408268
v -0.03750649839639664 0.03538550063967705 0.015618699602782726
v -0.03750649839639664 0.03538550063967705 0.015618699602782726
v -0.03700440004467964 0.03621210157871246 0.001292170025408268
v -0.03907579928636551 0.03402649983763695 0.001292170025408268
v -0.03750649839639664 0.03538550063967705 0.015618699602782726
v -0.03907579928636551 0.03402649983763695 0.001292170025408268
v -0.04084949940443039 0.03140139952301979 0.015618699602782726
v -0.04084949940443039 0.03140139952301979 0.015618699602782726
v -0.03907579928636551 0.03402649983763695 0.001292170025408268
v -0.04104990139603615 0.03155669942498207 0.001292170025408268
v -0.04084949940443039 0.03140139952301979 0.015618699602782726
v -0.04104990139603615 0.03155669942498207 0.001292170025408268
v -0.041360899806022644 0.030791999772191048 0.015618699602782726
v -0.04939800128340721 0.014788799919188023 0.015618699602782726
v -0.050668299198150635 0.010837499983608723 0.001292170025408268
v -0.05073089897632599 0.009165080264210701 0.015618699602782726
v -0.05073089897632599 0.009165080264210701 0.015618699602782726
v -0.050668299198150635 0.010837499983608723 0.001292170025408268
v -0.05098289996385574 0.009211219847202301 0.001292170025408268
v -0.05073089897632599 0.009165080264210701 0.015618699602782726
v -0.05098289996385574 0.009211219847202301 0.001292170025408268
v -0.05105400085449219 0.00884385034441948 0.001292170025408268
v -0.04104990139603615 0.03155669942498207 0.001292170025408268
v -0.04180169850587845 0.030616100877523422 0.001292170025408268
v -0.041360899806022644 0.030791999772191048 0.015618699602782726
v -0.041360899806022644 0.030791999772191048 0.015618699602782726
v -0.04180169850587845 0.030616100877523422 0.001292170025408268
v -0.04423069953918457 0.026988200843334198 0.001292170025408268
v -0.041360899806022644 0.030791999772191048 0.015618699602782726
v -0.04423069953918457 0.026988200843334198 0.001292170025408268
v -0.04429829865694046 0.026325900107622147 0.015618699602782726
v -0.04429829865694046 0.026325900107622147 0.015618699602782726
v -0.04423069953918457 0.026988200843334198 0.001292170025408268
v -0.044522400945425034 0.02646159939467907 0.001292170025408268
v -0.04429829865694046 0.026325900107622147 0.015618699602782726
v -0.044522400945425034 0.02646159939467907 0.001292170025408268
v -0.044655900448560715 0.02578210085630417 0.015618699602782726
v -0.044655900448560715 0.02578210085630417 0.015618699602782726
v -0.044522400945425034 0.02646159939467907 0.001292170025408268
v -0.046345800161361694 0.02316880039870739 0.001292170025408268
v -0.044655900448560715 0.02578210085630417 0.015618699602782726
v -0.046345800161361694 0.02316880039870739 0.001292170025408268
v -0.047120001167058945 0.020875899121165276 0.015618699602782726
v -0.047120001167058945 0.020875899121165276 0.015618699602782726
v -0.046345800161361694 0.02316880039870739 0.001292170025408268
v -0.047331199049949646 0.020970700308680534 0.001292170025408268
v -0.047120001167058945 0.020875899121165276 0.015618699602782726
v -0.047331199049949646 0.020970700308680534 0.001292170025408268
v -0.04734709858894348 0.02042360045015812 0.015618699602782726
v -0.04734709858894348 0.02042360045015812 0.015618699602782726
v -0.047331199049949646 0.020970700308680534 0.001292170025408268
v -0.048131801187992096 0.01918479986488819 0.001292170025408268
v -0.04734709858894348 0.02042360045015812 0.015618699602782726
v -0.048131801187992096 0.01918479986488819 0.001292170025408268
v -0.04927439987659454 0.015128499828279018 0.015618699602782726
v -0.04927439987659454 0.015128499828279018 0.015618699602782726
v -0.048131801187992096 0.01918479986488819 0.001292170025408268
v -0.04952619969844818 0.015206599608063698 0.001292170025408268
v -0.04927439987659454 0.015128499828279018 0.015618699602782726
v -0.04952619969844818 0.015206599608063698 0.001292170025408268
v -0.04939800128340721 0.014788799919188023 0.015618699602782726
v -0.04939800128340721 0.014788799919188023 0.015618699602782726
v -0.04952619969844818 0.015206599608063698 0.001292170025408268
v -0.04957599937915802 0.015064599923789501 0.001292170025408268
v -0.04939800128340721 0.014788799919188023 0.015618699602782726
v -0.04957599937915802 0.015064599923789501 0.001292170025408268
v -0.050668299198150635 0.010837499983608723 0.001292170025408268
v -0.04927439987659454 -0.015128499828279018 0.015618699602782726
v -0.04939800128340721 -0.014788799919188023 0.015618699602782726
v -0.04957599937915802 -0.015064599923789501 0.001292170025408268
v -0.04957599937915802 -0.015064599923789501 0.001292170025408268
v -0.04939800128340721 -0.014788799919188023 0.015618699602782726
v -0.050668299198150635 -0.010837499983608723 0.001292170025408268
v -0.050668299198150635 -0.010837499983608723 0.001292170025408268
v -0.04939800128340721 -0.014788799919188023 0.015618699602782726
v -0.05073089897632599 -0.009165080264210701 0.015618699602782726
v -0.050668299198150635 -0.010837499983608723 0.001292170025408268
v -0.05073089897632599 -0.009165080264210701 0.015618699602782726
v -0.05098289996385574 -0.009211219847202301 0.001292170025408268
v -0.05098289996385574 -0.009211219847202301 0.001292170025408268
v -0.05073089897632599 -0.009165080264210701 0.015618699602782726
v -0.05105400085449219 -0.008605480194091797 0.0035924699623137712
v -0.05098289996385574 -0.009211219847202301 0.001292170025408268
v -0.05105400085449219 -0.008605480194091797 0.0035924699623137712
v -0.05105400085449219 -0.00884385034441948 0.001292170025408268
v -0.04957599937915802 -0.015064599923789501 0.001292170025408268
v -0.04952619969844818 -0.015206599608063698 0.001292170025408268
v -0.04927439987659454 -0.015128499828279018 0.015618699602782726
v -0.04927439987659454 -0.015128499828279018 0.015618699602782726
v -0.04952619969844818 -0.015206599608063698 0.001292170025408268
v -0.048131801187992096 -0.01918479986488819 0.001292170025408268
v -0.04927439987659454 -0.015128499828279018 0.015618699602782726
v -0.048131801187992096 -0.01918479986488819 0.001292170025408268
v -0.04734709858894348 -0.02042360045015812 0.015618699602782726
v -0.04734709858894348 -0.02042360045015812 0.015618699602782726
v -0.048131801187992096 -0.01918479986488819 0.001292170025408268
v -0.047331199049949646 -0.020970700308680534 0.001292170025408268
v -0.04734709858894348 -0.02042360045015812 0.015618699602782726
v -0.047331199049949646 -0.020970700308680534 0.001292170025408268
v -0.047120001167058945 -0.020875899121165276 0.015618699602782726
v -0.047120001167058945 -0.020875899121165276 0.015618699602782726
v -0.047331199049949646 -0.020970700308680534 0.001292170025408268
v -0.046345800161361694 -0.02316880039870739 0.001292170025408268
v -0.047120001167058945 -0.020875899121165276 0.015618699602782726
v -0.046345800161361694 -0.02316880039870739 0.001292170025408268
v -0.044655900448560715 -0.02578210085630417 0.015618699602782726
v -0.044655900448560715 -0.02578210085630417 0.015618699602782726
v -0.046345800161361694 -0.02316880039870739 0.001292170025408268
v -0.044522400945425034 -0.02646159939467907 0.001292170025408268
v -0.044655900448560715 -0.02578210085630417 0.015618699602782726
v -0.044522400945425034 -0.02646159939467907 0.001292170025408268
v -0.04429829865694046 -0.026325900107622147 0.015618699602782726
v -0.04429829865694046 -0.026325900107622147 0.015618699602782726
v -0.044522400945425034 -0.02646159939467907 0.001292170025408268
v -0.04423069953918457 -0.026988200843334198 0.001292170025408268
v -0.04429829865694046 -0.026325900107622147 0.015618699602782726
v -0.04423069953918457 -0.026988200843334198 0.001292170025408268
v -0.041360899806022644 -0.030791999772191048 0.015618699602782726
v -0.041360899806022644 -0.030791999772191048 0.015618699602782726
v -0.04423069953918457 -0.026988200843334198 0.001292170025408268
v -0.04180169850587845 -0.030616100877523422 0.001292170025408268
v -0.041360899806022644 -0.030791999772191048 0.015618699602782726
v -0.04180169850587845 -0.030616100877523422 0.001292170025408268
v -0.04084949940443039 -0.03140139952301979 0.015618699602782726
v -0.04180169850587845 -0.030616100877523422 0.001292170025408268
v -0.04104990139603615 -0.03155669942498207 0.001292170025408268
v -0.04084949940443039 -0.03140139952301979 0.015618699602782726
v -0.04084949940443039 -0.03140139952301979 0.015618699602782726
v -0.04104990139603615 -0.03155669942498207 0.001292170025408268
v -0.03907579928636551 -0.03402649983763695 0.001292170025408268
v -0.04084949940443039 -0.03140139952301979 0.015618699602782726
v -0.03907579928636551 -0.03402649983763695 0.001292170025408268
v -0.03750649839639664 -0.03538550063967705 0.015618699602782726
v -0.03750649839639664 -0.03538550063967705 0.015618699602782726
v -0.03907579928636551 -0.03402649983763695 0.001292170025408268
v -0.03700440004467964 -0.03621210157871246 0.001292170025408268
v -0.03750649839639664 -0.03538550063967705 0.015618699602782726
v -0.03700440004467964 -0.03621210157871246 0.001292170025408268
v -0.0368225984275341 -0.03603069856762886 0.015618699602782726
v -0.0368225984275341 -0.03603069856762886 0.015618699602782726
v -0.03700440004467964 -0.03621210157871246 0.001292170025408268
v -0.0360725000500679 -0.03719539940357208 0.001292170025408268
v -0.0368225984275341 -0.03603069856762886 0.015618699602782726
v -0.0360725000500679 -0.03719539940357208 0.001292170025408268
v -0.03314489871263504 -0.03950050100684166 0.015618699602782726
v -0.03314489871263504 -0.03950050100684166 0.015618699602782726
v -0.0360725000500679 -0.03719539940357208 0.001292170025408268
v -0.03281309828162193 -0.04010019823908806 0.001292170025408268
v -0.03314489871263504 -0.03950050100684166 0.015618699602782726
v -0.03281309828162193 -0.04010019823908806 0.001292170025408268
v -0.032274600118398666 -0.04014839977025986 0.015618699602782726
v -0.032274600118398666 -0.04014839977025986 0.015618699602782726
v -0.03281309828162193 -0.04010019823908806 0.001292170025408268
v -0.03245190158486366 -0.04037110134959221 0.001292170025408268
v -0.032274600118398666 -0.04014839977025986 0.015618699602782726
v -0.03245190158486366 -0.04037110134959221 0.001292170025408268
v -0.028334999457001686 -0.04308129847049713 0.015618699602782726
v -0.028334999457001686 -0.04308129847049713 0.015618699602782726
v -0.03245190158486366 -0.04037110134959221 0.001292170025408268
v -0.029320700094103813 -0.04272029921412468 0.001292170025408268
v -0.028334999457001686 -0.04308129847049713 0.015618699602782726
v -0.029320700094103813 -0.04272029921412468 0.001292170025408268
v -0.02727009914815426 -0.04369610175490379 0.015618699602782726
v -0.029320700094103813 -0.04272029921412468 0.001292170025408268
v -0.02740659937262535 -0.04391859844326973 0.001292170025408268
v -0.02727009914815426 -0.04369610175490379 0.015618699602782726
v -0.02727009914815426 -0.04369610175490379 0.015618699602782726
v -0.02740659937262535 -0.04391859844326973 0.001292170025408268
v -0.025620099157094955 -0.04503700137138367 0.001292170025408268
v -0.02727009914815426 -0.04369610175490379 0.015618699602782726
v -0.025620099157094955 -0.04503700137138367 0.001292170025408268
v -0.023142000660300255 -0.04607950150966644 0.015618699602782726
v -0.023142000660300255 -0.04607950150966644 0.015618699602782726
v -0.025620099157094955 -0.04503700137138367 0.001292170025408268
v -0.022005299106240273 -0.046896401792764664 0.001292170025408268
v -0.023142000660300255 -0.04607950150966644 0.015618699602782726
v -0.022005299106240273 -0.046896401792764664 0.001292170025408268
v -0.021880000829696655 -0.04662390053272247 0.015618699602782726
v -0.021880000829696655 -0.04662390053272247 0.015618699602782726
v -0.022005299106240273 -0.046896401792764664 0.001292170025408268
v -0.0217375997453928 -0.04703399911522865 0.001292170025408268
v -0.021880000829696655 -0.04662390053272247 0.015618699602782726
v -0.0217375997453928 -0.04703399911522865 0.001292170025408268
v -0.017635999247431755 -0.04845450073480606 0.015618699602782726
v -0.017635999247431755 -0.04845450073480606 0.015618699602782726
v -0.0217375997453928 -0.04703399911522865 0.001292170025408268
v -0.0177008006721735 -0.0486970990896225 0.001292170025408268
v -0.017635999247431755 -0.04845450073480606 0.015618699602782726
v -0.0177008006721735 -0.0486970990896225 0.001292170025408268
v -0.016180699691176414 -0.04889019951224327 0.015618699602782726
v -0.016180699691176414 -0.04889019951224327 0.015618699602782726
v -0.0177008006721735 -0.0486970990896225 0.001292170025408268
v -0.01626560091972351 -0.04915130138397217 0.001292170025408268
v -0.016180699691176414 -0.04889019951224327 0.015618699602782726
v -0.01626560091972351 -0.04915130138397217 0.001292170025408268
v -0.01189150009304285 -0.050174299627542496 0.015618699602782726
v -0.01189150009304285 -0.050174299627542496 0.015618699602782726
v -0.01626560091972351 -0.04915130138397217 0.001292170025408268
v -0.013538300059735775 -0.050014398992061615 0.001292170025408268
v -0.01189150009304285 -0.050174299627542496 0.015618699602782726
v -0.013538300059735775 -0.050014398992061615 0.001292170025408268
v -0.010252900421619415 -0.050463300198316574 0.015618699602782726
v -0.013538300059735775 -0.050014398992061615 0.001292170025408268
v -0.010307399556040764 -0.050744399428367615 0.001292170025408268
v -0.010252900421619415 -0.050463300198316574 0.015618699602782726
v -0.010252900421619415 -0.050463300198316574 0.015618699602782726
v -0.010307399556040764 -0.050744399428367615 0.001292170025408268
v -0.009279699996113777 -0.050976600497961044 0.001292170025408268
v -0.010252900421619415 -0.050463300198316574 0.015618699602782726
v -0.009279699996113777 -0.050976600497961044 0.001292170025408268
v -0.005986240226775408 -0.05121560022234917 0.015618699602782726
v -0.005986240226775408 -0.05121560022234917 0.015618699602782726
v -0.009279699996113777 -0.050976600497961044 0.001292170025408268
v -0.004955200012773275 -0.051576800644397736 0.001292170025408268
v -0.005986240226775408 -0.05121560022234917 0.015618699602782726
v -0.004955200012773275 -0.051576800644397736 0.001292170025408268
v -0.004180610179901123 -0.05132079869508743 0.015618699602782726
v -0.004180610179901123 -0.05132079869508743 0.015618699602782726
v -0.004955200012773275 -0.051576800644397736 0.001292170025408268
v -0.004203780088573694 -0.051617201417684555 0.001292170025408268
v -0.004180610179901123 -0.05132079869508743 0.015618699602782726
v -0.004203780088573694 -0.051617201417684555 0.001292170025408268
v -0.0005955210071988404 -0.05181090161204338 0.001292170025408268
v -0.05105400085449219 -0.0034000000450760126 0.006858000066131353
v -0.05105400085449219 -0.0033174799755215645 0.006111280061304569
v -0.05105400085449219 -0.008605480194091797 0.0035924699623137712
v -0.05105400085449219 -0.008605480194091797 0.0035924699623137712
v -0.05105400085449219 -0.003350029932335019 0.007442059926688671
v -0.05105400085449219 -0.0034000000450760126 0.006858000066131353
v -0.05105400085449219 -0.008605480194091797 0.0035924699623137712
v -0.05105400085449219 -0.0033174799755215645 0.006111280061304569
v -0.05105400085449219 -0.0030629599932581186 0.005381490103900433
v -0.05105400085449219 -0.008605480194091797 0.0035924699623137712
v -0.05105400085449219 -0.0030629599932581186 0.005381490103900433
v -0.05105400085449219 -0.00884385034441948 0.001292170025408268
v -0.05105400085449219 -0.007453800179064274 0.013842999935150146
v -0.05105400085449219 -0.0031612799502909184 0.008109530434012413
v -0.05105400085449219 -0.008605480194091797 0.0035924699623137712
v -0.05105400085449219 -0.008605480194091797 0.0035924699623137712
v -0.05105400085449219 -0.0031612799502909184 0.008109530434012413
v -0.05105400085449219 -0.003350029932335019 0.007442059926688671
v -0.05105400085449219 -0.0030629599932581186 0.005381490103900433
v -0.05105400085449219 -0.008844739757478237 0.0012804199941456318
v -0.05105400085449219 -0.00884385034441948 0.001292170025408268
v -0.05105400085449219 -0.0030629599932581186 0.005381490103900433
v -0.05105400085449219 -0.00884110014885664 0.0012283900287002325
v -0.05105400085449219 -0.008844739757478237 0.0012804199941456318
v -0.05105400085449219 -0.008821019902825356 0.0011677800212055445
v -0.05105400085449219 -0.00884110014885664 0.0012283900287002325
v -0.05105400085449219 -0.0030629599932581186 0.005381490103900433
v -0.05105400085449219 -0.0030629599932581186 0.005381490103900433
v -0.05105400085449219 -0.008779809810221195 0.0011023799888789654
v -0.05105400085449219 -0.008821019902825356 0.0011677800212055445
v -0.05105400085449219 -0.0030629599932581186 0.005381490103900433
v -0.05105400085449219 -0.00875462032854557 0.0010772199602797627
v -0.05105400085449219 -0.008779809810221195 0.0011023799888789654
v -0.05105400085449219 -0.008693169802427292 0.0010158199584111571
v -0.05105400085449219 -0.00875462032854557 0.0010772199602797627
v -0.05105400085449219 -0.0030629599932581186 0.005381490103900433
v -0.05105400085449219 -0.0030629599932581186 0.005381490103900433
v -0.05105400085449219 -0.008477290160953999 0.0008795909816399217
v -0.05105400085449219 -0.008693169802427292 0.0010158199584111571
v -0.05105400085449219 -0.0030629599932581186 0.005381490103900433
v -0.05105400085449219 -0.0081994803622365 0.0007747909985482693
v -0.05105400085449219 -0.008477290160953999 0.0008795909816399217
v -0.05105400085449219 -0.0030629599932581186 0.005381490103900433
v -0.05105400085449219 -0.007944620214402676 0.0006786509766243398
v -0.05105400085449219 -0.0081994803622365 0.0007747909985482693
v -0.05105400085449219 -0.002667590044438839 0.004749170038849115
v -0.05105400085449219 -0.007111249957233667 0.0005029260064475238
v -0.05105400085449219 -0.007944620214402676 0.0006786509766243398
v -0.05105400085449219 -0.002667590044438839 0.004749170038849115
v -0.05105400085449219 -0.007944620214402676 0.0006786509766243398
v -0.05105400085449219 -0.0030629599932581186 0.005381490103900433
v -0.05105400085449219 -0.006828969810158014 0.00044340500608086586
v -0.05105400085449219 -0.007111249957233667 0.0005029260064475238
v -0.05105400085449219 -0.002667590044438839 0.004749170038849115
v -0.05105400085449219 -0.002135510090738535 0.004211729858070612
v -0.05105400085449219 -0.0052535501308739185 0.0002778870111797005
v -0.05105400085449219 -0.002667590044438839 0.004749170038849115
v -0.05105400085449219 -0.002667590044438839 0.004749170038849115
v -0.05105400085449219 -0.0052535501308739185 0.0002778870111797005
v -0.05105400085449219 -0.006490109954029322 0.0004078029887750745
v -0.05105400085449219 -0.002667590044438839 0.004749170038849115
v -0.05105400085449219 -0.006490109954029322 0.0004078029887750745
v -0.05105400085449219 -0.006828969810158014 0.00044340500608086586
v -0.05105400085449219 -0.0015692500164732337 0.0038413500878959894
v -0.05105400085449219 -0.004897850099951029 0.00024051600485108793
v -0.05105400085449219 -0.002135510090738535 0.004211729858070612
v -0.05105400085449219 -0.002135510090738535 0.004211729858070612
v -0.05105400085449219 -0.004897850099951029 0.00024051600485108793
v -0.05105400085449219 -0.0052535501308739185 0.0002778870111797005
v -0.05105400085449219 -0.000897033023647964 0.0035780700854957104
v -0.05105400085449219 -0.0021528799552470446 0.00012733199400827289
v -0.05105400085449219 -0.0015692500164732337 0.0038413500878959894
v -0.05105400085449219 -0.0015692500164732337 0.0038413500878959894
v -0.05105400085449219 -0.0021528799552470446 0.00012733199400827289
v -0.05105400085449219 -0.004897850099951029 0.00024051600485108793
v -0.05105400085449219 -0.0001833440037444234 0.0034628401044756174
v -0.05105400085449219 -0.002142889890819788 0.00012692100426647812
v -0.05105400085449219 -0.000897033023647964 0.0035780700854957104
v -0.05105400085449219 -0.000897033023647964 0.0035780700854957104
v -0.05105400085449219 -0.002142889890819788 0.00012692100426647812
v -0.05105400085449219 -0.0021528799552470446 0.00012733199400827289
v -0.05105400085449219 0.0005676620057784021 0.0035051798913627863
v -0.05105400085449219 0.001624649972654879 0.00011791200086008757
v -0.05105400085449219 -0.0001833440037444234 0.0034628401044756174
v -0.05105400085449219 -0.0001833440037444234 0.0034628401044756174
v -0.05105400085449219 0.001624649972654879 0.00011791200086008757
v -0.05105400085449219 -0.002142889890819788 0.00012692100426647812
v -0.05105400085449219 0.001251520006917417 0.003696720115840435
v -0.05105400085449219 0.0021534000989049673 0.0001369139936286956
v -0.05105400085449219 0.0005676620057784021 0.0035051798913627863
v -0.05105400085449219 0.0005676620057784021 0.0035051798913627863
v -0.05105400085449219 0.0021534000989049673 0.0001369139936286956
v -0.05105400085449219 0.001624649972654879 0.00011791200086008757
v -0.05105400085449219 0.0018668200355023146 0.004015460144728422
v -0.05105400085449219 0.004731679800897837 0.00022957100009080023
v -0.05105400085449219 0.001251520006917417 0.003696720115840435
v -0.05105400085449219 0.001251520006917417 0.003696720115840435
v -0.05105400085449219 0.004731679800897837 0.00022957100009080023
v -0.05105400085449219 0.0021534000989049673 0.0001369139936286956
v -0.05105400085449219 0.002404160099104047 0.00445384019985795
v -0.05105400085449219 0.0052299401722848415 0.0002788460114970803
v -0.05105400085449219 0.0018668200355023146 0.004015460144728422
v -0.05105400085449219 0.0018668200355023146 0.004015460144728422
v -0.05105400085449219 0.0052299401722848415 0.0002788460114970803
v -0.05105400085449219 0.004731679800897837 0.00022957100009080023
v -0.05105400085449219 0.002842250047251582 0.004990740213543177
v -0.05105400085449219 0.006703900173306465 0.00042461499106138945
v -0.05105400085449219 0.002404160099104047 0.00445384019985795
v -0.05105400085449219 0.002404160099104047 0.00445384019985795
v -0.05105400085449219 0.006703900173306465 0.00042461499106138945
v -0.05105400085449219 0.006489879917353392 0.00040344998706132174
v -0.05105400085449219 0.002404160099104047 0.00445384019985795
v -0.05105400085449219 0.006489879917353392 0.00040344998706132174
v -0.05105400085449219 0.0052299401722848415 0.0002788460114970803
v -0.05105400085449219 0.002842250047251582 0.004990740213543177
v -0.05105400085449219 0.007100540213286877 0.0005036380025558174
v -0.05105400085449219 0.006703900173306465 0.00042461499106138945
v -0.05105400085449219 0.007863650098443031 0.0006556690204888582
v -0.05105400085449219 0.007100540213286877 0.0005036380025558174
v -0.05105400085449219 0.002842250047251582 0.004990740213543177
v -0.05105400085449219 0.002842250047251582 0.004990740213543177
v -0.05105400085449219 0.008187109604477882 0.0007755859987810254
v -0.05105400085449219 0.007863650098443031 0.0006556690204888582
v -0.05105400085449219 0.002842250047251582 0.004990740213543177
v -0.05105400085449219 0.008501759730279446 0.0008922420092858374
v -0.05105400085449219 0.008187109604477882 0.0007755859987810254
v -0.05105400085449219 0.002842250047251582 0.004990740213543177
v -0.05105400085449219 0.00869670044630766 0.00101865001488477
v -0.05105400085449219 0.008501759730279446 0.0008922420092858374
v -0.05105400085449219 0.008753679692745209 0.001077400054782629
v -0.05105400085449219 0.00869670044630766 0.00101865001488477
v -0.05105400085449219 0.002842250047251582 0.004990740213543177
v -0.05105400085449219 0.002842250047251582 0.004990740213543177
v -0.05105400085449219 0.00878577958792448 0.0011105099692940712
v -0.05105400085449219 0.008753679692745209 0.001077400054782629
v -0.05105400085449219 0.008825870230793953 0.0011790599673986435
v -0.05105400085449219 0.00878577958792448 0.0011105099692940712
v -0.05105400085449219 0.002842250047251582 0.004990740213543177
v -0.05105400085449219 0.002842250047251582 0.004990740213543177
v -0.05105400085449219 0.00884220004081726 0.001235150033608079
v -0.05105400085449219 0.008825870230793953 0.0011790599673986435
v -0.05105400085449219 0.002842250047251582 0.004990740213543177
v -0.05105400085449219 0.00884385034441948 0.001292170025408268
v -0.05105400085449219 0.00884220004081726 0.001235150033608079
v -0.05105400085449219 0.0034000000450760126 0.006858000066131353
v -0.05105400085449219 0.007635040208697319 0.012325099669396877
v -0.05105400085449219 0.00884385034441948 0.001292170025408268
v -0.05105400085449219 0.0034000000450760126 0.006858000066131353
v -0.05105400085449219 0.00884385034441948 0.001292170025408268
v -0.05105400085449219 0.003350029932335019 0.006273949984461069
v -0.05105400085449219 0.003350029932335019 0.006273949984461069
v -0.05105400085449219 0.00884385034441948 0.001292170025408268
v -0.05105400085449219 0.0031612799502909184 0.0056064799427986145
v -0.05105400085449219 0.0031612799502909184 0.0056064799427986145
v -0.05105400085449219 0.00884385034441948 0.001292170025408268
v -0.05105400085449219 0.002842250047251582 0.004990740213543177
v -0.05105400085449219 0.0033174799755215645 0.007604729849845171
v -0.05105400085449219 0.007635040208697319 0.012325099669396877
v -0.05105400085449219 0.0034000000450760126 0.006858000066131353
v -0.05105400085449219 0.0033174799755215645 0.007604729849845171
v -0.05105400085449219 0.0030629700049757957 0.008334520272910595
v -0.05105400085449219 0.007635040208697319 0.012325099669396877
v -0.05105400085449219 0.007635040208697319 0.012325099669396877
v -0.05105400085449219 0.0030629700049757957 0.008334520272910595
v -0.05105400085449219 0.002667590044438839 0.008966839872300625
v -0.05105400085449219 0.007635040208697319 0.012325099669396877
v -0.05105400085449219 0.002667590044438839 0.008966839872300625
v -0.05105400085449219 0.007453800179064274 0.013842999935150146
v -0.05105400085449219 0.007453800179064274 0.013842999935150146
v -0.05105400085449219 0.002667590044438839 0.008966839872300625
v -0.05105400085449219 0.002135510090738535 0.009504269808530807
v -0.05105400085449219 0.0001833440037444234 0.010253200307488441
v -0.05105400085449219 -0.007453800179064274 0.013842999935150146
v -0.05105400085449219 0.007453800179064274 0.013842999935150146
v -0.05105400085449219 0.0001833440037444234 0.010253200307488441
v -0.05105400085449219 0.007453800179064274 0.013842999935150146
v -0.05105400085449219 0.0008970340131781995 0.010137899778783321
v -0.05105400085449219 0.0008970340131781995 0.010137899778783321
v -0.05105400085449219 0.007453800179064274 0.013842999935150146
v -0.05105400085449219 0.0015692500164732337 0.009874650277197361
v -0.05105400085449219 0.007453800179064274 0.013842999935150146
v -0.05105400085449219 0.002135510090738535 0.009504269808530807
v -0.05105400085449219 0.0015692500164732337 0.009874650277197361
v -0.05105400085449219 -0.0005676610162481666 0.010210799984633923
v -0.05105400085449219 -0.007453800179064274 0.013842999935150146
v -0.05105400085449219 0.0001833440037444234 0.010253200307488441
v -0.05105400085449219 -0.0005676610162481666 0.010210799984633923
v -0.05105400085449219 -0.001251520006917417 0.010019299574196339
v -0.05105400085449219 -0.007453800179064274 0.013842999935150146
v -0.05105400085449219 -0.007453800179064274 0.013842999935150146
v -0.05105400085449219 -0.001251520006917417 0.010019299574196339
v -0.05105400085449219 -0.0018668200355023146 0.009700549766421318
v -0.05105400085449219 -0.007453800179064274 0.013842999935150146
v -0.05105400085449219 -0.0018668200355023146 0.009700549766421318
v -0.05105400085449219 -0.002404160099104047 0.00926216971129179
v -0.05105400085449219 -0.002404160099104047 0.00926216971129179
v -0.05105400085449219 -0.002842250047251582 0.008725269697606564
v -0.05105400085449219 -0.007453800179064274 0.013842999935150146
v -0.05105400085449219 -0.007453800179064274 0.013842999935150146
v -0.05105400085449219 -0.002842250047251582 0.008725269697606564
v -0.05105400085449219 -0.0031612799502909184 0.008109530434012413
v 1.1296499846658037e-10 -0.05181429907679558 0.001292170025408268
v 0.004278790205717087 -0.051637399941682816 0.001292170025408268
v 1.3654299912957413e-09 -0.0515642985701561 0.015618699602782726
v 1.3654299912957413e-09 -0.0515642985701561 0.015618699602782726
v 0.004278790205717087 -0.051637399941682816 0.001292170025408268
v 0.005986240226775408 -0.05121560022234917 0.015618699602782726
v 0.004278790205717087 -0.051637399941682816 0.001292170025408268
v 0.006009989883750677 -0.051421601325273514 0.001292170025408268
v 0.005986240226775408 -0.05121560022234917 0.015618699602782726
v 0.005986240226775408 -0.05121560022234917 0.015618699602782726
v 0.006009989883750677 -0.051421601325273514 0.001292170025408268
v 0.008528360165655613 -0.05110760033130646 0.001292170025408268
v 0.005986240226775408 -0.05121560022234917 0.015618699602782726
v 0.008528360165655613 -0.05110760033130646 0.001292170025408268
v 0.01189150009304285 -0.050174299627542496 0.015618699602782726
v 0.01682410016655922 -0.04900690168142319 0.001292170025408268
v 0.017635999247431755 -0.04845450073480606 0.015618699602782726
v 0.012719700112938881 -0.050228800624608994 0.001292170025408268
v 0.012719700112938881 -0.050228800624608994 0.001292170025408268
v 0.017635999247431755 -0.04845450073480606 0.015618699602782726
v 0.01189150009304285 -0.050174299627542496 0.015618699602782726
v 0.012719700112938881 -0.050228800624608994 0.001292170025408268
v 0.01189150009304285 -0.050174299627542496 0.015618699602782726
v 0.011943699792027473 -0.05039149895310402 0.001292170025408268
v 0.011943699792027473 -0.05039149895310402 0.001292170025408268
v 0.01189150009304285 -0.050174299627542496 0.015618699602782726
v 0.008528360165655613 -0.05110760033130646 0.001292170025408268
v 0.023236099630594254 -0.04626590013504028 0.0012921600136905909
v 0.023142000660300255 -0.04607950150966644 0.015618699602782726
v 0.020813599228858948 -0.04745019972324371 0.0012921600136905909
v 0.023236099630594254 -0.04626590013504028 0.0012921600136905909
v 0.024660900235176086 -0.04556930065155029 0.0012921600136905909
v 0.023142000660300255 -0.04607950150966644 0.015618699602782726
v 0.020813599228858948 -0.04745019972324371 0.0012921600136905909
v 0.023142000660300255 -0.04607950150966644 0.015618699602782726
v 0.017635999247431755 -0.04845450073480606 0.015618699602782726
v 0.020813599228858948 -0.04745019972324371 0.0012921600136905909
v 0.017635999247431755 -0.04845450073480606 0.015618699602782726
v 0.017710400745272636 -0.0486610010266304 0.001292170025408268
v 0.017710400745272636 -0.0486610010266304 0.001292170025408268
v 0.017635999247431755 -0.04845450073480606 0.015618699602782726
v 0.01682410016655922 -0.04900690168142319 0.001292170025408268
v 0.023142000660300255 -0.04607950150966644 0.015618699602782726
v 0.024660900235176086 -0.04556930065155029 0.0012921600136905909
v 0.028339700773358345 -0.04337719827890396 0.0012921600136905909
v 0.023142000660300255 -0.04607950150966644 0.015618699602782726
v 0.028339700773358345 -0.04337719827890396 0.0012921600136905909
v 0.028334999457001686 -0.04308129847049713 0.015618699602782726
v 0.028339700773358345 -0.04337719827890396 0.0012921600136905909
v 0.028468800708651543 -0.043285101652145386 0.0012921600136905909
v 0.028334999457001686 -0.04308129847049713 0.015618699602782726
v 0.028334999457001686 -0.04308129847049713 0.015618699602782726
v 0.028468800708651543 -0.043285101652145386 0.0012921600136905909
v 0.031824998557567596 -0.04088880121707916 0.0012921600136905909
v 0.028334999457001686 -0.04308129847049713 0.015618699602782726
v 0.031824998557567596 -0.04088880121707916 0.0012921600136905909
v 0.03314489871263504 -0.03950050100684166 0.015618699602782726
v 0.031824998557567596 -0.04088880121707916 0.0012921600136905909
v 0.033277299255132675 -0.03965869918465614 0.0012921600136905909
v 0.03314489871263504 -0.03950050100684166 0.015618699602782726
v 0.03314489871263504 -0.03950050100684166 0.015618699602782726
v 0.033277299255132675 -0.03965869918465614 0.0012921600136905909
v 0.035092901438474655 -0.038120999932289124 0.0012921600136905909
v 0.03314489871263504 -0.03950050100684166 0.015618699602782726
v 0.035092901438474655 -0.038120999932289124 0.0012921600136905909
v 0.03750649839639664 -0.03538550063967705 0.015618699602782726
v 0.04088880121707916 -0.031824998557567596 0.0012921600136905909
v 0.041360899806022644 -0.030791999772191048 0.015618699602782726
v 0.038120999932289124 -0.035092901438474655 0.0012921600136905909
v 0.038120999932289124 -0.035092901438474655 0.0012921600136905909
v 0.041360899806022644 -0.030791999772191048 0.015618699602782726
v 0.03750649839639664 -0.03538550063967705 0.015618699602782726
v 0.038120999932289124 -0.035092901438474655 0.0012921600136905909
v 0.03750649839639664 -0.03538550063967705 0.015618699602782726
v 0.03767260164022446 -0.03554140031337738 0.0012921600136905909
v 0.03767260164022446 -0.03554140031337738 0.0012921600136905909
v 0.03750649839639664 -0.03538550063967705 0.015618699602782726
v 0.035092901438474655 -0.038120999932289124 0.0012921600136905909
v 0.04483870044350624 -0.02588699944317341 0.0012921600136905909
v 0.044655900448560715 -0.02578210085630417 0.015618699602782726
v 0.04337719827890396 -0.028339799493551254 0.0012921600136905909
v 0.04483870044350624 -0.02588699944317341 0.0012921600136905909
v 0.04556930065155029 -0.024660900235176086 0.0012921600136905909
v 0.044655900448560715 -0.02578210085630417 0.015618699602782726
v 0.04337719827890396 -0.028339799493551254 0.0012921600136905909
v 0.044655900448560715 -0.02578210085630417 0.015618699602782726
v 0.041360899806022644 -0.030791999772191048 0.015618699602782726
v 0.04337719827890396 -0.028339799493551254 0.0012921600136905909
v 0.041360899806022644 -0.030791999772191048 0.015618699602782726
v 0.04153380170464516 -0.03092160075902939 0.0012921600136905909
v 0.04153380170464516 -0.03092160075902939 0.0012921600136905909
v 0.041360899806022644 -0.030791999772191048 0.015618699602782726
v 0.04088880121707916 -0.031824998557567596 0.0012921600136905909
v 0.044655900448560715 -0.02578210085630417 0.015618699602782726
v 0.04556930065155029 -0.024660900235176086 0.0012921600136905909
v 0.04745019972324371 -0.020813599228858948 0.0012921600136905909
v 0.044655900448560715 -0.02578210085630417 0.015618699602782726
v 0.04745019972324371 -0.020813599228858948 0.0012921600136905909
v 0.04734709858894348 -0.02042360045015812 0.015618699602782726
v 0.04745019972324371 -0.020813599228858948 0.0012921600136905909
v 0.04756540060043335 -0.02051820047199726 0.0012921600136905909
v 0.04734709858894348 -0.02042360045015812 0.015618699602782726
v 0.04734709858894348 -0.02042360045015812 0.015618699602782726
v 0.04756540060043335 -0.02051820047199726 0.0012921600136905909
v 0.04900690168142319 -0.01682410016655922 0.0012921600136905909
v 0.04734709858894348 -0.02042360045015812 0.015618699602782726
v 0.04900690168142319 -0.01682410016655922 0.0012921600136905909
v 0.04939800128340721 -0.014788799919188023 0.015618699602782726
v 0.04900690168142319 -0.01682410016655922 0.0012921600136905909
v 0.04959519952535629 -0.014847899787127972 0.0012921600136905909
v 0.04939800128340721 -0.014788799919188023 0.015618699602782726
v 0.04939800128340721 -0.014788799919188023 0.015618699602782726
v 0.04959519952535629 -0.014847899787127972 0.0012921600136905909
v 0.050228800624608994 -0.012719700112938881 0.0012921600136905909
v 0.04939800128340721 -0.014788799919188023 0.015618699602782726
v 0.050228800624608994 -0.012719700112938881 0.0012921600136905909
v 0.050780899822711945 -0.00895403977483511 0.015618699602782726
v 0.05163729935884476 -0.004278790205717087 0.0012921600136905909
v 0.05147700011730194 -0.002998190000653267 0.015618699602782726
v 0.05110760033130646 -0.008528360165655613 0.0012921600136905909
v 0.05110760033130646 -0.008528360165655613 0.0012921600136905909
v 0.05147700011730194 -0.002998190000653267 0.015618699602782726
v 0.050780899822711945 -0.00895403977483511 0.015618699602782726
v 0.05110760033130646 -0.008528360165655613 0.0012921600136905909
v 0.050780899822711945 -0.00895403977483511 0.015618699602782726
v 0.051010001450777054 -0.00899387989193201 0.0012921600136905909
v 0.051010001450777054 -0.00899387989193201 0.0012921600136905909
v 0.050780899822711945 -0.00895403977483511 0.015618699602782726
v 0.050228800624608994 -0.012719700112938881 0.0012921600136905909
v 0.05168979987502098 0.0030112098902463913 0.0012921600136905909
v 0.05147700011730194 0.002998200012370944 0.015618699602782726
v 0.05181429907679558 5.648210024689071e-11 0.0012921600136905909
v 0.05168979987502098 0.0030112098902463913 0.0012921600136905909
v 0.05163729935884476 0.004278790205717087 0.0012921600136905909
v 0.05147700011730194 0.002998200012370944 0.015618699602782726
v 0.05181429907679558 5.648210024689071e-11 0.0012921600136905909
v 0.05147700011730194 0.002998200012370944 0.015618699602782726
v 0.05147700011730194 -0.002998190000653267 0.015618699602782726
v 0.05181429907679558 5.648210024689071e-11 0.0012921600136905909
v 0.05147700011730194 -0.002998190000653267 0.015618699602782726
v 0.05168979987502098 -0.0030112098902463913 0.0012921600136905909
v 0.05168979987502098 -0.0030112098902463913 0.0012921600136905909
v 0.05147700011730194 -0.002998190000653267 0.015618699602782726
v 0.05163729935884476 -0.004278790205717087 0.0012921600136905909
v 0.05147700011730194 0.002998200012370944 0.015618699602782726
v 0.05163729935884476 0.004278790205717087 0.0012921600136905909
v 0.05110760033130646 0.008528360165655613 0.0012921600136905909
v 0.05147700011730194 0.002998200012370944 0.015618699602782726
v 0.05110760033130646 0.008528360165655613 0.0012921600136905909
v 0.050780899822711945 0.00895403977483511 0.015618699602782726
v 0.05110760033130646 0.008528360165655613 0.0012921600136905909
v 0.051010001450777054 0.00899387989193201 0.0012921600136905909
v 0.050780899822711945 0.00895403977483511 0.015618699602782726
v 0.050780899822711945 0.00895403977483511 0.015618699602782726
v 0.051010001450777054 0.00899387989193201 0.0012921600136905909
v 0.050228800624608994 0.012719700112938881 0.0012921600136905909
v 0.050780899822711945 0.00895403977483511 0.015618699602782726
v 0.050228800624608994 0.012719700112938881 0.0012921600136905909
v 0.04939800128340721 0.014788799919188023 0.015618699602782726
v 0.050228800624608994 0.012719700112938881 0.0012921600136905909
v 0.04959519952535629 0.014847899787127972 0.0012921600136905909
v 0.04939800128340721 0.014788799919188023 0.015618699602782726
v 0.04939800128340721 0.014788799919188023 0.015618699602782726
v 0.04959519952535629 0.014847899787127972 0.0012921600136905909
v 0.04900690168142319 0.01682410016655922 0.0012921600136905909
v 0.04939800128340721 0.014788799919188023 0.015618699602782726
v 0.04900690168142319 0.01682410016655922 0.0012921600136905909
v 0.04734709858894348 0.02042360045015812 0.015618699602782726
v 0.04556930065155029 0.024660900235176086 0.0012921600136905909
v 0.044655900448560715 0.02578210085630417 0.015618699602782726
v 0.04745019972324371 0.020813599228858948 0.0012921600136905909
v 0.04745019972324371 0.020813599228858948 0.0012921600136905909
v 0.044655900448560715 0.02578210085630417 0.015618699602782726
v 0.04734709858894348 0.02042360045015812 0.015618699602782726
v 0.04745019972324371 0.020813599228858948 0.0012921600136905909
v 0.04734709858894348 0.02042360045015812 0.015618699602782726
v 0.04756540060043335 0.02051820047199726 0.0012921600136905909
v 0.04756540060043335 0.02051820047199726 0.0012921600136905909
v 0.04734709858894348 0.02042360045015812 0.015618699602782726
v 0.04900690168142319 0.01682410016655922 0.0012921600136905909
v 0.04153380170464516 0.03092160075902939 0.0012921600136905909
v 0.041360899806022644 0.030791999772191048 0.015618699602782726
v 0.04337719827890396 0.028339799493551254 0.0012921600136905909
v 0.04153380170464516 0.03092160075902939 0.0012921600136905909
v 0.04088880121707916 0.031824998557567596 0.0012921600136905909
v 0.041360899806022644 0.030791999772191048 0.015618699602782726
v 0.04337719827890396 0.028339799493551254 0.0012921600136905909
v 0.041360899806022644 0.030791999772191048 0.015618699602782726
v 0.044655900448560715 0.02578210085630417 0.015618699602782726
v 0.04337719827890396 0.028339799493551254 0.0012921600136905909
v 0.044655900448560715 0.02578210085630417 0.015618699602782726
v 0.04483870044350624 0.02588699944317341 0.0012921600136905909
v 0.04483870044350624 0.02588699944317341 0.0012921600136905909
v 0.044655900448560715 0.02578210085630417 0.015618699602782726
v 0.04556930065155029 0.024660900235176086 0.0012921600136905909
v 0.041360899806022644 0.030791999772191048 0.015618699602782726
v 0.04088880121707916 0.031824998557567596 0.0012921600136905909
v 0.038120999932289124 0.035092901438474655 0.0012921600136905909
v 0.041360899806022644 0.030791999772191048 0.015618699602782726
v 0.038120999932289124 0.035092901438474655 0.0012921600136905909
v 0.03750649839639664 0.03538550063967705 0.015618699602782726
v 0.038120999932289124 0.035092901438474655 0.0012921600136905909
v 0.03767260164022446 0.03554140031337738 0.0012921600136905909
v 0.03750649839639664 0.03538550063967705 0.015618699602782726
v 0.03750649839639664 0.03538550063967705 0.015618699602782726
v 0.03767260164022446 0.03554140031337738 0.0012921600136905909
v 0.035092901438474655 0.038120999932289124 0.0012921600136905909
v 0.03750649839639664 0.03538550063967705 0.015618699602782726
v 0.035092901438474655 0.038120999932289124 0.0012921600136905909
v 0.03314489871263504 0.03950050100684166 0.015618699602782726
v 0.035092901438474655 0.038120999932289124 0.0012921600136905909
v 0.033277299255132675 0.03965869918465614 0.0012921600136905909
v 0.03314489871263504 0.03950050100684166 0.015618699602782726
v 0.03314489871263504 0.03950050100684166 0.015618699602782726
v 0.033277299255132675 0.03965869918465614 0.0012921600136905909
v 0.031824998557567596 0.04088880121707916 0.0012921600136905909
v 0.03314489871263504 0.03950050100684166 0.015618699602782726
v 0.031824998557567596 0.04088880121707916 0.0012921600136905909
v 0.028334999457001686 0.04308129847049713 0.015618699602782726
v 0.024660900235176086 0.04556930065155029 0.0012921600136905909
v 0.023142000660300255 0.04607950150966644 0.015618699602782726
v 0.028339700773358345 0.04337719827890396 0.0012921600136905909
v 0.028339700773358345 0.04337719827890396 0.0012921600136905909
v 0.023142000660300255 0.04607950150966644 0.015618699602782726
v 0.028334999457001686 0.04308129847049713 0.015618699602782726
v 0.028339700773358345 0.04337719827890396 0.0012921600136905909
v 0.028334999457001686 0.04308129847049713 0.015618699602782726
v 0.028468800708651543 0.043285101652145386 0.0012921600136905909
v 0.028468800708651543 0.043285101652145386 0.0012921600136905909
v 0.028334999457001686 0.04308129847049713 0.015618699602782726
v 0.031824998557567596 0.04088880121707916 0.0012921600136905909
v 0.017710400745272636 0.0486610010266304 0.0012921600136905909
v 0.017635999247431755 0.04845450073480606 0.015618699602782726
v 0.020813599228858948 0.04745019972324371 0.0012921600136905909
v 0.017710400745272636 0.0486610010266304 0.0012921600136905909
v 0.01682410016655922 0.04900690168142319 0.0012921600136905909
v 0.017635999247431755 0.04845450073480606 0.015618699602782726
v 0.020813599228858948 0.04745019972324371 0.0012921600136905909
v 0.017635999247431755 0.04845450073480606 0.015618699602782726
v 0.023142000660300255 0.04607950150966644 0.015618699602782726
v 0.020813599228858948 0.04745019972324371 0.0012921600136905909
v 0.023142000660300255 0.04607950150966644 0.015618699602782726
v 0.023236099630594254 0.04626590013504028 0.0012921600136905909
v 0.023236099630594254 0.04626590013504028 0.0012921600136905909
v 0.023142000660300255 0.04607950150966644 0.015618699602782726
v 0.024660900235176086 0.04556930065155029 0.0012921600136905909
v 0.017635999247431755 0.04845450073480606 0.015618699602782726
v 0.01682410016655922 0.04900690168142319 0.0012921600136905909
v 0.012719700112938881 0.050228800624608994 0.0012921600136905909
v 0.017635999247431755 0.04845450073480606 0.015618699602782726
v 0.012719700112938881 0.050228800624608994 0.0012921600136905909
v 0.01189150009304285 0.050174299627542496 0.015618699602782726
v 0.012719700112938881 0.050228800624608994 0.0012921600136905909
v 0.011943699792027473 0.05039149895310402 0.0012921600136905909
v 0.01189150009304285 0.050174299627542496 0.015618699602782726
v 0.01189150009304285 0.050174299627542496 0.015618699602782726
v 0.011943699792027473 0.05039149895310402 0.0012921600136905909
v 0.008528360165655613 0.05110760033130646 0.0012921600136905909
v 0.01189150009304285 0.050174299627542496 0.015618699602782726
v 0.008528360165655613 0.05110760033130646 0.0012921600136905909
v 0.005986240226775408 0.05121560022234917 0.015618699602782726
v 1.1296499846658037e-10 0.05181429907679558 0.0012921600136905909
v 1.3654299912957413e-09 0.0515642985701561 0.015618699602782726
v 0.004278790205717087 0.051637399941682816 0.0012921600136905909
v 0.004278790205717087 0.051637399941682816 0.0012921600136905909
v 1.3654299912957413e-09 0.0515642985701561 0.015618699602782726
v 0.005986240226775408 0.05121560022234917 0.015618699602782726
v 0.004278790205717087 0.051637399941682816 0.0012921600136905909
v 0.005986240226775408 0.05121560022234917 0.015618699602782726
v 0.006009989883750677 0.051421601325273514 0.0012921600136905909
v 0.006009989883750677 0.051421601325273514 0.0012921600136905909
v 0.005986240226775408 0.05121560022234917 0.015618699602782726
v 0.008528360165655613 0.05110760033130646 0.0012921600136905909
v -0.05105400085449219 -0.007944620214402676 0.0006786509766243398
v -0.05105400085449219 -0.007111249957233667 0.0005029260064475238
v -0.05041379854083061 -0.010783099569380283 0.0004995180061087012
v -0.05105400085449219 -0.006828969810158014 0.00044340500608086586
v -0.05105400085449219 -0.006490109954029322 0.0004078029887750745
v -0.05092279985547066 -0.0064726900309324265 0.00027402600971981883
v -0.05105400085449219 -0.006490109954029322 0.0004078029887750745
v -0.05105400085449219 -0.0052535501308739185 0.0002778870111797005
v -0.05092279985547066 -0.0064726900309324265 0.00027402600971981883
v -0.05105400085449219 0.006489879917353392 0.00040344998706132174
v -0.05092279985547066 0.0064726900309324265 0.00027402499108575284
v -0.05105400085449219 0.0052299401722848415 0.0002788460114970803
v -0.05105400085449219 0.006703900173306465 0.00042461499106138945
v -0.05092279985547066 0.0064726900309324265 0.00027402499108575284
v -0.05105400085449219 0.006489879917353392 0.00040344998706132174
v -0.05105400085449219 0.00869670044630766 0.00101865001488477
v -0.05105400085449219 0.008753679692745209 0.001077400054782629
v -0.05065400153398514 0.010834500193595886 0.0010768099455162883
v -0.05105400085449219 0.008753679692745209 0.001077400054782629
v -0.05105400085449219 0.00878577958792448 0.0011105099692940712
v -0.05065400153398514 0.010834500193595886 0.0010768099455162883
v 8.794309724891036e-11 0.05178679898381233 0.001005950034596026
v 6.410490194230789e-11 0.05169549956917763 0.0007332729874178767
v -0.0005943580181337893 0.051709700375795364 0.0007727490155957639
v 4.267190073514726e-11 0.05154529958963394 0.00048810799489729106
v 2.4742798088173146e-11 0.05134379863739014 0.0002830220037139952
v -0.0005899840034544468 0.051329098641872406 0.00027401899569667876
v 1.1236599324615515e-11 0.05110130086541176 0.0001285290054511279
v 9.98114958739027e-12 0.05106069892644882 0.00011416900088079274
v -0.0005868760053999722 0.05105869844555855 0.00011024600098608062
v 9.98114958739027e-12 0.05106069892644882 0.00011416900088079274
v 2.8456100323315248e-12 0.05083020031452179 3.254779949202202e-05
v -0.0005868760053999722 0.05105869844555855 0.00011024600098608062
v 2.8456100323315248e-12 0.05083020031452179 3.254779949202202e-05
v 2.1353500564980088e-12 0.05075889825820923 2.4423397917416878e-05
v -0.0005833990289829671 0.05075620114803314 1.8341599570703693e-05
v 2.8456100323315248e-12 -0.05083020031452179 3.2552197808399796e-05
v 1.1236599324615515e-11 -0.05110130086541176 0.00012853399675805122
v -0.0005868760053999722 -0.05105869844555855 0.00011025099956896156
v 2.4742798088173146e-11 -0.05134379863739014 0.0002830270095728338
v 4.267190073514726e-11 -0.05154529958963394 0.0004881120112258941
v -0.0005925309960730374 -0.05155070126056671 0.0004995160270482302
v 6.410490194230789e-11 -0.05169549956917763 0.0007332770037464797
v 6.767150034781011e-11 -0.05170920118689537 0.0007740739965811372
v -0.0005943580181337893 -0.051709700375795364 0.0007727540214546025
v 8.794309724891036e-11 -0.05178679898381233 0.001005950034596026
v 9.418840707375864e-11 -0.051793601363897324 0.001077390043064952
v -0.0005953540094196796 -0.05179629847407341 0.0010768099455162883
v -0.0005953540094196796 -0.05179629847407341 0.0010768099455162883
v 9.418840707375864e-11 -0.051793601363897324 0.001077390043064952
v 1.1296499846658037e-10 -0.05181429907679558 0.001292170025408268
v -0.0005809270078316331 -0.05054119974374771 2.260009956955855e-09
v 1.3269800297867126e-25 -0.05054450035095215 2.2093697982228377e-09
v 2.1353600311579957e-12 -0.05075889825820923 2.442779987177346e-05
v 2.1353600311579957e-12 -0.05075889825820923 2.442779987177346e-05
v -0.0005833990289829671 -0.05075620114803314 1.8346099750488065e-05
v -0.0005809270078316331 -0.05054119974374771 2.260009956955855e-09
v -0.0005809270078316331 -0.05054119974374771 2.260009956955855e-09
v -0.0005833990289829671 -0.05075620114803314 1.8346099750488065e-05
v -0.004854340106248856 -0.050526898354291916 1.834639988373965e-05
v -0.0005809270078316331 -0.05054119974374771 2.260009956955855e-09
v -0.004854340106248856 -0.050526898354291916 1.834639988373965e-05
v -0.0048337699845433235 -0.05031289905309677 2.6218298643243543e-09
v -0.0048337699845433235 -0.05031289905309677 2.6218298643243543e-09
v -0.004854340106248856 -0.050526898354291916 1.834639988373965e-05
v -0.00909081008285284 -0.04993889853358269 1.834680006140843e-05
v -0.0048337699845433235 -0.05031289905309677 2.6218298643243543e-09
v -0.00909081008285284 -0.04993889853358269 1.834680006140843e-05
v -0.00905228964984417 -0.04972729831933975 2.965029777257655e-09
v -0.00905228964984417 -0.04972729831933975 2.965029777257655e-09
v -0.00909081008285284 -0.04993889853358269 1.834680006140843e-05
v -0.013262700289487839 -0.048996299505233765 1.8347100194660015e-05
v -0.00905228964984417 -0.04972729831933975 2.965029777257655e-09
v -0.013262700289487839 -0.048996299505233765 1.8347100194660015e-05
v -0.013206499628722668 -0.04878870025277138 3.2871698696368412e-09
v -0.013206499628722668 -0.04878870025277138 3.2871698696368412e-09
v -0.013262700289487839 -0.048996299505233765 1.8347100194660015e-05
v -0.01734049990773201 -0.04770579934120178 1.8347398508922197e-05
v -0.013206499628722668 -0.04878870025277138 3.2871698696368412e-09
v -0.01734049990773201 -0.04770579934120178 1.8347398508922197e-05
v -0.017266999930143356 -0.047503698617219925 3.5859797353765543e-09
v -0.017266999930143356 -0.047503698617219925 3.5859797353765543e-09
v -0.01734049990773201 -0.04770579934120178 1.8347398508922197e-05
v -0.021295100450515747 -0.04607659950852394 1.8347698642173782e-05
v -0.017266999930143356 -0.047503698617219925 3.5859797353765543e-09
v -0.021295100450515747 -0.04607659950852394 1.8347698642173782e-05
v -0.02120489999651909 -0.045881401747465134 3.8593297446709585e-09
v -0.02120489999651909 -0.045881401747465134 3.8593297446709585e-09
v -0.021295100450515747 -0.04607659950852394 1.8347698642173782e-05
v -0.02509859949350357 -0.04412030056118965 1.8347898731008172e-05
v -0.02120489999651909 -0.045881401747465134 3.8593297446709585e-09
v -0.02509859949350357 -0.04412030056118965 1.8347898731008172e-05
v -0.02499219961464405 -0.04393329843878746 4.105279671762219e-09
v -0.02499219961464405 -0.04393329843878746 4.105279671762219e-09
v -0.02509859949350357 -0.04412030056118965 1.8347898731008172e-05
v -0.02872380055487156 -0.041850700974464417 1.8348098819842562e-05
v -0.02499219961464405 -0.04393329843878746 4.105279671762219e-09
v -0.02872380055487156 -0.041850700974464417 1.8348098819842562e-05
v -0.028602100908756256 -0.04167329892516136 4.3220800272081306e-09
v -0.028602100908756256 -0.04167329892516136 4.3220800272081306e-09
v -0.02872380055487156 -0.041850700974464417 1.8348098819842562e-05
v -0.03214510157704353 -0.03928390145301819 1.8348300727666356e-05
v -0.028602100908756256 -0.04167329892516136 4.3220800272081306e-09
v -0.03214510157704353 -0.03928390145301819 1.8348300727666356e-05
v -0.03200890123844147 -0.03911750018596649 4.5081898214505145e-09
v -0.03200890123844147 -0.03911750018596649 4.5081898214505145e-09
v -0.03214510157704353 -0.03928390145301819 1.8348300727666356e-05
v -0.03533820062875748 -0.03643830120563507 1.8348500816500746e-05
v -0.03200890123844147 -0.03911750018596649 4.5081898214505145e-09
v -0.03533820062875748 -0.03643830120563507 1.8348500816500746e-05
v -0.035188499838113785 -0.03628389909863472 4.662290109536116e-09
v -0.035188499838113785 -0.03628389909863472 4.662290109536116e-09
v -0.03533820062875748 -0.03643830120563507 1.8348500816500746e-05
v -0.03828040137887001 -0.033333901315927505 1.834860086091794e-05
v -0.035188499838113785 -0.03628389909863472 4.662290109536116e-09
v -0.03828040137887001 -0.033333901315927505 1.834860086091794e-05
v -0.03811819851398468 -0.033192701637744904 4.783289764276333e-09
v -0.03811819851398468 -0.033192701637744904 4.783289764276333e-09
v -0.03828040137887001 -0.033333901315927505 1.834860086091794e-05
v -0.040950801223516464 -0.029992900788784027 1.8348699086345732e-05
v -0.03811819851398468 -0.033192701637744904 4.783289764276333e-09
v -0.040950801223516464 -0.029992900788784027 1.8348699086345732e-05
v -0.04077719897031784 -0.029865799471735954 4.870339687101932e-09
v -0.04077719897031784 -0.029865799471735954 4.870339687101932e-09
v -0.040950801223516464 -0.029992900788784027 1.8348699086345732e-05
v -0.04333040118217468 -0.026438899338245392 1.8348699086345732e-05
v -0.04077719897031784 -0.029865799471735954 4.870339687101932e-09
v -0.04333040118217468 -0.026438899338245392 1.8348699086345732e-05
v -0.04314680024981499 -0.026326799765229225 4.92279994546152e-09
v -0.04314680024981499 -0.026326799765229225 4.92279994546152e-09
v -0.04333040118217468 -0.026438899338245392 1.8348699086345732e-05
v -0.0454024001955986 -0.022697199136018753 1.8348799130762927e-05
v -0.04314680024981499 -0.026326799765229225 4.92279994546152e-09
v -0.0454024001955986 -0.022697199136018753 1.8348799130762927e-05
v -0.04521000012755394 -0.022600999101996422 4.940299724864872e-09
v -0.04521000012755394 -0.022600999101996422 4.940299724864872e-09
v -0.0454024001955986 -0.022697199136018753 1.8348799130762927e-05
v -0.04715200141072273 -0.01879430003464222 1.8348699086345732e-05
v -0.04521000012755394 -0.022600999101996422 4.940299724864872e-09
v -0.04715200141072273 -0.01879430003464222 1.8348699086345732e-05
v -0.046952199190855026 -0.018714699894189835 4.92273999341819e-09
v -0.046952199190855026 -0.018714699894189835 4.92273999341819e-09
v -0.04715200141072273 -0.01879430003464222 1.8348699086345732e-05
v -0.048566799610853195 -0.014758000150322914 1.8348699086345732e-05
v -0.046952199190855026 -0.018714699894189835 4.92273999341819e-09
v -0.048566799610853195 -0.014758000150322914 1.8348699086345732e-05
v -0.048360999673604965 -0.014695500023663044 4.8702202271044825e-09
v -0.048360999673604965 -0.014695500023663044 4.8702202271044825e-09
v -0.048566799610853195 -0.014758000150322914 1.8348699086345732e-05
v -0.04963679984211922 -0.010616900399327278 1.834860086091794e-05
v -0.048360999673604965 -0.014695500023663044 4.8702202271044825e-09
v -0.04963679984211922 -0.010616900399327278 1.834860086091794e-05
v -0.049426499754190445 -0.010571899823844433 4.78312012219817e-09
v -0.049426499754190445 -0.010571899823844433 4.78312012219817e-09
v -0.04963679984211922 -0.010616900399327278 1.834860086091794e-05
v -0.05035439878702164 -0.006400450132787228 1.8348500816500746e-05
v -0.049426499754190445 -0.010571899823844433 4.78312012219817e-09
v -0.05035439878702164 -0.006400450132787228 1.8348500816500746e-05
v -0.0501410998404026 -0.006373330019414425 4.662059627236204e-09
v -0.0501410998404026 -0.006373330019414425 4.662059627236204e-09
v -0.05035439878702164 -0.006400450132787228 1.8348500816500746e-05
v -0.05071450024843216 -0.0021385399159044027 1.8348300727666356e-05
v -0.0501410998404026 -0.006373330019414425 4.662059627236204e-09
v -0.05071450024843216 -0.0021385399159044027 1.8348300727666356e-05
v -0.05049959942698479 -0.0021294800098985434 4.507900275285692e-09
v -0.05049959942698479 -0.0021294800098985434 4.507900275285692e-09
v -0.05071450024843216 -0.0021385399159044027 1.8348300727666356e-05
v -0.05071450024843216 0.0021385399159044027 1.8348098819842562e-05
v -0.05049959942698479 -0.0021294800098985434 4.507900275285692e-09
v -0.05071450024843216 0.0021385399159044027 1.8348098819842562e-05
v -0.05049959942698479 0.0021294800098985434 4.321739854873385e-09
v -0.05049959942698479 0.0021294800098985434 4.321739854873385e-09
v -0.05071450024843216 0.0021385399159044027 1.8348098819842562e-05
v -0.05035439878702164 0.006400450132787228 1.8347898731008172e-05
v -0.05049959942698479 0.0021294800098985434 4.321739854873385e-09
v -0.05035439878702164 0.006400450132787228 1.8347898731008172e-05
v -0.0501410998404026 0.006373330019414425 4.10488976143597e-09
v -0.0501410998404026 0.006373330019414425 4.10488976143597e-09
v -0.05035439878702164 0.006400450132787228 1.8347898731008172e-05
v -0.04963679984211922 0.010616900399327278 1.8347698642173782e-05
v -0.0501410998404026 0.006373330019414425 4.10488976143597e-09
v -0.04963679984211922 0.010616900399327278 1.8347698642173782e-05
v -0.049426499754190445 0.010571899823844433 3.858890096353207e-09
v -0.049426499754190445 0.010571899823844433 3.858890096353207e-09
v -0.04963679984211922 0.010616900399327278 1.8347698642173782e-05
v -0.048566799610853195 0.014758000150322914 1.8347398508922197e-05
v -0.049426499754190445 0.010571899823844433 3.858890096353207e-09
v -0.048566799610853195 0.014758000150322914 1.8347398508922197e-05
v -0.048360999673604965 0.014695500023663044 3.5854998969853114e-09
v -0.048360999673604965 0.014695500023663044 3.5854998969853114e-09
v -0.048566799610853195 0.014758000150322914 1.8347398508922197e-05
v -0.04715200141072273 0.01879430003464222 1.8347100194660015e-05
v -0.048360999673604965 0.014695500023663044 3.5854998969853114e-09
v -0.04715200141072273 0.01879430003464222 1.8347100194660015e-05
v -0.046952199190855026 0.018714699894189835 3.2866498411721068e-09
v -0.046952199190855026 0.018714699894189835 3.2866498411721068e-09
v -0.04715200141072273 0.01879430003464222 1.8347100194660015e-05
v -0.0454024001955986 0.022697199136018753 1.834680006140843e-05
v -0.046952199190855026 0.018714699894189835 3.2866498411721068e-09
v -0.0454024001955986 0.022697199136018753 1.834680006140843e-05
v -0.04521000012755394 0.022600999101996422 2.9644597887568125e-09
v -0.04521000012755394 0.022600999101996422 2.9644597887568125e-09
v -0.0454024001955986 0.022697199136018753 1.834680006140843e-05
v -0.04333040118217468 0.026438899338245392 1.834639988373965e-05
v -0.04521000012755394 0.022600999101996422 2.9644597887568125e-09
v -0.04333040118217468 0.026438899338245392 1.834639988373965e-05
v -0.04314680024981499 0.026326799765229225 2.6212301218464518e-09
v -0.04314680024981499 0.026326799765229225 2.6212301218464518e-09
v -0.04333040118217468 0.026438899338245392 1.834639988373965e-05
v -0.040950801223516464 0.029992900788784027 1.8346099750488065e-05
v -0.04314680024981499 0.026326799765229225 2.6212301218464518e-09
v -0.040950801223516464 0.029992900788784027 1.8346099750488065e-05
v -0.04077719897031784 0.029865799471735954 2.2593897863742995e-09
v -0.04077719897031784 0.029865799471735954 2.2593897863742995e-09
v -0.040950801223516464 0.029992900788784027 1.8346099750488065e-05
v -0.03828040137887001 0.033333901315927505 1.8345699572819285e-05
v -0.04077719897031784 0.029865799471735954 2.2593897863742995e-09
v -0.03828040137887001 0.033333901315927505 1.8345699572819285e-05
v -0.03811819851398468 0.033192701637744904 1.881499844813561e-09
v -0.03811819851398468 0.033192701637744904 1.881499844813561e-09
v -0.03828040137887001 0.033333901315927505 1.8345699572819285e-05
v -0.03533820062875748 0.03643830120563507 1.8345299395150505e-05
v -0.03811819851398468 0.033192701637744904 1.881499844813561e-09
v -0.03533820062875748 0.03643830120563507 1.8345299395150505e-05
v -0.035188499838113785 0.03628389909863472 1.490259915470915e-09
v -0.035188499838113785 0.03628389909863472 1.490259915470915e-09
v -0.03533820062875748 0.03643830120563507 1.8345299395150505e-05
v -0.03214510157704353 0.03928390145301819 1.834490103647113e-05
v -0.035188499838113785 0.03628389909863472 1.490259915470915e-09
v -0.03214510157704353 0.03928390145301819 1.834490103647113e-05
v -0.03200890123844147 0.03911750018596649 1.0884300127855795e-09
v -0.03200890123844147 0.03911750018596649 1.0884300127855795e-09
v -0.03214510157704353 0.03928390145301819 1.834490103647113e-05
v -0.02872380055487156 0.041850700974464417 1.8344499039812945e-05
v -0.03200890123844147 0.03911750018596649 1.0884300127855795e-09
v -0.02872380055487156 0.041850700974464417 1.8344499039812945e-05
v -0.028602100908756256 0.04167329892516136 6.788780093636149e-10
v -0.028602100908756256 0.04167329892516136 6.788780093636149e-10
v -0.02872380055487156 0.041850700974464417 1.8344499039812945e-05
v -0.02509859949350357 0.04412030056118965 1.8344098862144165e-05
v -0.028602100908756256 0.04167329892516136 6.788780093636149e-10
v -0.02509859949350357 0.04412030056118965 1.8344098862144165e-05
v -0.02499219961464405 0.04393329843878746 2.6450500123509357e-10
v -0.02499219961464405 0.04393329843878746 2.6450500123509357e-10
v -0.02509859949350357 0.04412030056118965 1.8344098862144165e-05
v -0.021295100450515747 0.04607659950852394 1.8343700503464788e-05
v -0.02499219961464405 0.04393329843878746 2.6450500123509357e-10
v -0.021295100450515747 0.04607659950852394 1.8343700503464788e-05
v -0.02120489999651909 0.045881401747465134 -1.517460046507324e-10
v -0.02120489999651909 0.045881401747465134 -1.517460046507324e-10
v -0.021295100450515747 0.04607659950852394 1.8343700503464788e-05
v -0.01734049990773201 0.04770579934120178 1.8343200281378813e-05
v -0.02120489999651909 0.045881401747465134 -1.517460046507324e-10
v -0.01734049990773201 0.04770579934120178 1.8343200281378813e-05
v -0.017266999930143356 0.047503698617219925 -5.669200109359451e-10
v -0.017266999930143356 0.047503698617219925 -5.669200109359451e-10
v -0.01734049990773201 0.04770579934120178 1.8343200281378813e-05
v -0.013262700289487839 0.048996299505233765 1.8342800103710033e-05
v -0.017266999930143356 0.047503698617219925 -5.669200109359451e-10
v -0.013262700289487839 0.048996299505233765 1.8342800103710033e-05
v -0.013206499628722668 0.04878870025277138 -9.78069070178833e-10
v -0.013206499628722668 0.04878870025277138 -9.78069070178833e-10
v -0.013262700289487839 0.048996299505233765 1.8342800103710033e-05
v -0.00909081008285284 0.04993889853358269 1.8342399926041253e-05
v -0.013206499628722668 0.04878870025277138 -9.78069070178833e-10
v -0.00909081008285284 0.04993889853358269 1.8342399926041253e-05
v -0.00905228964984417 0.04972729831933975 -1.3822699651555581e-09
v -0.00905228964984417 0.04972729831933975 -1.3822699651555581e-09
v -0.00909081008285284 0.04993889853358269 1.8342399926041253e-05
v -0.004854340106248856 0.050526898354291916 1.8341999748372473e-05
v -0.00905228964984417 0.04972729831933975 -1.3822699651555581e-09
v -0.004854340106248856 0.050526898354291916 1.8341999748372473e-05
v -0.0048337699845433235 0.05031289905309677 -1.7766599302859731e-09
v -0.0048337699845433235 0.05031289905309677 -1.7766599302859731e-09
v -0.004854340106248856 0.050526898354291916 1.8341999748372473e-05
v -0.0005833990289829671 0.05075620114803314 1.8341599570703693e-05
v -0.0048337699845433235 0.05031289905309677 -1.7766599302859731e-09
v -0.0005833990289829671 0.05075620114803314 1.8341599570703693e-05
v -0.0005809270078316331 0.05054119974374771 -2.158440093324998e-09
v -0.0005809270078316331 0.05054119974374771 -2.158440093324998e-09
v -0.0005833990289829671 0.05075620114803314 1.8341599570703693e-05
v 2.1353500564980088e-12 0.05075889825820923 2.4423397917416878e-05
v -0.0005809270078316331 0.05054119974374771 -2.158440093324998e-09
v 2.1353500564980088e-12 0.05075889825820923 2.4423397917416878e-05
v -6.1899203231389455e-18 0.05054450035095215 -2.2093697982228377e-09
v 1.1296499846658037e-10 0.05181429907679558 0.0012921600136905909
v 9.418840707375864e-11 0.051793601363897324 0.001077390043064952
v -0.0005955210071988404 0.05181090161204338 0.0012921600136905909
v -0.0005955210071988404 0.05181090161204338 0.0012921600136905909
v 9.418840707375864e-11 0.051793601363897324 0.001077390043064952
v -0.0005953540094196796 0.05179629847407341 0.001076800050213933
v -0.0005955210071988404 0.05181090161204338 0.0012921600136905909
v -0.0005953540094196796 0.05179629847407341 0.001076800050213933
v -0.004203780088573694 0.051617201417684555 0.0012921600136905909
v -0.004203780088573694 0.051617201417684555 0.0012921600136905909
v -0.004953810013830662 0.05156230181455612 0.001076800050213933
v -0.004955200012773275 0.051576800644397736 0.0012921600136905909
v -0.004203780088573694 0.051617201417684555 0.0012921600136905909
v -0.0005953540094196796 0.05179629847407341 0.001076800050213933
v -0.004953810013830662 0.05156230181455612 0.001076800050213933
v -0.004955200012773275 0.051576800644397736 0.0012921600136905909
v -0.004953810013830662 0.05156230181455612 0.001076800050213933
v -0.009277090430259705 0.05096219852566719 0.001076800050213933
v -0.004955200012773275 0.051576800644397736 0.0012921600136905909
v -0.009277090430259705 0.05096219852566719 0.001076800050213933
v -0.009279699996113777 0.050976600497961044 0.0012921600136905909
v -0.009279699996113777 0.050976600497961044 0.0012921600136905909
v -0.009277090430259705 0.05096219852566719 0.001076800050213933
v -0.010307399556040764 0.050744399428367615 0.0012921600136905909
v -0.010307399556040764 0.050744399428367615 0.0012921600136905909
v -0.009277090430259705 0.05096219852566719 0.001076800050213933
v -0.013534500263631344 0.05000029876828194 0.001076800050213933
v -0.010307399556040764 0.050744399428367615 0.0012921600136905909
v -0.013534500263631344 0.05000029876828194 0.001076800050213933
v -0.013538300059735775 0.050014398992061615 0.0012921600136905909
v -0.013538300059735775 0.050014398992061615 0.0012921600136905909
v -0.013534500263631344 0.05000029876828194 0.001076800050213933
v -0.01626560091972351 0.04915130138397217 0.0012921600136905909
v -0.01626560091972351 0.04915130138397217 0.0012921600136905909
v -0.013534500263631344 0.05000029876828194 0.001076800050213933
v -0.017695799469947815 0.04868340119719505 0.001076800050213933
v -0.01626560091972351 0.04915130138397217 0.0012921600136905909
v -0.017695799469947815 0.04868340119719505 0.001076800050213933
v -0.0177008006721735 0.0486970990896225 0.0012921600136905909
v -0.0177008006721735 0.0486970990896225 0.0012921600136905909
v -0.017695799469947815 0.04868340119719505 0.001076800050213933
v -0.021731499582529068 0.0470208004117012 0.001076800050213933
v -0.0177008006721735 0.0486970990896225 0.0012921600136905909
v -0.021731499582529068 0.0470208004117012 0.001076800050213933
v -0.0217375997453928 0.04703399911522865 0.0012921600136905909
v -0.02931240014731884 0.042708199471235275 0.001076800050213933
v -0.02740659937262535 0.04391859844326973 0.001292170025408268
v -0.025612900033593178 0.04502439871430397 0.001076800050213933
v -0.02931240014731884 0.042708199471235275 0.001076800050213933
v -0.029320700094103813 0.04272029921412468 0.001292170025408268
v -0.02740659937262535 0.04391859844326973 0.001292170025408268
v -0.025612900033593178 0.04502439871430397 0.001076800050213933
v -0.02740659937262535 0.04391859844326973 0.001292170025408268
v -0.025620099157094955 0.04503700137138367 0.0012921600136905909
v -0.025612900033593178 0.04502439871430397 0.001076800050213933
v -0.025620099157094955 0.04503700137138367 0.0012921600136905909
v -0.021731499582529068 0.0470208004117012 0.001076800050213933
v -0.021731499582529068 0.0470208004117012 0.001076800050213933
v -0.025620099157094955 0.04503700137138367 0.0012921600136905909
v -0.022005299106240273 0.046896401792764664 0.0012921600136905909
v -0.021731499582529068 0.0470208004117012 0.001076800050213933
v -0.022005299106240273 0.046896401792764664 0.0012921600136905909
v -0.0217375997453928 0.04703399911522865 0.0012921600136905909
v -0.03606230020523071 0.03718490153551102 0.001076800050213933
v -0.03281309828162193 0.04010019823908806 0.001292170025408268
v -0.03280379995703697 0.040088899433612823 0.001076800050213933
v -0.03606230020523071 0.03718490153551102 0.001076800050213933
v -0.0360725000500679 0.03719539940357208 0.001292170025408268
v -0.03281309828162193 0.04010019823908806 0.001292170025408268
v -0.03280379995703697 0.040088899433612823 0.001076800050213933
v -0.03281309828162193 0.04010019823908806 0.001292170025408268
v -0.03245190158486366 0.04037110134959221 0.001292170025408268
v -0.02931240014731884 0.042708199471235275 0.001076800050213933
v -0.03245190158486366 0.04037110134959221 0.001292170025408268
v -0.029320700094103813 0.04272029921412468 0.001292170025408268
v -0.03280379995703697 0.040088899433612823 0.001076800050213933
v -0.03245190158486366 0.04037110134959221 0.001292170025408268
v -0.02931240014731884 0.042708199471235275 0.001076800050213933
v -0.03906479850411415 0.03401700034737587 0.0010768099455162883
v -0.03700440004467964 0.03621210157871246 0.001292170025408268
v -0.03606230020523071 0.03718490153551102 0.001076800050213933
v -0.03906479850411415 0.03401700034737587 0.0010768099455162883
v -0.03907579928636551 0.03402649983763695 0.001292170025408268
v -0.03700440004467964 0.03621210157871246 0.001292170025408268
v -0.03606230020523071 0.03718490153551102 0.001076800050213933
v -0.03700440004467964 0.03621210157871246 0.001292170025408268
v -0.0360725000500679 0.03719539940357208 0.001292170025408268
v -0.044522400945425034 0.02646159939467907 0.001292170025408268
v -0.04423069953918457 0.026988200843334198 0.001292170025408268
v -0.04421830177307129 0.026980599388480186 0.0010768099455162883
v -0.044522400945425034 0.02646159939467907 0.001292170025408268
v -0.04421830177307129 0.026980599388480186 0.0010768099455162883
v -0.046345800161361694 0.02316880039870739 0.001292170025408268
v -0.046345800161361694 0.02316880039870739 0.001292170025408268
v -0.04421830177307129 0.026980599388480186 0.0010768099455162883
v -0.046332698315382004 0.023162299767136574 0.0010768099455162883
v -0.04421830177307129 0.026980599388480186 0.0010768099455162883
v -0.04423069953918457 0.026988200843334198 0.001292170025408268
v -0.04180169850587845 0.030616100877523422 0.001292170025408268
v -0.04421830177307129 0.026980599388480186 0.0010768099455162883
v -0.04180169850587845 0.030616100877523422 0.001292170025408268
v -0.04178990051150322 0.030607499182224274 0.0010768099455162883
v -0.04178990051150322 0.030607499182224274 0.0010768099455162883
v -0.04180169850587845 0.030616100877523422 0.001292170025408268
v -0.04104990139603615 0.03155669942498207 0.001292170025408268
v -0.04178990051150322 0.030607499182224274 0.0010768099455162883
v -0.04104990139603615 0.03155669942498207 0.001292170025408268
v -0.03906479850411415 0.03401700034737587 0.0010768099455162883
v -0.03906479850411415 0.03401700034737587 0.0010768099455162883
v -0.04104990139603615 0.03155669942498207 0.001292170025408268
v -0.03907579928636551 0.03402649983763695 0.001292170025408268
v -0.046345800161361694 0.02316880039870739 0.001292170025408268
v -0.046332698315382004 0.023162299767136574 0.0010768099455162883
v -0.047331199049949646 0.020970700308680534 0.001292170025408268
v -0.047331199049949646 0.020970700308680534 0.001292170025408268
v -0.046332698315382004 0.023162299767136574 0.0010768099455162883
v -0.04811820015311241 0.01917940005660057 0.0010768099455162883
v -0.047331199049949646 0.020970700308680534 0.001292170025408268
v -0.04811820015311241 0.01917940005660057 0.0010768099455162883
v -0.048131801187992096 0.01918479986488819 0.001292170025408268
v -0.048131801187992096 0.01918479986488819 0.001292170025408268
v -0.04811820015311241 0.01917940005660057 0.0010768099455162883
v -0.04952619969844818 0.015206599608063698 0.001292170025408268
v -0.04952619969844818 0.015206599608063698 0.001292170025408268
v -0.04811820015311241 0.01917940005660057 0.0010768099455162883
v -0.0495619997382164 0.015060399658977985 0.0010768099455162883
v -0.04952619969844818 0.015206599608063698 0.001292170025408268
v -0.0495619997382164 0.015060399658977985 0.0010768099455162883
v -0.04957599937915802 0.015064599923789501 0.001292170025408268
v -0.04957599937915802 0.015064599923789501 0.001292170025408268
v -0.0495619997382164 0.015060399658977985 0.0010768099455162883
v -0.05065400153398514 0.010834500193595886 0.0010768099455162883
v -0.04957599937915802 0.015064599923789501 0.001292170025408268
v -0.05065400153398514 0.010834500193595886 0.0010768099455162883
v -0.050668299198150635 0.010837499983608723 0.001292170025408268
v -0.05065400153398514 0.010834500193595886 0.0010768099455162883
v -0.05105400085449219 0.00878577958792448 0.0011105099692940712
v -0.05105400085449219 0.008825870230793953 0.0011790599673986435
v -0.05065400153398514 0.010834500193595886 0.0010768099455162883
v -0.05105400085449219 0.008825870230793953 0.0011790599673986435
v -0.05105400085449219 0.00884220004081726 0.001235150033608079
v -0.050668299198150635 0.010837499983608723 0.001292170025408268
v -0.05065400153398514 0.010834500193595886 0.0010768099455162883
v -0.05098289996385574 0.009211219847202301 0.001292170025408268
v -0.05098289996385574 0.009211219847202301 0.001292170025408268
v -0.05065400153398514 0.010834500193595886 0.0010768099455162883
v -0.05105400085449219 0.00884220004081726 0.001235150033608079
v -0.05098289996385574 0.009211219847202301 0.001292170025408268
v -0.05105400085449219 0.00884220004081726 0.001235150033608079
v -0.05105400085449219 0.00884385034441948 0.001292170025408268
v -0.05105400085449219 0.007863650098443031 0.0006556690204888582
v -0.05105400085449219 0.008187109604477882 0.0007755859987810254
v -0.05056929960846901 0.010816399939358234 0.000772755010984838
v -0.05056929960846901 0.010816399939358234 0.000772755010984838
v -0.05105400085449219 0.008187109604477882 0.0007755859987810254
v -0.05105400085449219 0.008501759730279446 0.0008922420092858374
v -0.05105400085449219 0.004731679800897837 0.00022957100009080023
v -0.05065450072288513 0.006438590120524168 0.00011025300045730546
v -0.05101669952273369 0.0021512899547815323 0.00011025300045730546
v -0.05105400085449219 -0.0021528799552470446 0.00012733199400827289
v -0.05105400085449219 -0.002142889890819788 0.00012692100426647812
v -0.05101669952273369 -0.0021512899547815323 0.00011025300045730546
v -0.05105400085449219 -0.0021528799552470446 0.00012733199400827289
v -0.05101669952273369 -0.0021512899547815323 0.00011025300045730546
v -0.05105400085449219 -0.004897850099951029 0.00024051600485108793
v -0.05101669952273369 -0.0021512899547815323 0.00011025300045730546
v -0.05105400085449219 -0.002142889890819788 0.00012692100426647812
v -0.05105400085449219 0.001624649972654879 0.00011791200086008757
v -0.05101669952273369 -0.0021512899547815323 0.00011025300045730546
v -0.05105400085449219 0.001624649972654879 0.00011791200086008757
v -0.05101669952273369 0.0021512899547815323 0.00011025300045730546
v -0.05101669952273369 0.0021512899547815323 0.00011025300045730546
v -0.05105400085449219 0.001624649972654879 0.00011791200086008757
v -0.05105400085449219 0.0021534000989049673 0.0001369139936286956
v -0.05101669952273369 0.0021512899547815323 0.00011025300045730546
v -0.05105400085449219 0.0021534000989049673 0.0001369139936286956
v -0.05105400085449219 0.004731679800897837 0.00022957100009080023
v -0.05105400085449219 -0.004897850099951029 0.00024051600485108793
v -0.05101669952273369 -0.0021512899547815323 0.00011025300045730546
v -0.05065450072288513 -0.006438590120524168 0.00011025300045730546
v -0.05105400085449219 -0.004897850099951029 0.00024051600485108793
v -0.05065450072288513 -0.006438590120524168 0.00011025300045730546
v -0.05105400085449219 -0.0052535501308739185 0.0002778870111797005
v -0.05105400085449219 -0.007944620214402676 0.0006786509766243398
v -0.05041379854083061 -0.010783099569380283 0.0004995180061087012
v -0.05105400085449219 -0.0081994803622365 0.0007747909985482693
v -0.05105400085449219 -0.00875462032854557 0.0010772199602797627
v -0.05105400085449219 -0.008693169802427292 0.0010158199584111571
v -0.05056929960846901 -0.010816399939358234 0.0007727560005150735
v -0.05056929960846901 -0.010816399939358234 0.0007727560005150735
v -0.05105400085449219 -0.008693169802427292 0.0010158199584111571
v -0.05105400085449219 -0.008477290160953999 0.0008795909816399217
v -0.05105400085449219 -0.00884385034441948 0.001292170025408268
v -0.05105400085449219 -0.008844739757478237 0.0012804199941456318
v -0.05098289996385574 -0.009211219847202301 0.001292170025408268
v -0.05098289996385574 -0.009211219847202301 0.001292170025408268
v -0.05105400085449219 -0.008844739757478237 0.0012804199941456318
v -0.050668299198150635 -0.010837499983608723 0.001292170025408268
v -0.05105400085449219 -0.00884110014885664 0.0012283900287002325
v -0.05105400085449219 -0.008821019902825356 0.0011677800212055445
v -0.05065400153398514 -0.010834500193595886 0.0010768099455162883
v -0.05065400153398514 -0.010834500193595886 0.0010768099455162883
v -0.05105400085449219 -0.008821019902825356 0.0011677800212055445
v -0.05105400085449219 -0.008779809810221195 0.0011023799888789654
v -0.04952619969844818 -0.015206599608063698 0.001292170025408268
v -0.04957599937915802 -0.015064599923789501 0.001292170025408268
v -0.0495619997382164 -0.015060399658977985 0.0010768099455162883
v -0.04952619969844818 -0.015206599608063698 0.001292170025408268
v -0.0495619997382164 -0.015060399658977985 0.0010768099455162883
v -0.048131801187992096 -0.01918479986488819 0.001292170025408268
v -0.0495619997382164 -0.015060399658977985 0.0010768099455162883
v -0.04957599937915802 -0.015064599923789501 0.001292170025408268
v -0.050668299198150635 -0.010837499983608723 0.001292170025408268
v -0.0495619997382164 -0.015060399658977985 0.0010768099455162883
v -0.050668299198150635 -0.010837499983608723 0.001292170025408268
v -0.05065400153398514 -0.010834500193595886 0.0010768099455162883
v -0.05065400153398514 -0.010834500193595886 0.0010768099455162883
v -0.050668299198150635 -0.010837499983608723 0.001292170025408268
v -0.05105400085449219 -0.008844739757478237 0.0012804199941456318
v -0.05065400153398514 -0.010834500193595886 0.0010768099455162883
v -0.05105400085449219 -0.008844739757478237 0.0012804199941456318
v -0.05105400085449219 -0.00884110014885664 0.0012283900287002325
v -0.048131801187992096 -0.01918479986488819 0.001292170025408268
v -0.0495619997382164 -0.015060399658977985 0.0010768099455162883
v -0.04811820015311241 -0.01917940005660057 0.0010768099455162883
v -0.048131801187992096 -0.01918479986488819 0.001292170025408268
v -0.04811820015311241 -0.01917940005660057 0.0010768099455162883
v -0.047331199049949646 -0.020970700308680534 0.001292170025408268
v -0.047331199049949646 -0.020970700308680534 0.001292170025408268
v -0.04811820015311241 -0.01917940005660057 0.0010768099455162883
v -0.046332698315382004 -0.023162299767136574 0.0010768099455162883
v -0.047331199049949646 -0.020970700308680534 0.001292170025408268
v -0.046332698315382004 -0.023162299767136574 0.0010768099455162883
v -0.046345800161361694 -0.02316880039870739 0.001292170025408268
v -0.046345800161361694 -0.02316880039870739 0.001292170025408268
v -0.046332698315382004 -0.023162299767136574 0.0010768099455162883
v -0.044522400945425034 -0.02646159939467907 0.001292170025408268
v -0.044522400945425034 -0.02646159939467907 0.001292170025408268
v -0.046332698315382004 -0.023162299767136574 0.0010768099455162883
v -0.04421830177307129 -0.026980599388480186 0.0010768099455162883
v -0.044522400945425034 -0.02646159939467907 0.001292170025408268
v -0.04421830177307129 -0.026980599388480186 0.0010768099455162883
v -0.04423069953918457 -0.026988200843334198 0.001292170025408268
v -0.04423069953918457 -0.026988200843334198 0.001292170025408268
v -0.04421830177307129 -0.026980599388480186 0.0010768099455162883
v -0.04178990051150322 -0.030607499182224274 0.0010768099455162883
v -0.04423069953918457 -0.026988200843334198 0.001292170025408268
v -0.04178990051150322 -0.030607499182224274 0.0010768099455162883
v -0.04180169850587845 -0.030616100877523422 0.001292170025408268
v -0.04180169850587845 -0.030616100877523422 0.001292170025408268
v -0.04178990051150322 -0.030607499182224274 0.0010768099455162883
v -0.04104990139603615 -0.03155669942498207 0.001292170025408268
v -0.04104990139603615 -0.03155669942498207 0.001292170025408268
v -0.04178990051150322 -0.030607499182224274 0.0010768099455162883
v -0.03906479850411415 -0.03401700034737587 0.0010768099455162883
v -0.04104990139603615 -0.03155669942498207 0.001292170025408268
v -0.03906479850411415 -0.03401700034737587 0.0010768099455162883
v -0.03907579928636551 -0.03402649983763695 0.001292170025408268
v -0.03907579928636551 -0.03402649983763695 0.001292170025408268
v -0.03906479850411415 -0.03401700034737587 0.0010768099455162883
v -0.03700440004467964 -0.03621210157871246 0.001292170025408268
v -0.03700440004467964 -0.03621210157871246 0.001292170025408268
v -0.03906479850411415 -0.03401700034737587 0.0010768099455162883
v -0.03606230020523071 -0.03718490153551102 0.0010768099455162883
v -0.03700440004467964 -0.03621210157871246 0.001292170025408268
v -0.03606230020523071 -0.03718490153551102 0.0010768099455162883
v -0.0360725000500679 -0.03719539940357208 0.001292170025408268
v -0.0360725000500679 -0.03719539940357208 0.001292170025408268
v -0.03606230020523071 -0.03718490153551102 0.0010768099455162883
v -0.03280379995703697 -0.040088899433612823 0.0010768099455162883
v -0.0360725000500679 -0.03719539940357208 0.001292170025408268
v -0.03280379995703697 -0.040088899433612823 0.0010768099455162883
v -0.03281309828162193 -0.04010019823908806 0.001292170025408268
v -0.025612900033593178 -0.04502439871430397 0.0010768099455162883
v -0.02740659937262535 -0.04391859844326973 0.001292170025408268
v -0.02931240014731884 -0.042708199471235275 0.0010768099455162883
v -0.025612900033593178 -0.04502439871430397 0.0010768099455162883
v -0.025620099157094955 -0.04503700137138367 0.001292170025408268
v -0.02740659937262535 -0.04391859844326973 0.001292170025408268
v -0.02931240014731884 -0.042708199471235275 0.0010768099455162883
v -0.02740659937262535 -0.04391859844326973 0.001292170025408268
v -0.029320700094103813 -0.04272029921412468 0.001292170025408268
v -0.02931240014731884 -0.042708199471235275 0.0010768099455162883
v -0.029320700094103813 -0.04272029921412468 0.001292170025408268
v -0.03280379995703697 -0.040088899433612823 0.0010768099455162883
v -0.03280379995703697 -0.040088899433612823 0.0010768099455162883
v -0.029320700094103813 -0.04272029921412468 0.001292170025408268
v -0.03245190158486366 -0.04037110134959221 0.001292170025408268
v -0.03280379995703697 -0.040088899433612823 0.0010768099455162883
v -0.03245190158486366 -0.04037110134959221 0.001292170025408268
v -0.03281309828162193 -0.04010019823908806 0.001292170025408268
v -0.017695799469947815 -0.04868340119719505 0.0010768099455162883
v -0.0217375997453928 -0.04703399911522865 0.001292170025408268
v -0.021731499582529068 -0.0470208004117012 0.0010768099455162883
v -0.017695799469947815 -0.04868340119719505 0.0010768099455162883
v -0.0177008006721735 -0.0486970990896225 0.001292170025408268
v -0.0217375997453928 -0.04703399911522865 0.001292170025408268
v -0.021731499582529068 -0.0470208004117012 0.0010768099455162883
v -0.0217375997453928 -0.04703399911522865 0.001292170025408268
v -0.022005299106240273 -0.046896401792764664 0.001292170025408268
v -0.021731499582529068 -0.0470208004117012 0.0010768099455162883
v -0.022005299106240273 -0.046896401792764664 0.001292170025408268
v -0.025612900033593178 -0.04502439871430397 0.0010768099455162883
v -0.025612900033593178 -0.04502439871430397 0.0010768099455162883
v -0.022005299106240273 -0.046896401792764664 0.001292170025408268
v -0.025620099157094955 -0.04503700137138367 0.001292170025408268
v -0.013534500263631344 -0.05000029876828194 0.0010768099455162883
v -0.01626560091972351 -0.04915130138397217 0.001292170025408268
v -0.017695799469947815 -0.04868340119719505 0.0010768099455162883
v -0.013534500263631344 -0.05000029876828194 0.0010768099455162883
v -0.013538300059735775 -0.050014398992061615 0.001292170025408268
v -0.01626560091972351 -0.04915130138397217 0.001292170025408268
v -0.017695799469947815 -0.04868340119719505 0.0010768099455162883
v -0.01626560091972351 -0.04915130138397217 0.001292170025408268
v -0.0177008006721735 -0.0486970990896225 0.001292170025408268
v -0.004953810013830662 -0.05156230181455612 0.0010768099455162883
v -0.009279699996113777 -0.050976600497961044 0.001292170025408268
v -0.009277090430259705 -0.05096219852566719 0.0010768099455162883
v -0.009277090430259705 -0.05096219852566719 0.0010768099455162883
v -0.009279699996113777 -0.050976600497961044 0.001292170025408268
v -0.010307399556040764 -0.050744399428367615 0.001292170025408268
v -0.009277090430259705 -0.05096219852566719 0.0010768099455162883
v -0.010307399556040764 -0.050744399428367615 0.001292170025408268
v -0.013534500263631344 -0.05000029876828194 0.0010768099455162883
v -0.013534500263631344 -0.05000029876828194 0.0010768099455162883
v -0.010307399556040764 -0.050744399428367615 0.001292170025408268
v -0.013538300059735775 -0.050014398992061615 0.001292170025408268
v 1.1296499846658037e-10 -0.05181429907679558 0.001292170025408268
v -0.0005955210071988404 -0.05181090161204338 0.001292170025408268
v -0.0005953540094196796 -0.05179629847407341 0.0010768099455162883
v -0.0005953540094196796 -0.05179629847407341 0.0010768099455162883
v -0.0005955210071988404 -0.05181090161204338 0.001292170025408268
v -0.004203780088573694 -0.051617201417684555 0.001292170025408268
v -0.0005953540094196796 -0.05179629847407341 0.0010768099455162883
v -0.004203780088573694 -0.051617201417684555 0.001292170025408268
v -0.004953810013830662 -0.05156230181455612 0.0010768099455162883
v -0.004953810013830662 -0.05156230181455612 0.0010768099455162883
v -0.004203780088573694 -0.051617201417684555 0.001292170025408268
v -0.004955200012773275 -0.051576800644397736 0.001292170025408268
v -0.004953810013830662 -0.05156230181455612 0.0010768099455162883
v -0.004955200012773275 -0.051576800644397736 0.001292170025408268
v -0.009279699996113777 -0.050976600497961044 0.001292170025408268
v 9.418840707375864e-11 0.051793601363897324 0.001077390043064952
v 8.794309724891036e-11 0.05178679898381233 0.001005950034596026
v -0.0005953540094196796 0.05179629847407341 0.001076800050213933
v -0.0005953540094196796 0.05179629847407341 0.001076800050213933
v 8.794309724891036e-11 0.05178679898381233 0.001005950034596026
v -0.0005943580181337893 0.051709700375795364 0.0007727490155957639
v -0.0005953540094196796 0.05179629847407341 0.001076800050213933
v -0.0005943580181337893 0.051709700375795364 0.0007727490155957639
v -0.004953810013830662 0.05156230181455612 0.001076800050213933
v -0.004953810013830662 0.05156230181455612 0.001076800050213933
v -0.0005943580181337893 0.051709700375795364 0.0007727490155957639
v -0.004945530090481043 0.05147609859704971 0.0007727500051259995
v -0.004953810013830662 0.05156230181455612 0.001076800050213933
v -0.004945530090481043 0.05147609859704971 0.0007727500051259995
v -0.009277090430259705 0.05096219852566719 0.001076800050213933
v -0.009277090430259705 0.05096219852566719 0.001076800050213933
v -0.004945530090481043 0.05147609859704971 0.0007727500051259995
v -0.009261580184102058 0.05087700113654137 0.0007727500051259995
v -0.009277090430259705 0.05096219852566719 0.001076800050213933
v -0.009261580184102058 0.05087700113654137 0.0007727500051259995
v -0.013534500263631344 0.05000029876828194 0.001076800050213933
v -0.013534500263631344 0.05000029876828194 0.001076800050213933
v -0.009261580184102058 0.05087700113654137 0.0007727500051259995
v -0.01351189985871315 0.04991669952869415 0.0007727500051259995
v -0.013534500263631344 0.05000029876828194 0.001076800050213933
v -0.01351189985871315 0.04991669952869415 0.0007727500051259995
v -0.017695799469947815 0.04868340119719505 0.001076800050213933
v -0.017695799469947815 0.04868340119719505 0.001076800050213933
v -0.01351189985871315 0.04991669952869415 0.0007727500051259995
v -0.017666200175881386 0.04860199987888336 0.000772750994656235
v -0.017695799469947815 0.04868340119719505 0.001076800050213933
v -0.017666200175881386 0.04860199987888336 0.000772750994656235
v -0.021731499582529068 0.0470208004117012 0.001076800050213933
v -0.021731499582529068 0.0470208004117012 0.001076800050213933
v -0.017666200175881386 0.04860199987888336 0.000772750994656235
v -0.021695200353860855 0.046942200511693954 0.000772750994656235
v -0.021731499582529068 0.0470208004117012 0.001076800050213933
v -0.021695200353860855 0.046942200511693954 0.000772750994656235
v -0.025612900033593178 0.04502439871430397 0.001076800050213933
v -0.025612900033593178 0.04502439871430397 0.001076800050213933
v -0.021695200353860855 0.046942200511693954 0.000772750994656235
v -0.02557010017335415 0.04494909942150116 0.0007727519841864705
v -0.025612900033593178 0.04502439871430397 0.001076800050213933
v -0.02557010017335415 0.04494909942150116 0.0007727519841864705
v -0.02931240014731884 0.042708199471235275 0.001076800050213933
v -0.02931240014731884 0.042708199471235275 0.001076800050213933
v -0.02557010017335415 0.04494909942150116 0.0007727519841864705
v -0.02926339954137802 0.042636800557374954 0.0007727519841864705
v -0.02931240014731884 0.042708199471235275 0.001076800050213933
v -0.02926339954137802 0.042636800557374954 0.0007727519841864705
v -0.03280379995703697 0.040088899433612823 0.001076800050213933
v -0.03280379995703697 0.040088899433612823 0.001076800050213933
v -0.02926339954137802 0.042636800557374954 0.0007727519841864705
v -0.0327490009367466 0.040021900087594986 0.000772752973716706
v -0.03280379995703697 0.040088899433612823 0.001076800050213933
v -0.0327490009367466 0.040021900087594986 0.000772752973716706
v -0.03606230020523071 0.03718490153551102 0.001076800050213933
v -0.03606230020523071 0.03718490153551102 0.001076800050213933
v -0.0327490009367466 0.040021900087594986 0.000772752973716706
v -0.03600199893116951 0.03712280094623566 0.000772752973716706
v -0.03606230020523071 0.03718490153551102 0.001076800050213933
v -0.03600199893116951 0.03712280094623566 0.000772752973716706
v -0.03906479850411415 0.03401700034737587 0.0010768099455162883
v -0.03906479850411415 0.03401700034737587 0.0010768099455162883
v -0.03600199893116951 0.03712280094623566 0.000772752973716706
v -0.03899950161576271 0.03396010026335716 0.000772752973716706
v -0.03906479850411415 0.03401700034737587 0.0010768099455162883
v -0.03899950161576271 0.03396010026335716 0.000772752973716706
v -0.04178990051150322 0.030607499182224274 0.0010768099455162883
v -0.04178990051150322 0.030607499182224274 0.0010768099455162883
v -0.03899950161576271 0.03396010026335716 0.000772752973716706
v -0.04171999916434288 0.030556300655007362 0.0007727540214546025
v -0.04178990051150322 0.030607499182224274 0.0010768099455162883
v -0.04171999916434288 0.030556300655007362 0.0007727540214546025
v -0.04421830177307129 0.026980599388480186 0.0010768099455162883
v -0.04421830177307129 0.026980599388480186 0.0010768099455162883
v -0.04171999916434288 0.030556300655007362 0.0007727540214546025
v -0.0441443994641304 0.026935499161481857 0.0007727540214546025
v -0.04421830177307129 0.026980599388480186 0.0010768099455162883
v -0.0441443994641304 0.026935499161481857 0.0007727540214546025
v -0.046332698315382004 0.023162299767136574 0.0010768099455162883
v -0.046332698315382004 0.023162299767136574 0.0010768099455162883
v -0.0441443994641304 0.026935499161481857 0.0007727540214546025
v -0.04625530168414116 0.023123500868678093 0.0007727540214546025
v -0.046332698315382004 0.023162299767136574 0.0010768099455162883
v -0.04625530168414116 0.023123500868678093 0.0007727540214546025
v -0.04811820015311241 0.01917940005660057 0.0010768099455162883
v -0.04811820015311241 0.01917940005660057 0.0010768099455162883
v -0.04625530168414116 0.023123500868678093 0.0007727540214546025
v -0.048037800937891006 0.019147299230098724 0.000772755010984838
v -0.04811820015311241 0.01917940005660057 0.0010768099455162883
v -0.048037800937891006 0.019147299230098724 0.000772755010984838
v -0.0495619997382164 0.015060399658977985 0.0010768099455162883
v -0.0495619997382164 0.015060399658977985 0.0010768099455162883
v -0.048037800937891006 0.019147299230098724 0.000772755010984838
v -0.049479201436042786 0.01503519993275404 0.000772755010984838
v -0.0495619997382164 0.015060399658977985 0.0010768099455162883
v -0.049479201436042786 0.01503519993275404 0.000772755010984838
v -0.05065400153398514 0.010834500193595886 0.0010768099455162883
v -0.05065400153398514 0.010834500193595886 0.0010768099455162883
v -0.049479201436042786 0.01503519993275404 0.000772755010984838
v -0.05056929960846901 0.010816399939358234 0.000772755010984838
v -0.05065400153398514 0.010834500193595886 0.0010768099455162883
v -0.05056929960846901 0.010816399939358234 0.000772755010984838
v -0.05105400085449219 0.00869670044630766 0.00101865001488477
v -0.05105400085449219 0.00869670044630766 0.00101865001488477
v -0.05056929960846901 0.010816399939358234 0.000772755010984838
v -0.05105400085449219 0.008501759730279446 0.0008922420092858374
v -0.05105400085449219 -0.008779809810221195 0.0011023799888789654
v -0.05105400085449219 -0.00875462032854557 0.0010772199602797627
v -0.05065400153398514 -0.010834500193595886 0.0010768099455162883
v -0.05065400153398514 -0.010834500193595886 0.0010768099455162883
v -0.05105400085449219 -0.00875462032854557 0.0010772199602797627
v -0.05056929960846901 -0.010816399939358234 0.0007727560005150735
v -0.05065400153398514 -0.010834500193595886 0.0010768099455162883
v -0.05056929960846901 -0.010816399939358234 0.0007727560005150735
v -0.0495619997382164 -0.015060399658977985 0.0010768099455162883
v -0.0495619997382164 -0.015060399658977985 0.0010768099455162883
v -0.05056929960846901 -0.010816399939358234 0.0007727560005150735
v -0.049479201436042786 -0.01503519993275404 0.0007727560005150735
v -0.0495619997382164 -0.015060399658977985 0.0010768099455162883
v -0.049479201436042786 -0.01503519993275404 0.0007727560005150735
v -0.04811820015311241 -0.01917940005660057 0.0010768099455162883
v -0.04811820015311241 -0.01917940005660057 0.0010768099455162883
v -0.049479201436042786 -0.01503519993275404 0.0007727560005150735
v -0.048037800937891006 -0.019147299230098724 0.0007727560005150735
v -0.04811820015311241 -0.01917940005660057 0.0010768099455162883
v -0.048037800937891006 -0.019147299230098724 0.0007727560005150735
v -0.046332698315382004 -0.023162299767136574 0.0010768099455162883
v -0.046332698315382004 -0.023162299767136574 0.0010768099455162883
v -0.048037800937891006 -0.019147299230098724 0.0007727560005150735
v -0.04625530168414116 -0.023123500868678093 0.0007727560005150735
v -0.046332698315382004 -0.023162299767136574 0.0010768099455162883
v -0.04625530168414116 -0.023123500868678093 0.0007727560005150735
v -0.04421830177307129 -0.026980599388480186 0.0010768099455162883
v -0.04421830177307129 -0.026980599388480186 0.0010768099455162883
v -0.04625530168414116 -0.023123500868678093 0.0007727560005150735
v -0.0441443994641304 -0.026935499161481857 0.0007727560005150735
v -0.04421830177307129 -0.026980599388480186 0.0010768099455162883
v -0.0441443994641304 -0.026935499161481857 0.0007727560005150735
v -0.04178990051150322 -0.030607499182224274 0.0010768099455162883
v -0.04178990051150322 -0.030607499182224274 0.0010768099455162883
v -0.0441443994641304 -0.026935499161481857 0.0007727560005150735
v -0.04171999916434288 -0.030556300655007362 0.0007727560005150735
v -0.04178990051150322 -0.030607499182224274 0.0010768099455162883
v -0.04171999916434288 -0.030556300655007362 0.0007727560005150735
v -0.03906479850411415 -0.03401700034737587 0.0010768099455162883
v -0.03906479850411415 -0.03401700034737587 0.0010768099455162883
v -0.04171999916434288 -0.030556300655007362 0.0007727560005150735
v -0.03899950161576271 -0.03396010026335716 0.0007727560005150735
v -0.03906479850411415 -0.03401700034737587 0.0010768099455162883
v -0.03899950161576271 -0.03396010026335716 0.0007727560005150735
v -0.03606230020523071 -0.03718490153551102 0.0010768099455162883
v -0.03606230020523071 -0.03718490153551102 0.0010768099455162883
v -0.03899950161576271 -0.03396010026335716 0.0007727560005150735
v -0.03600199893116951 -0.03712280094623566 0.0007727560005150735
v -0.03606230020523071 -0.03718490153551102 0.0010768099455162883
v -0.03600199893116951 -0.03712280094623566 0.0007727560005150735
v -0.03280379995703697 -0.040088899433612823 0.0010768099455162883
v -0.03280379995703697 -0.040088899433612823 0.0010768099455162883
v -0.03600199893116951 -0.03712280094623566 0.0007727560005150735
v -0.0327490009367466 -0.040021900087594986 0.0007727560005150735
v -0.03280379995703697 -0.040088899433612823 0.0010768099455162883
v -0.0327490009367466 -0.040021900087594986 0.0007727560005150735
v -0.02931240014731884 -0.042708199471235275 0.0010768099455162883
v -0.02931240014731884 -0.042708199471235275 0.0010768099455162883
v -0.0327490009367466 -0.040021900087594986 0.0007727560005150735
v -0.02926339954137802 -0.042636800557374954 0.0007727560005150735
v -0.02931240014731884 -0.042708199471235275 0.0010768099455162883
v -0.02926339954137802 -0.042636800557374954 0.0007727560005150735
v -0.025612900033593178 -0.04502439871430397 0.0010768099455162883
v -0.025612900033593178 -0.04502439871430397 0.0010768099455162883
v -0.02926339954137802 -0.042636800557374954 0.0007727560005150735
v -0.02557010017335415 -0.04494909942150116 0.0007727560005150735
v -0.025612900033593178 -0.04502439871430397 0.0010768099455162883
v -0.02557010017335415 -0.04494909942150116 0.0007727560005150735
v -0.021731499582529068 -0.0470208004117012 0.0010768099455162883
v -0.021731499582529068 -0.0470208004117012 0.0010768099455162883
v -0.02557010017335415 -0.04494909942150116 0.0007727560005150735
v -0.021695200353860855 -0.046942200511693954 0.000772755010984838
v -0.021731499582529068 -0.0470208004117012 0.0010768099455162883
v -0.021695200353860855 -0.046942200511693954 0.000772755010984838
v -0.017695799469947815 -0.04868340119719505 0.0010768099455162883
v -0.017695799469947815 -0.04868340119719505 0.0010768099455162883
v -0.021695200353860855 -0.046942200511693954 0.000772755010984838
v -0.017666200175881386 -0.04860199987888336 0.000772755010984838
v -0.017695799469947815 -0.04868340119719505 0.0010768099455162883
v -0.017666200175881386 -0.04860199987888336 0.000772755010984838
v -0.013534500263631344 -0.05000029876828194 0.0010768099455162883
v -0.013534500263631344 -0.05000029876828194 0.0010768099455162883
v -0.017666200175881386 -0.04860199987888336 0.000772755010984838
v -0.01351189985871315 -0.04991669952869415 0.000772755010984838
v -0.013534500263631344 -0.05000029876828194 0.0010768099455162883
v -0.01351189985871315 -0.04991669952869415 0.000772755010984838
v -0.009277090430259705 -0.05096219852566719 0.0010768099455162883
v -0.009277090430259705 -0.05096219852566719 0.0010768099455162883
v -0.01351189985871315 -0.04991669952869415 0.000772755010984838
v -0.009261580184102058 -0.05087700113654137 0.0007727540214546025
v -0.009277090430259705 -0.05096219852566719 0.0010768099455162883
v -0.009261580184102058 -0.05087700113654137 0.0007727540214546025
v -0.004953810013830662 -0.05156230181455612 0.0010768099455162883
v -0.004953810013830662 -0.05156230181455612 0.0010768099455162883
v -0.009261580184102058 -0.05087700113654137 0.0007727540214546025
v -0.004945530090481043 -0.05147609859704971 0.0007727540214546025
v -0.004953810013830662 -0.05156230181455612 0.0010768099455162883
v -0.004945530090481043 -0.05147609859704971 0.0007727540214546025
v -0.0005953540094196796 -0.05179629847407341 0.0010768099455162883
v -0.0005953540094196796 -0.05179629847407341 0.0010768099455162883
v -0.004945530090481043 -0.05147609859704971 0.0007727540214546025
v -0.0005943580181337893 -0.051709700375795364 0.0007727540214546025
v -0.0005953540094196796 -0.05179629847407341 0.0010768099455162883
v -0.0005943580181337893 -0.051709700375795364 0.0007727540214546025
v 8.794309724891036e-11 -0.05178679898381233 0.001005950034596026
v 8.794309724891036e-11 -0.05178679898381233 0.001005950034596026
v -0.0005943580181337893 -0.051709700375795364 0.0007727540214546025
v 6.767150034781011e-11 -0.05170920118689537 0.0007740739965811372
v 6.410490194230789e-11 0.05169549956917763 0.0007332729874178767
v 4.373959874848232e-11 0.051552798599004745 0.0005003209807910025
v -0.0005943580181337893 0.051709700375795364 0.0007727490155957639
v -0.0005943580181337893 0.051709700375795364 0.0007727490155957639
v 4.373959874848232e-11 0.051552798599004745 0.0005003209807910025
v -0.0005925309960730374 0.05155070126056671 0.0004995110211893916
v -0.0005943580181337893 0.051709700375795364 0.0007727490155957639
v -0.0005925309960730374 0.05155070126056671 0.0004995110211893916
v -0.004945530090481043 0.05147609859704971 0.0007727500051259995
v -0.004945530090481043 0.05147609859704971 0.0007727500051259995
v -0.0005925309960730374 0.05155070126056671 0.0004995110211893916
v -0.00493032019585371 0.05131779983639717 0.0004995120107196271
v -0.004945530090481043 0.05147609859704971 0.0007727500051259995
v -0.00493032019585371 0.05131779983639717 0.0004995120107196271
v -0.009261580184102058 0.05087700113654137 0.0007727500051259995
v -0.009261580184102058 0.05087700113654137 0.0007727500051259995
v -0.00493032019585371 0.05131779983639717 0.0004995120107196271
v -0.009233100339770317 0.05072059854865074 0.0004995120107196271
v -0.009261580184102058 0.05087700113654137 0.0007727500051259995
v -0.009233100339770317 0.05072059854865074 0.0004995120107196271
v -0.01351189985871315 0.04991669952869415 0.0007727500051259995
v -0.01351189985871315 0.04991669952869415 0.0007727500051259995
v -0.009233100339770317 0.05072059854865074 0.0004995120107196271
v -0.013470299541950226 0.04976319894194603 0.0004995120107196271
v -0.01351189985871315 0.04991669952869415 0.0007727500051259995
v -0.013470299541950226 0.04976319894194603 0.0004995120107196271
v -0.017666200175881386 0.04860199987888336 0.000772750994656235
v -0.017666200175881386 0.04860199987888336 0.000772750994656235
v -0.013470299541950226 0.04976319894194603 0.0004995120107196271
v -0.017611900344491005 0.04845250025391579 0.0004995130002498627
v -0.017666200175881386 0.04860199987888336 0.000772750994656235
v -0.017611900344491005 0.04845250025391579 0.0004995130002498627
v -0.021695200353860855 0.046942200511693954 0.000772750994656235
v -0.021695200353860855 0.046942200511693954 0.000772750994656235
v -0.017611900344491005 0.04845250025391579 0.0004995130002498627
v -0.021628500893712044 0.046797800809144974 0.0004995130002498627
v -0.021695200353860855 0.046942200511693954 0.000772750994656235
v -0.021628500893712044 0.046797800809144974 0.0004995130002498627
v -0.02557010017335415 0.04494909942150116 0.0007727519841864705
v -0.02557010017335415 0.04494909942150116 0.0007727519841864705
v -0.021628500893712044 0.046797800809144974 0.0004995130002498627
v -0.025491399690508842 0.04481080174446106 0.0004995139897800982
v -0.02557010017335415 0.04494909942150116 0.0007727519841864705
v -0.025491399690508842 0.04481080174446106 0.0004995139897800982
v -0.02926339954137802 0.042636800557374954 0.0007727519841864705
v -0.02926339954137802 0.042636800557374954 0.0007727519841864705
v -0.025491399690508842 0.04481080174446106 0.0004995139897800982
v -0.02917340025305748 0.04250570014119148 0.0004995139897800982
v -0.02926339954137802 0.042636800557374954 0.0007727519841864705
v -0.02917340025305748 0.04250570014119148 0.0004995139897800982
v -0.0327490009367466 0.040021900087594986 0.000772752973716706
v -0.0327490009367466 0.040021900087594986 0.000772752973716706
v -0.02917340025305748 0.04250570014119148 0.0004995139897800982
v -0.032648298889398575 0.03989880159497261 0.0004995149793103337
v -0.0327490009367466 0.040021900087594986 0.000772752973716706
v -0.032648298889398575 0.03989880159497261 0.0004995149793103337
v -0.03600199893116951 0.03712280094623566 0.000772752973716706
v -0.03600199893116951 0.03712280094623566 0.000772752973716706
v -0.032648298889398575 0.03989880159497261 0.0004995149793103337
v -0.035891298204660416 0.03700859844684601 0.0004995149793103337
v -0.03600199893116951 0.03712280094623566 0.000772752973716706
v -0.035891298204660416 0.03700859844684601 0.0004995149793103337
v -0.03899950161576271 0.03396010026335716 0.000772752973716706
v -0.03899950161576271 0.03396010026335716 0.000772752973716706
v -0.035891298204660416 0.03700859844684601 0.0004995149793103337
v -0.038879599422216415 0.03385559841990471 0.0004995149793103337
v -0.03899950161576271 0.03396010026335716 0.000772752973716706
v -0.038879599422216415 0.03385559841990471 0.0004995149793103337
v -0.04171999916434288 0.030556300655007362 0.0007727540214546025
v -0.04171999916434288 0.030556300655007362 0.0007727540214546025
v -0.038879599422216415 0.03385559841990471 0.0004995149793103337
v -0.04159170016646385 0.030462300404906273 0.0004995160270482302
v -0.04171999916434288 0.030556300655007362 0.0007727540214546025
v -0.04159170016646385 0.030462300404906273 0.0004995160270482302
v -0.0441443994641304 0.026935499161481857 0.0007727540214546025
v -0.0441443994641304 0.026935499161481857 0.0007727540214546025
v -0.04159170016646385 0.030462300404906273 0.0004995160270482302
v -0.04400860145688057 0.026852700859308243 0.0004995160270482302
v -0.0441443994641304 0.026935499161481857 0.0007727540214546025
v -0.04400860145688057 0.026852700859308243 0.0004995160270482302
v -0.04625530168414116 0.023123500868678093 0.0007727540214546025
v -0.04625530168414116 0.023123500868678093 0.0007727540214546025
v -0.04400860145688057 0.026852700859308243 0.0004995160270482302
v -0.04611299932003021 0.02305239997804165 0.0004995160270482302
v -0.04625530168414116 0.023123500868678093 0.0007727540214546025
v -0.04611299932003021 0.02305239997804165 0.0004995160270482302
v -0.048037800937891006 0.019147299230098724 0.000772755010984838
v -0.048037800937891006 0.019147299230098724 0.000772755010984838
v -0.04611299932003021 0.02305239997804165 0.0004995160270482302
v -0.04789000004529953 0.0190884992480278 0.0004995170165784657
v -0.048037800937891006 0.019147299230098724 0.000772755010984838
v -0.04789000004529953 0.0190884992480278 0.0004995170165784657
v -0.049479201436042786 0.01503519993275404 0.000772755010984838
v -0.049479201436042786 0.01503519993275404 0.000772755010984838
v -0.04789000004529953 0.0190884992480278 0.0004995170165784657
v -0.049327000975608826 0.01498899981379509 0.0004995170165784657
v -0.049479201436042786 0.01503519993275404 0.000772755010984838
v -0.049327000975608826 0.01498899981379509 0.0004995170165784657
v -0.05056929960846901 0.010816399939358234 0.000772755010984838
v -0.05056929960846901 0.010816399939358234 0.000772755010984838
v -0.049327000975608826 0.01498899981379509 0.0004995170165784657
v -0.05041379854083061 0.010783099569380283 0.0004995170165784657
v -0.05056929960846901 0.010816399939358234 0.000772755010984838
v -0.05041379854083061 0.010783099569380283 0.0004995170165784657
v -0.05105400085449219 0.007863650098443031 0.0006556690204888582
v -0.05105400085449219 0.007863650098443031 0.0006556690204888582
v -0.05041379854083061 0.010783099569380283 0.0004995170165784657
v -0.05105400085449219 0.007100540213286877 0.0005036380025558174
v -0.05105400085449219 -0.008477290160953999 0.0008795909816399217
v -0.05105400085449219 -0.0081994803622365 0.0007747909985482693
v -0.05056929960846901 -0.010816399939358234 0.0007727560005150735
v -0.05056929960846901 -0.010816399939358234 0.0007727560005150735
v -0.05105400085449219 -0.0081994803622365 0.0007747909985482693
v -0.05041379854083061 -0.010783099569380283 0.0004995180061087012
v -0.05056929960846901 -0.010816399939358234 0.0007727560005150735
v -0.05041379854083061 -0.010783099569380283 0.0004995180061087012
v -0.049479201436042786 -0.01503519993275404 0.0007727560005150735
v -0.049479201436042786 -0.01503519993275404 0.0007727560005150735
v -0.05041379854083061 -0.010783099569380283 0.0004995180061087012
v -0.049327000975608826 -0.01498899981379509 0.0004995180061087012
v -0.049479201436042786 -0.01503519993275404 0.0007727560005150735
v -0.049327000975608826 -0.01498899981379509 0.0004995180061087012
v -0.048037800937891006 -0.019147299230098724 0.0007727560005150735
v -0.048037800937891006 -0.019147299230098724 0.0007727560005150735
v -0.049327000975608826 -0.01498899981379509 0.0004995180061087012
v -0.04789000004529953 -0.0190884992480278 0.0004995180061087012
v -0.048037800937891006 -0.019147299230098724 0.0007727560005150735
v -0.04789000004529953 -0.0190884992480278 0.0004995180061087012
v -0.04625530168414116 -0.023123500868678093 0.0007727560005150735
v -0.04625530168414116 -0.023123500868678093 0.0007727560005150735
v -0.04789000004529953 -0.0190884992480278 0.0004995180061087012
v -0.04611299932003021 -0.02305239997804165 0.0004995180061087012
v -0.04625530168414116 -0.023123500868678093 0.0007727560005150735
v -0.04611299932003021 -0.02305239997804165 0.0004995180061087012
v -0.0441443994641304 -0.026935499161481857 0.0007727560005150735
v -0.0441443994641304 -0.026935499161481857 0.0007727560005150735
v -0.04611299932003021 -0.02305239997804165 0.0004995180061087012
v -0.04400860145688057 -0.026852700859308243 0.0004995180061087012
v -0.0441443994641304 -0.026935499161481857 0.0007727560005150735
v -0.04400860145688057 -0.026852700859308243 0.0004995180061087012
v -0.04171999916434288 -0.030556300655007362 0.0007727560005150735
v -0.04171999916434288 -0.030556300655007362 0.0007727560005150735
v -0.04400860145688057 -0.026852700859308243 0.0004995180061087012
v -0.04159170016646385 -0.030462300404906273 0.0004995180061087012
v -0.04171999916434288 -0.030556300655007362 0.0007727560005150735
v -0.04159170016646385 -0.030462300404906273 0.0004995180061087012
v -0.03899950161576271 -0.03396010026335716 0.0007727560005150735
v -0.03899950161576271 -0.03396010026335716 0.0007727560005150735
v -0.04159170016646385 -0.030462300404906273 0.0004995180061087012
v -0.038879599422216415 -0.03385559841990471 0.0004995180061087012
v -0.03899950161576271 -0.03396010026335716 0.0007727560005150735
v -0.038879599422216415 -0.03385559841990471 0.0004995180061087012
v -0.03600199893116951 -0.03712280094623566 0.0007727560005150735
v -0.03600199893116951 -0.03712280094623566 0.0007727560005150735
v -0.038879599422216415 -0.03385559841990471 0.0004995180061087012
v -0.035891298204660416 -0.03700859844684601 0.0004995180061087012
v -0.03600199893116951 -0.03712280094623566 0.0007727560005150735
v -0.035891298204660416 -0.03700859844684601 0.0004995180061087012
v -0.0327490009367466 -0.040021900087594986 0.0007727560005150735
v -0.0327490009367466 -0.040021900087594986 0.0007727560005150735
v -0.035891298204660416 -0.03700859844684601 0.0004995180061087012
v -0.032648298889398575 -0.03989880159497261 0.0004995180061087012
v -0.0327490009367466 -0.040021900087594986 0.0007727560005150735
v -0.032648298889398575 -0.03989880159497261 0.0004995180061087012
v -0.02926339954137802 -0.042636800557374954 0.0007727560005150735
v -0.02926339954137802 -0.042636800557374954 0.0007727560005150735
v -0.032648298889398575 -0.03989880159497261 0.0004995180061087012
v -0.02917340025305748 -0.04250570014119148 0.0004995180061087012
v -0.02926339954137802 -0.042636800557374954 0.0007727560005150735
v -0.02917340025305748 -0.04250570014119148 0.0004995180061087012
v -0.02557010017335415 -0.04494909942150116 0.0007727560005150735
v -0.02557010017335415 -0.04494909942150116 0.0007727560005150735
v -0.02917340025305748 -0.04250570014119148 0.0004995180061087012
v -0.025491399690508842 -0.04481080174446106 0.0004995180061087012
v -0.02557010017335415 -0.04494909942150116 0.0007727560005150735
v -0.025491399690508842 -0.04481080174446106 0.0004995180061087012
v -0.021695200353860855 -0.046942200511693954 0.000772755010984838
v -0.021695200353860855 -0.046942200511693954 0.000772755010984838
v -0.025491399690508842 -0.04481080174446106 0.0004995180061087012
v -0.021628500893712044 -0.046797800809144974 0.0004995170165784657
v -0.021695200353860855 -0.046942200511693954 0.000772755010984838
v -0.021628500893712044 -0.046797800809144974 0.0004995170165784657
v -0.017666200175881386 -0.04860199987888336 0.000772755010984838
v -0.017666200175881386 -0.04860199987888336 0.000772755010984838
v -0.021628500893712044 -0.046797800809144974 0.0004995170165784657
v -0.017611900344491005 -0.04845250025391579 0.0004995170165784657
v -0.017666200175881386 -0.04860199987888336 0.000772755010984838
v -0.017611900344491005 -0.04845250025391579 0.0004995170165784657
v -0.01351189985871315 -0.04991669952869415 0.000772755010984838
v -0.01351189985871315 -0.04991669952869415 0.000772755010984838
v -0.017611900344491005 -0.04845250025391579 0.0004995170165784657
v -0.013470299541950226 -0.04976319894194603 0.0004995170165784657
v -0.01351189985871315 -0.04991669952869415 0.000772755010984838
v -0.013470299541950226 -0.04976319894194603 0.0004995170165784657
v -0.009261580184102058 -0.05087700113654137 0.0007727540214546025
v -0.009261580184102058 -0.05087700113654137 0.0007727540214546025
v -0.013470299541950226 -0.04976319894194603 0.0004995170165784657
v -0.009233100339770317 -0.05072059854865074 0.0004995160270482302
v -0.009261580184102058 -0.05087700113654137 0.0007727540214546025
v -0.009233100339770317 -0.05072059854865074 0.0004995160270482302
v -0.004945530090481043 -0.05147609859704971 0.0007727540214546025
v -0.004945530090481043 -0.05147609859704971 0.0007727540214546025
v -0.009233100339770317 -0.05072059854865074 0.0004995160270482302
v -0.00493032019585371 -0.05131779983639717 0.0004995160270482302
v -0.004945530090481043 -0.05147609859704971 0.0007727540214546025
v -0.00493032019585371 -0.05131779983639717 0.0004995160270482302
v -0.0005943580181337893 -0.051709700375795364 0.0007727540214546025
v -0.0005943580181337893 -0.051709700375795364 0.0007727540214546025
v -0.00493032019585371 -0.05131779983639717 0.0004995160270482302
v -0.0005925309960730374 -0.05155070126056671 0.0004995160270482302
v -0.0005943580181337893 -0.051709700375795364 0.0007727540214546025
v -0.0005925309960730374 -0.05155070126056671 0.0004995160270482302
v 6.410490194230789e-11 -0.05169549956917763 0.0007332770037464797
v 6.410490194230789e-11 -0.05169549956917763 0.0007332770037464797
v -0.0005925309960730374 -0.05155070126056671 0.0004995160270482302
v 4.267190073514726e-11 -0.05154529958963394 0.0004881120112258941
v 4.373959874848232e-11 0.051552798599004745 0.0005003209807910025
v 4.267190073514726e-11 0.05154529958963394 0.00048810799489729106
v -0.0005925309960730374 0.05155070126056671 0.0004995110211893916
v -0.0005925309960730374 0.05155070126056671 0.0004995110211893916
v 4.267190073514726e-11 0.05154529958963394 0.00048810799489729106
v -0.0005899840034544468 0.051329098641872406 0.00027401899569667876
v -0.0005925309960730374 0.05155070126056671 0.0004995110211893916
v -0.0005899840034544468 0.051329098641872406 0.00027401899569667876
v -0.00493032019585371 0.05131779983639717 0.0004995120107196271
v -0.00493032019585371 0.05131779983639717 0.0004995120107196271
v -0.0005899840034544468 0.051329098641872406 0.00027401899569667876
v -0.004909129813313484 0.05109719932079315 0.00027401899569667876
v -0.00493032019585371 0.05131779983639717 0.0004995120107196271
v -0.004909129813313484 0.05109719932079315 0.00027401899569667876
v -0.009233100339770317 0.05072059854865074 0.0004995120107196271
v -0.009233100339770317 0.05072059854865074 0.0004995120107196271
v -0.004909129813313484 0.05109719932079315 0.00027401899569667876
v -0.00919341016560793 0.05050250142812729 0.00027402001433074474
v -0.009233100339770317 0.05072059854865074 0.0004995120107196271
v -0.00919341016560793 0.05050250142812729 0.00027402001433074474
v -0.013470299541950226 0.04976319894194603 0.0004995120107196271
v -0.013470299541950226 0.04976319894194603 0.0004995120107196271
v -0.00919341016560793 0.05050250142812729 0.00027402001433074474
v -0.013412400148808956 0.049549300223588943 0.00027402001433074474
v -0.013470299541950226 0.04976319894194603 0.0004995120107196271
v -0.013412400148808956 0.049549300223588943 0.00027402001433074474
v -0.017611900344491005 0.04845250025391579 0.0004995130002498627
v -0.017611900344491005 0.04845250025391579 0.0004995130002498627
v -0.013412400148808956 0.049549300223588943 0.00027402001433074474
v -0.01753620058298111 0.04824420064687729 0.00027402100386098027
v -0.017611900344491005 0.04845250025391579 0.0004995130002498627
v -0.01753620058298111 0.04824420064687729 0.00027402100386098027
v -0.021628500893712044 0.046797800809144974 0.0004995130002498627
v -0.021628500893712044 0.046797800809144974 0.0004995130002498627
v -0.01753620058298111 0.04824420064687729 0.00027402100386098027
v -0.02153550088405609 0.046596698462963104 0.00027402100386098027
v -0.021628500893712044 0.046797800809144974 0.0004995130002498627
v -0.02153550088405609 0.046596698462963104 0.00027402100386098027
v -0.025491399690508842 0.04481080174446106 0.0004995139897800982
v -0.025491399690508842 0.04481080174446106 0.0004995139897800982
v -0.02153550088405609 0.046596698462963104 0.00027402100386098027
v -0.025381900370121002 0.04461820051074028 0.0002740219933912158
v -0.025491399690508842 0.04481080174446106 0.0004995139897800982
v -0.025381900370121002 0.04461820051074028 0.0002740219933912158
v -0.02917340025305748 0.04250570014119148 0.0004995139897800982
v -0.02917340025305748 0.04250570014119148 0.0004995139897800982
v -0.025381900370121002 0.04461820051074028 0.0002740219933912158
v -0.029047999531030655 0.042323000729084015 0.0002740219933912158
v -0.02917340025305748 0.04250570014119148 0.0004995139897800982
v -0.029047999531030655 0.042323000729084015 0.0002740219933912158
v -0.032648298889398575 0.03989880159497261 0.0004995149793103337
v -0.032648298889398575 0.03989880159497261 0.0004995149793103337
v -0.029047999531030655 0.042323000729084015 0.0002740219933912158
v -0.03250790014863014 0.03972730040550232 0.0002740219933912158
v -0.032648298889398575 0.03989880159497261 0.0004995149793103337
v -0.03250790014863014 0.03972730040550232 0.0002740219933912158
v -0.035891298204660416 0.03700859844684601 0.0004995149793103337
v -0.035891298204660416 0.03700859844684601 0.0004995149793103337
v -0.03250790014863014 0.03972730040550232 0.0002740219933912158
v -0.03573710098862648 0.0368494987487793 0.0002740230120252818
v -0.035891298204660416 0.03700859844684601 0.0004995149793103337
v -0.03573710098862648 0.0368494987487793 0.0002740230120252818
v -0.038879599422216415 0.03385559841990471 0.0004995149793103337
v -0.038879599422216415 0.03385559841990471 0.0004995149793103337
v -0.03573710098862648 0.0368494987487793 0.0002740230120252818
v -0.03871240094304085 0.03371009975671768 0.0002740230120252818
v -0.038879599422216415 0.03385559841990471 0.0004995149793103337
v -0.03871240094304085 0.03371009975671768 0.0002740230120252818
v -0.04159170016646385 0.030462300404906273 0.0004995160270482302
v -0.04159170016646385 0.030462300404906273 0.0004995160270482302
v -0.03871240094304085 0.03371009975671768 0.0002740230120252818
v -0.04141300171613693 0.03033139929175377 0.0002740240015555173
v -0.04159170016646385 0.030462300404906273 0.0004995160270482302
v -0.04141300171613693 0.03033139929175377 0.0002740240015555173
v -0.04400860145688057 0.026852700859308243 0.0004995160270482302
v -0.04400860145688057 0.026852700859308243 0.0004995160270482302
v -0.04141300171613693 0.03033139929175377 0.0002740240015555173
v -0.043819401413202286 0.02673730067908764 0.0002740240015555173
v -0.04400860145688057 0.026852700859308243 0.0004995160270482302
v -0.043819401413202286 0.02673730067908764 0.0002740240015555173
v -0.04611299932003021 0.02305239997804165 0.0004995160270482302
v -0.04611299932003021 0.02305239997804165 0.0004995160270482302
v -0.043819401413202286 0.02673730067908764 0.0002740240015555173
v -0.045914798974990845 0.022953299805521965 0.0002740240015555173
v -0.04611299932003021 0.02305239997804165 0.0004995160270482302
v -0.045914798974990845 0.022953299805521965 0.0002740240015555173
v -0.04789000004529953 0.0190884992480278 0.0004995170165784657
v -0.04789000004529953 0.0190884992480278 0.0004995170165784657
v -0.045914798974990845 0.022953299805521965 0.0002740240015555173
v -0.0476842001080513 0.01900639943778515 0.00027402499108575284
v -0.04789000004529953 0.0190884992480278 0.0004995170165784657
v -0.0476842001080513 0.01900639943778515 0.00027402499108575284
v -0.049327000975608826 0.01498899981379509 0.0004995170165784657
v -0.049327000975608826 0.01498899981379509 0.0004995170165784657
v -0.0476842001080513 0.01900639943778515 0.00027402499108575284
v -0.04911499843001366 0.014924599789083004 0.00027402499108575284
v -0.049327000975608826 0.01498899981379509 0.0004995170165784657
v -0.04911499843001366 0.014924599789083004 0.00027402499108575284
v -0.05041379854083061 0.010783099569380283 0.0004995170165784657
v -0.05041379854083061 0.010783099569380283 0.0004995170165784657
v -0.04911499843001366 0.014924599789083004 0.00027402499108575284
v -0.05019709840416908 0.010736700147390366 0.00027402499108575284
v -0.05041379854083061 0.010783099569380283 0.0004995170165784657
v -0.05019709840416908 0.010736700147390366 0.00027402499108575284
v -0.05105400085449219 0.007100540213286877 0.0005036380025558174
v -0.05105400085449219 0.007100540213286877 0.0005036380025558174
v -0.05019709840416908 0.010736700147390366 0.00027402499108575284
v -0.05092279985547066 0.0064726900309324265 0.00027402499108575284
v -0.05105400085449219 0.007100540213286877 0.0005036380025558174
v -0.05092279985547066 0.0064726900309324265 0.00027402499108575284
v -0.05105400085449219 0.006703900173306465 0.00042461499106138945
v 2.4070001200526825e-11 -0.05133169889450073 0.0002753309963736683
v 2.4742798088173146e-11 -0.05134379863739014 0.0002830270095728338
v -0.0005899840034544468 -0.051329098641872406 0.0002740240015555173
v -0.0005899840034544468 -0.051329098641872406 0.0002740240015555173
v 2.4742798088173146e-11 -0.05134379863739014 0.0002830270095728338
v -0.0005925309960730374 -0.05155070126056671 0.0004995160270482302
v -0.0005899840034544468 -0.051329098641872406 0.0002740240015555173
v -0.0005925309960730374 -0.05155070126056671 0.0004995160270482302
v -0.004909129813313484 -0.05109719932079315 0.0002740240015555173
v -0.004909129813313484 -0.05109719932079315 0.0002740240015555173
v -0.0005925309960730374 -0.05155070126056671 0.0004995160270482302
v -0.00493032019585371 -0.05131779983639717 0.0004995160270482302
v -0.004909129813313484 -0.05109719932079315 0.0002740240015555173
v -0.00493032019585371 -0.05131779983639717 0.0004995160270482302
v -0.00919341016560793 -0.05050250142812729 0.0002740240015555173
v -0.00919341016560793 -0.05050250142812729 0.0002740240015555173
v -0.00493032019585371 -0.05131779983639717 0.0004995160270482302
v -0.009233100339770317 -0.05072059854865074 0.0004995160270482302
v -0.00919341016560793 -0.05050250142812729 0.0002740240015555173
v -0.009233100339770317 -0.05072059854865074 0.0004995160270482302
v -0.013412400148808956 -0.049549300223588943 0.00027402499108575284
v -0.013412400148808956 -0.049549300223588943 0.00027402499108575284
v -0.009233100339770317 -0.05072059854865074 0.0004995160270482302
v -0.013470299541950226 -0.04976319894194603 0.0004995170165784657
v -0.013412400148808956 -0.049549300223588943 0.00027402499108575284
v -0.013470299541950226 -0.04976319894194603 0.0004995170165784657
v -0.01753620058298111 -0.04824420064687729 0.00027402499108575284
v -0.01753620058298111 -0.04824420064687729 0.00027402499108575284
v -0.013470299541950226 -0.04976319894194603 0.0004995170165784657
v -0.017611900344491005 -0.04845250025391579 0.0004995170165784657
v -0.01753620058298111 -0.04824420064687729 0.00027402499108575284
v -0.017611900344491005 -0.04845250025391579 0.0004995170165784657
v -0.02153550088405609 -0.046596698462963104 0.00027402499108575284
v -0.02153550088405609 -0.046596698462963104 0.00027402499108575284
v -0.017611900344491005 -0.04845250025391579 0.0004995170165784657
v -0.021628500893712044 -0.046797800809144974 0.0004995170165784657
v -0.02153550088405609 -0.046596698462963104 0.00027402499108575284
v -0.021628500893712044 -0.046797800809144974 0.0004995170165784657
v -0.025381900370121002 -0.04461820051074028 0.00027402499108575284
v -0.025381900370121002 -0.04461820051074028 0.00027402499108575284
v -0.021628500893712044 -0.046797800809144974 0.0004995170165784657
v -0.025491399690508842 -0.04481080174446106 0.0004995180061087012
v -0.025381900370121002 -0.04461820051074028 0.00027402499108575284
v -0.025491399690508842 -0.04481080174446106 0.0004995180061087012
v -0.029047999531030655 -0.042323000729084015 0.00027402600971981883
v -0.029047999531030655 -0.042323000729084015 0.00027402600971981883
v -0.025491399690508842 -0.04481080174446106 0.0004995180061087012
v -0.02917340025305748 -0.04250570014119148 0.0004995180061087012
v -0.029047999531030655 -0.042323000729084015 0.00027402600971981883
v -0.02917340025305748 -0.04250570014119148 0.0004995180061087012
v -0.03250790014863014 -0.03972730040550232 0.00027402600971981883
v -0.03250790014863014 -0.03972730040550232 0.00027402600971981883
v -0.02917340025305748 -0.04250570014119148 0.0004995180061087012
v -0.032648298889398575 -0.03989880159497261 0.0004995180061087012
v -0.03250790014863014 -0.03972730040550232 0.00027402600971981883
v -0.032648298889398575 -0.03989880159497261 0.0004995180061087012
v -0.03573710098862648 -0.0368494987487793 0.00027402600971981883
v -0.03573710098862648 -0.0368494987487793 0.00027402600971981883
v -0.032648298889398575 -0.03989880159497261 0.0004995180061087012
v -0.035891298204660416 -0.03700859844684601 0.0004995180061087012
v -0.03573710098862648 -0.0368494987487793 0.00027402600971981883
v -0.035891298204660416 -0.03700859844684601 0.0004995180061087012
v -0.03871240094304085 -0.03371009975671768 0.00027402600971981883
v -0.03871240094304085 -0.03371009975671768 0.00027402600971981883
v -0.035891298204660416 -0.03700859844684601 0.0004995180061087012
v -0.038879599422216415 -0.03385559841990471 0.0004995180061087012
v -0.03871240094304085 -0.03371009975671768 0.00027402600971981883
v -0.038879599422216415 -0.03385559841990471 0.0004995180061087012
v -0.04141300171613693 -0.03033139929175377 0.00027402600971981883
v -0.04141300171613693 -0.03033139929175377 0.00027402600971981883
v -0.038879599422216415 -0.03385559841990471 0.0004995180061087012
v -0.04159170016646385 -0.030462300404906273 0.0004995180061087012
v -0.04141300171613693 -0.03033139929175377 0.00027402600971981883
v -0.04159170016646385 -0.030462300404906273 0.0004995180061087012
v -0.043819401413202286 -0.02673730067908764 0.00027402600971981883
v -0.043819401413202286 -0.02673730067908764 0.00027402600971981883
v -0.04159170016646385 -0.030462300404906273 0.0004995180061087012
v -0.04400860145688057 -0.026852700859308243 0.0004995180061087012
v -0.043819401413202286 -0.02673730067908764 0.00027402600971981883
v -0.04400860145688057 -0.026852700859308243 0.0004995180061087012
v -0.045914798974990845 -0.022953299805521965 0.00027402600971981883
v -0.045914798974990845 -0.022953299805521965 0.00027402600971981883
v -0.04400860145688057 -0.026852700859308243 0.0004995180061087012
v -0.04611299932003021 -0.02305239997804165 0.0004995180061087012
v -0.045914798974990845 -0.022953299805521965 0.00027402600971981883
v -0.04611299932003021 -0.02305239997804165 0.0004995180061087012
v -0.0476842001080513 -0.01900639943778515 0.00027402600971981883
v -0.0476842001080513 -0.01900639943778515 0.00027402600971981883
v -0.04611299932003021 -0.02305239997804165 0.0004995180061087012
v -0.04789000004529953 -0.0190884992480278 0.0004995180061087012
v -0.0476842001080513 -0.01900639943778515 0.00027402600971981883
v -0.04789000004529953 -0.0190884992480278 0.0004995180061087012
v -0.04911499843001366 -0.014924599789083004 0.00027402600971981883
v -0.04911499843001366 -0.014924599789083004 0.00027402600971981883
v -0.04789000004529953 -0.0190884992480278 0.0004995180061087012
v -0.049327000975608826 -0.01498899981379509 0.0004995180061087012
v -0.04911499843001366 -0.014924599789083004 0.00027402600971981883
v -0.049327000975608826 -0.01498899981379509 0.0004995180061087012
v -0.05019709840416908 -0.010736700147390366 0.00027402600971981883
v -0.05019709840416908 -0.010736700147390366 0.00027402600971981883
v -0.049327000975608826 -0.01498899981379509 0.0004995180061087012
v -0.05041379854083061 -0.010783099569380283 0.0004995180061087012
v -0.05019709840416908 -0.010736700147390366 0.00027402600971981883
v -0.05041379854083061 -0.010783099569380283 0.0004995180061087012
v -0.05092279985547066 -0.0064726900309324265 0.00027402600971981883
v -0.05092279985547066 -0.0064726900309324265 0.00027402600971981883
v -0.05041379854083061 -0.010783099569380283 0.0004995180061087012
v -0.05105400085449219 -0.007111249957233667 0.0005029260064475238
v -0.05092279985547066 -0.0064726900309324265 0.00027402600971981883
v -0.05105400085449219 -0.007111249957233667 0.0005029260064475238
v -0.05105400085449219 -0.006828969810158014 0.00044340500608086586
v 2.4742798088173146e-11 0.05134379863739014 0.0002830220037139952
v 1.1236599324615515e-11 0.05110130086541176 0.0001285290054511279
v -0.0005899840034544468 0.051329098641872406 0.00027401899569667876
v -0.0005899840034544468 0.051329098641872406 0.00027401899569667876
v 1.1236599324615515e-11 0.05110130086541176 0.0001285290054511279
v -0.0005868760053999722 0.05105869844555855 0.00011024600098608062
v -0.0005899840034544468 0.051329098641872406 0.00027401899569667876
v -0.0005868760053999722 0.05105869844555855 0.00011024600098608062
v -0.004909129813313484 0.05109719932079315 0.00027401899569667876
v -0.004909129813313484 0.05109719932079315 0.00027401899569667876
v -0.0005868760053999722 0.05105869844555855 0.00011024600098608062
v -0.004883260000497103 0.05082809925079346 0.00011024699779227376
v -0.004909129813313484 0.05109719932079315 0.00027401899569667876
v -0.004883260000497103 0.05082809925079346 0.00011024699779227376
v -0.00919341016560793 0.05050250142812729 0.00027402001433074474
v -0.00919341016560793 0.05050250142812729 0.00027402001433074474
v -0.004883260000497103 0.05082809925079346 0.00011024699779227376
v -0.00914498046040535 0.050236500799655914 0.00011024699779227376
v -0.00919341016560793 0.05050250142812729 0.00027402001433074474
v -0.00914498046040535 0.050236500799655914 0.00011024699779227376
v -0.013412400148808956 0.049549300223588943 0.00027402001433074474
v -0.013412400148808956 0.049549300223588943 0.00027402001433074474
v -0.00914498046040535 0.050236500799655914 0.00011024699779227376
v -0.013341800309717655 0.049288298934698105 0.00011024699779227376
v -0.013412400148808956 0.049549300223588943 0.00027402001433074474
v -0.013341800309717655 0.049288298934698105 0.00011024699779227376
v -0.01753620058298111 0.04824420064687729 0.00027402100386098027
v -0.01753620058298111 0.04824420064687729 0.00027402100386098027
v -0.013341800309717655 0.049288298934698105 0.00011024699779227376
v -0.01744380034506321 0.0479900985956192 0.00011024800187442452
v -0.01753620058298111 0.04824420064687729 0.00027402100386098027
v -0.01744380034506321 0.0479900985956192 0.00011024800187442452
v -0.02153550088405609 0.046596698462963104 0.00027402100386098027
v -0.02153550088405609 0.046596698462963104 0.00027402100386098027
v -0.01744380034506321 0.0479900985956192 0.00011024800187442452
v -0.021422000601887703 0.046351201832294464 0.00011024800187442452
v -0.02153550088405609 0.046596698462963104 0.00027402100386098027
v -0.021422000601887703 0.046351201832294464 0.00011024800187442452
v -0.025381900370121002 0.04461820051074028 0.0002740219933912158
v -0.025381900370121002 0.04461820051074028 0.0002740219933912158
v -0.021422000601887703 0.046351201832294464 0.00011024800187442452
v -0.025248199701309204 0.044383201748132706 0.00011024899868061766
v -0.025381900370121002 0.04461820051074028 0.0002740219933912158
v -0.025248199701309204 0.044383201748132706 0.00011024899868061766
v -0.029047999531030655 0.042323000729084015 0.0002740219933912158
v -0.029047999531030655 0.042323000729084015 0.0002740219933912158
v -0.025248199701309204 0.044383201748132706 0.00011024899868061766
v -0.028894999995827675 0.042100101709365845 0.00011024899868061766
v -0.029047999531030655 0.042323000729084015 0.0002740219933912158
v -0.028894999995827675 0.042100101709365845 0.00011024899868061766
v -0.03250790014863014 0.03972730040550232 0.0002740219933912158
v -0.03250790014863014 0.03972730040550232 0.0002740219933912158
v -0.028894999995827675 0.042100101709365845 0.00011024899868061766
v -0.032336700707674026 0.039517998695373535 0.00011025000276276842
v -0.03250790014863014 0.03972730040550232 0.0002740219933912158
v -0.032336700707674026 0.039517998695373535 0.00011025000276276842
v -0.03573710098862648 0.0368494987487793 0.0002740230120252818
v -0.03573710098862648 0.0368494987487793 0.0002740230120252818
v -0.032336700707674026 0.039517998695373535 0.00011025000276276842
v -0.035548798739910126 0.036655399948358536 0.00011025000276276842
v -0.03573710098862648 0.0368494987487793 0.0002740230120252818
v -0.035548798739910126 0.036655399948358536 0.00011025000276276842
v -0.03871240094304085 0.03371009975671768 0.0002740230120252818
v -0.03871240094304085 0.03371009975671768 0.0002740230120252818
v -0.035548798739910126 0.036655399948358536 0.00011025000276276842
v -0.03850850090384483 0.03353250026702881 0.00011025000276276842
v -0.03871240094304085 0.03371009975671768 0.0002740230120252818
v -0.03850850090384483 0.03353250026702881 0.00011025000276276842
v -0.04141300171613693 0.03033139929175377 0.0002740240015555173
v -0.04141300171613693 0.03033139929175377 0.0002740240015555173
v -0.03850850090384483 0.03353250026702881 0.00011025000276276842
v -0.04119480028748512 0.030171599239110947 0.00011025099956896156
v -0.04141300171613693 0.03033139929175377 0.0002740240015555173
v -0.04119480028748512 0.030171599239110947 0.00011025099956896156
v -0.043819401413202286 0.02673730067908764 0.0002740240015555173
v -0.043819401413202286 0.02673730067908764 0.0002740240015555173
v -0.04119480028748512 0.030171599239110947 0.00011025099956896156
v -0.04358860105276108 0.026596400886774063 0.00011025099956896156
v -0.043819401413202286 0.02673730067908764 0.0002740240015555173
v -0.04358860105276108 0.026596400886774063 0.00011025099956896156
v -0.045914798974990845 0.022953299805521965 0.0002740240015555173
v -0.045914798974990845 0.022953299805521965 0.0002740240015555173
v -0.04358860105276108 0.026596400886774063 0.00011025099956896156
v -0.04567290097475052 0.022832399234175682 0.00011025099956896156
v -0.045914798974990845 0.022953299805521965 0.0002740240015555173
v -0.04567290097475052 0.022832399234175682 0.00011025099956896156
v -0.0476842001080513 0.01900639943778515 0.00027402499108575284
v -0.0476842001080513 0.01900639943778515 0.00027402499108575284
v -0.04567290097475052 0.022832399234175682 0.00011025099956896156
v -0.047433000057935715 0.018906300887465477 0.0001102519963751547
v -0.0476842001080513 0.01900639943778515 0.00027402499108575284
v -0.047433000057935715 0.018906300887465477 0.0001102519963751547
v -0.04911499843001366 0.014924599789083004 0.00027402499108575284
v -0.04911499843001366 0.014924599789083004 0.00027402499108575284
v -0.047433000057935715 0.018906300887465477 0.0001102519963751547
v -0.04885629937052727 0.014845900237560272 0.0001102519963751547
v -0.04911499843001366 0.014924599789083004 0.00027402499108575284
v -0.04885629937052727 0.014845900237560272 0.0001102519963751547
v -0.05019709840416908 0.010736700147390366 0.00027402499108575284
v -0.05019709840416908 0.010736700147390366 0.00027402499108575284
v -0.04885629937052727 0.014845900237560272 0.0001102519963751547
v -0.04993269965052605 0.010680199600756168 0.0001102519963751547
v -0.05019709840416908 0.010736700147390366 0.00027402499108575284
v -0.04993269965052605 0.010680199600756168 0.0001102519963751547
v -0.05092279985547066 0.0064726900309324265 0.00027402499108575284
v -0.05092279985547066 0.0064726900309324265 0.00027402499108575284
v -0.04993269965052605 0.010680199600756168 0.0001102519963751547
v -0.05065450072288513 0.006438590120524168 0.00011025300045730546
v -0.05092279985547066 0.0064726900309324265 0.00027402499108575284
v -0.05065450072288513 0.006438590120524168 0.00011025300045730546
v -0.05105400085449219 0.0052299401722848415 0.0002788460114970803
v -0.05105400085449219 0.0052299401722848415 0.0002788460114970803
v -0.05065450072288513 0.006438590120524168 0.00011025300045730546
v -0.05105400085449219 0.004731679800897837 0.00022957100009080023
v -0.05092279985547066 -0.0064726900309324265 0.00027402600971981883
v -0.05105400085449219 -0.0052535501308739185 0.0002778870111797005
v -0.05065450072288513 -0.006438590120524168 0.00011025300045730546
v -0.05092279985547066 -0.0064726900309324265 0.00027402600971981883
v -0.05065450072288513 -0.006438590120524168 0.00011025300045730546
v -0.05019709840416908 -0.010736700147390366 0.00027402600971981883
v -0.05019709840416908 -0.010736700147390366 0.00027402600971981883
v -0.05065450072288513 -0.006438590120524168 0.00011025300045730546
v -0.04993269965052605 -0.010680199600756168 0.00011025300045730546
v -0.05019709840416908 -0.010736700147390366 0.00027402600971981883
v -0.04993269965052605 -0.010680199600756168 0.00011025300045730546
v -0.04911499843001366 -0.014924599789083004 0.00027402600971981883
v -0.04911499843001366 -0.014924599789083004 0.00027402600971981883
v -0.04993269965052605 -0.010680199600756168 0.00011025300045730546
v -0.04885629937052727 -0.014845900237560272 0.00011025300045730546
v -0.04911499843001366 -0.014924599789083004 0.00027402600971981883
v -0.04885629937052727 -0.014845900237560272 0.00011025300045730546
v -0.0476842001080513 -0.01900639943778515 0.00027402600971981883
v -0.0476842001080513 -0.01900639943778515 0.00027402600971981883
v -0.04885629937052727 -0.014845900237560272 0.00011025300045730546
v -0.047433000057935715 -0.018906300887465477 0.00011025300045730546
v -0.0476842001080513 -0.01900639943778515 0.00027402600971981883
v -0.047433000057935715 -0.018906300887465477 0.00011025300045730546
v -0.045914798974990845 -0.022953299805521965 0.00027402600971981883
v -0.045914798974990845 -0.022953299805521965 0.00027402600971981883
v -0.047433000057935715 -0.018906300887465477 0.00011025300045730546
v -0.04567290097475052 -0.022832399234175682 0.00011025300045730546
v -0.045914798974990845 -0.022953299805521965 0.00027402600971981883
v -0.04567290097475052 -0.022832399234175682 0.00011025300045730546
v -0.043819401413202286 -0.02673730067908764 0.00027402600971981883
v -0.043819401413202286 -0.02673730067908764 0.00027402600971981883
v -0.04567290097475052 -0.022832399234175682 0.00011025300045730546
v -0.04358860105276108 -0.026596400886774063 0.00011025300045730546
v -0.043819401413202286 -0.02673730067908764 0.00027402600971981883
v -0.04358860105276108 -0.026596400886774063 0.00011025300045730546
v -0.04141300171613693 -0.03033139929175377 0.00027402600971981883
v -0.04141300171613693 -0.03033139929175377 0.00027402600971981883
v -0.04358860105276108 -0.026596400886774063 0.00011025300045730546
v -0.04119480028748512 -0.030171599239110947 0.00011025300045730546
v -0.04141300171613693 -0.03033139929175377 0.00027402600971981883
v -0.04119480028748512 -0.030171599239110947 0.00011025300045730546
v -0.03871240094304085 -0.03371009975671768 0.00027402600971981883
v -0.03871240094304085 -0.03371009975671768 0.00027402600971981883
v -0.04119480028748512 -0.030171599239110947 0.00011025300045730546
v -0.03850850090384483 -0.03353250026702881 0.00011025300045730546
v -0.03871240094304085 -0.03371009975671768 0.00027402600971981883
v -0.03850850090384483 -0.03353250026702881 0.00011025300045730546
v -0.03573710098862648 -0.0368494987487793 0.00027402600971981883
v -0.03573710098862648 -0.0368494987487793 0.00027402600971981883
v -0.03850850090384483 -0.03353250026702881 0.00011025300045730546
v -0.035548798739910126 -0.036655399948358536 0.00011025300045730546
v -0.03573710098862648 -0.0368494987487793 0.00027402600971981883
v -0.035548798739910126 -0.036655399948358536 0.00011025300045730546
v -0.03250790014863014 -0.03972730040550232 0.00027402600971981883
v -0.03250790014863014 -0.03972730040550232 0.00027402600971981883
v -0.035548798739910126 -0.036655399948358536 0.00011025300045730546
v -0.032336700707674026 -0.039517998695373535 0.00011025300045730546
v -0.03250790014863014 -0.03972730040550232 0.00027402600971981883
v -0.032336700707674026 -0.039517998695373535 0.00011025300045730546
v -0.029047999531030655 -0.042323000729084015 0.00027402600971981883
v -0.029047999531030655 -0.042323000729084015 0.00027402600971981883
v -0.032336700707674026 -0.039517998695373535 0.00011025300045730546
v -0.028894999995827675 -0.042100101709365845 0.00011025300045730546
v -0.029047999531030655 -0.042323000729084015 0.00027402600971981883
v -0.028894999995827675 -0.042100101709365845 0.00011025300045730546
v -0.025381900370121002 -0.04461820051074028 0.00027402499108575284
v -0.025381900370121002 -0.04461820051074028 0.00027402499108575284
v -0.028894999995827675 -0.042100101709365845 0.00011025300045730546
v -0.025248199701309204 -0.044383201748132706 0.00011025300045730546
v -0.025381900370121002 -0.04461820051074028 0.00027402499108575284
v -0.025248199701309204 -0.044383201748132706 0.00011025300045730546
v -0.02153550088405609 -0.046596698462963104 0.00027402499108575284
v -0.02153550088405609 -0.046596698462963104 0.00027402499108575284
v -0.025248199701309204 -0.044383201748132706 0.00011025300045730546
v -0.021422000601887703 -0.046351201832294464 0.0001102519963751547
v -0.02153550088405609 -0.046596698462963104 0.00027402499108575284
v -0.021422000601887703 -0.046351201832294464 0.0001102519963751547
v -0.01753620058298111 -0.04824420064687729 0.00027402499108575284
v -0.01753620058298111 -0.04824420064687729 0.00027402499108575284
v -0.021422000601887703 -0.046351201832294464 0.0001102519963751547
v -0.01744380034506321 -0.0479900985956192 0.0001102519963751547
v -0.01753620058298111 -0.04824420064687729 0.00027402499108575284
v -0.01744380034506321 -0.0479900985956192 0.0001102519963751547
v -0.013412400148808956 -0.049549300223588943 0.00027402499108575284
v -0.013412400148808956 -0.049549300223588943 0.00027402499108575284
v -0.01744380034506321 -0.0479900985956192 0.0001102519963751547
v -0.013341800309717655 -0.049288298934698105 0.0001102519963751547
v -0.013412400148808956 -0.049549300223588943 0.00027402499108575284
v -0.013341800309717655 -0.049288298934698105 0.0001102519963751547
v -0.00919341016560793 -0.05050250142812729 0.0002740240015555173
v -0.00919341016560793 -0.05050250142812729 0.0002740240015555173
v -0.013341800309717655 -0.049288298934698105 0.0001102519963751547
v -0.00914498046040535 -0.050236500799655914 0.00011025099956896156
v -0.00919341016560793 -0.05050250142812729 0.0002740240015555173
v -0.00914498046040535 -0.050236500799655914 0.00011025099956896156
v -0.004909129813313484 -0.05109719932079315 0.0002740240015555173
v -0.004909129813313484 -0.05109719932079315 0.0002740240015555173
v -0.00914498046040535 -0.050236500799655914 0.00011025099956896156
v -0.004883260000497103 -0.05082809925079346 0.00011025099956896156
v -0.004909129813313484 -0.05109719932079315 0.0002740240015555173
v -0.004883260000497103 -0.05082809925079346 0.00011025099956896156
v -0.0005899840034544468 -0.051329098641872406 0.0002740240015555173
v -0.0005899840034544468 -0.051329098641872406 0.0002740240015555173
v -0.004883260000497103 -0.05082809925079346 0.00011025099956896156
v -0.0005868760053999722 -0.05105869844555855 0.00011025099956896156
v -0.0005899840034544468 -0.051329098641872406 0.0002740240015555173
v -0.0005868760053999722 -0.05105869844555855 0.00011025099956896156
v 2.4070001200526825e-11 -0.05133169889450073 0.0002753309963736683
v 2.4070001200526825e-11 -0.05133169889450073 0.0002753309963736683
v -0.0005868760053999722 -0.05105869844555855 0.00011025099956896156
v 1.1236599324615515e-11 -0.05110130086541176 0.00012853399675805122
v -0.0005868760053999722 0.05105869844555855 0.00011024600098608062
v 2.8456100323315248e-12 0.05083020031452179 3.254779949202202e-05
v -0.0005833990289829671 0.05075620114803314 1.8341599570703693e-05
v -0.0005868760053999722 0.05105869844555855 0.00011024600098608062
v -0.0005833990289829671 0.05075620114803314 1.8341599570703693e-05
v -0.004883260000497103 0.05082809925079346 0.00011024699779227376
v -0.004883260000497103 0.05082809925079346 0.00011024699779227376
v -0.0005833990289829671 0.05075620114803314 1.8341599570703693e-05
v -0.004854340106248856 0.050526898354291916 1.8341999748372473e-05
v -0.004883260000497103 0.05082809925079346 0.00011024699779227376
v -0.004854340106248856 0.050526898354291916 1.8341999748372473e-05
v -0.00914498046040535 0.050236500799655914 0.00011024699779227376
v -0.00914498046040535 0.050236500799655914 0.00011024699779227376
v -0.004854340106248856 0.050526898354291916 1.8341999748372473e-05
v -0.00909081008285284 0.04993889853358269 1.8342399926041253e-05
v -0.00914498046040535 0.050236500799655914 0.00011024699779227376
v -0.00909081008285284 0.04993889853358269 1.8342399926041253e-05
v -0.013341800309717655 0.049288298934698105 0.00011024699779227376
v -0.013341800309717655 0.049288298934698105 0.00011024699779227376
v -0.00909081008285284 0.04993889853358269 1.8342399926041253e-05
v -0.013262700289487839 0.048996299505233765 1.8342800103710033e-05
v -0.013341800309717655 0.049288298934698105 0.00011024699779227376
v -0.013262700289487839 0.048996299505233765 1.8342800103710033e-05
v -0.01744380034506321 0.0479900985956192 0.00011024800187442452
v -0.01744380034506321 0.0479900985956192 0.00011024800187442452
v -0.013262700289487839 0.048996299505233765 1.8342800103710033e-05
v -0.01734049990773201 0.04770579934120178 1.8343200281378813e-05
v -0.01744380034506321 0.0479900985956192 0.00011024800187442452
v -0.01734049990773201 0.04770579934120178 1.8343200281378813e-05
v -0.021422000601887703 0.046351201832294464 0.00011024800187442452
v -0.021422000601887703 0.046351201832294464 0.00011024800187442452
v -0.01734049990773201 0.04770579934120178 1.8343200281378813e-05
v -0.021295100450515747 0.04607659950852394 1.8343700503464788e-05
v -0.021422000601887703 0.046351201832294464 0.00011024800187442452
v -0.021295100450515747 0.04607659950852394 1.8343700503464788e-05
v -0.025248199701309204 0.044383201748132706 0.00011024899868061766
v -0.025248199701309204 0.044383201748132706 0.00011024899868061766
v -0.021295100450515747 0.04607659950852394 1.8343700503464788e-05
v -0.02509859949350357 0.04412030056118965 1.8344098862144165e-05
v -0.025248199701309204 0.044383201748132706 0.00011024899868061766
v -0.02509859949350357 0.04412030056118965 1.8344098862144165e-05
v -0.028894999995827675 0.042100101709365845 0.00011024899868061766
v -0.028894999995827675 0.042100101709365845 0.00011024899868061766
v -0.02509859949350357 0.04412030056118965 1.8344098862144165e-05
v -0.02872380055487156 0.041850700974464417 1.8344499039812945e-05
v -0.028894999995827675 0.042100101709365845 0.00011024899868061766
v -0.02872380055487156 0.041850700974464417 1.8344499039812945e-05
v -0.032336700707674026 0.039517998695373535 0.00011025000276276842
v -0.032336700707674026 0.039517998695373535 0.00011025000276276842
v -0.02872380055487156 0.041850700974464417 1.8344499039812945e-05
v -0.03214510157704353 0.03928390145301819 1.834490103647113e-05
v -0.032336700707674026 0.039517998695373535 0.00011025000276276842
v -0.03214510157704353 0.03928390145301819 1.834490103647113e-05
v -0.035548798739910126 0.036655399948358536 0.00011025000276276842
v -0.035548798739910126 0.036655399948358536 0.00011025000276276842
v -0.03214510157704353 0.03928390145301819 1.834490103647113e-05
v -0.03533820062875748 0.03643830120563507 1.8345299395150505e-05
v -0.035548798739910126 0.036655399948358536 0.00011025000276276842
v -0.03533820062875748 0.03643830120563507 1.8345299395150505e-05
v -0.03850850090384483 0.03353250026702881 0.00011025000276276842
v -0.03850850090384483 0.03353250026702881 0.00011025000276276842
v -0.03533820062875748 0.03643830120563507 1.8345299395150505e-05
v -0.03828040137887001 0.033333901315927505 1.8345699572819285e-05
v -0.03850850090384483 0.03353250026702881 0.00011025000276276842
v -0.03828040137887001 0.033333901315927505 1.8345699572819285e-05
v -0.04119480028748512 0.030171599239110947 0.00011025099956896156
v -0.04119480028748512 0.030171599239110947 0.00011025099956896156
v -0.03828040137887001 0.033333901315927505 1.8345699572819285e-05
v -0.040950801223516464 0.029992900788784027 1.8346099750488065e-05
v -0.04119480028748512 0.030171599239110947 0.00011025099956896156
v -0.040950801223516464 0.029992900788784027 1.8346099750488065e-05
v -0.04358860105276108 0.026596400886774063 0.00011025099956896156
v -0.04358860105276108 0.026596400886774063 0.00011025099956896156
v -0.040950801223516464 0.029992900788784027 1.8346099750488065e-05
v -0.04333040118217468 0.026438899338245392 1.834639988373965e-05
v -0.04358860105276108 0.026596400886774063 0.00011025099956896156
v -0.04333040118217468 0.026438899338245392 1.834639988373965e-05
v -0.04567290097475052 0.022832399234175682 0.00011025099956896156
v -0.04567290097475052 0.022832399234175682 0.00011025099956896156
v -0.04333040118217468 0.026438899338245392 1.834639988373965e-05
v -0.0454024001955986 0.022697199136018753 1.834680006140843e-05
v -0.04567290097475052 0.022832399234175682 0.00011025099956896156
v -0.0454024001955986 0.022697199136018753 1.834680006140843e-05
v -0.047433000057935715 0.018906300887465477 0.0001102519963751547
v -0.047433000057935715 0.018906300887465477 0.0001102519963751547
v -0.0454024001955986 0.022697199136018753 1.834680006140843e-05
v -0.04715200141072273 0.01879430003464222 1.8347100194660015e-05
v -0.047433000057935715 0.018906300887465477 0.0001102519963751547
v -0.04715200141072273 0.01879430003464222 1.8347100194660015e-05
v -0.04885629937052727 0.014845900237560272 0.0001102519963751547
v -0.04885629937052727 0.014845900237560272 0.0001102519963751547
v -0.04715200141072273 0.01879430003464222 1.8347100194660015e-05
v -0.048566799610853195 0.014758000150322914 1.8347398508922197e-05
v -0.04885629937052727 0.014845900237560272 0.0001102519963751547
v -0.048566799610853195 0.014758000150322914 1.8347398508922197e-05
v -0.04993269965052605 0.010680199600756168 0.0001102519963751547
v -0.04993269965052605 0.010680199600756168 0.0001102519963751547
v -0.048566799610853195 0.014758000150322914 1.8347398508922197e-05
v -0.04963679984211922 0.010616900399327278 1.8347698642173782e-05
v -0.04993269965052605 0.010680199600756168 0.0001102519963751547
v -0.04963679984211922 0.010616900399327278 1.8347698642173782e-05
v -0.05065450072288513 0.006438590120524168 0.00011025300045730546
v -0.05065450072288513 0.006438590120524168 0.00011025300045730546
v -0.04963679984211922 0.010616900399327278 1.8347698642173782e-05
v -0.05035439878702164 0.006400450132787228 1.8347898731008172e-05
v -0.05065450072288513 0.006438590120524168 0.00011025300045730546
v -0.05035439878702164 0.006400450132787228 1.8347898731008172e-05
v -0.05101669952273369 0.0021512899547815323 0.00011025300045730546
v -0.05101669952273369 0.0021512899547815323 0.00011025300045730546
v -0.05035439878702164 0.006400450132787228 1.8347898731008172e-05
v -0.05071450024843216 0.0021385399159044027 1.8348098819842562e-05
v -0.05101669952273369 0.0021512899547815323 0.00011025300045730546
v -0.05071450024843216 0.0021385399159044027 1.8348098819842562e-05
v -0.05101669952273369 -0.0021512899547815323 0.00011025300045730546
v -0.05101669952273369 -0.0021512899547815323 0.00011025300045730546
v -0.05071450024843216 0.0021385399159044027 1.8348098819842562e-05
v -0.05071450024843216 -0.0021385399159044027 1.8348300727666356e-05
v -0.05101669952273369 -0.0021512899547815323 0.00011025300045730546
v -0.05071450024843216 -0.0021385399159044027 1.8348300727666356e-05
v -0.05065450072288513 -0.006438590120524168 0.00011025300045730546
v -0.05065450072288513 -0.006438590120524168 0.00011025300045730546
v -0.05071450024843216 -0.0021385399159044027 1.8348300727666356e-05
v -0.05035439878702164 -0.006400450132787228 1.8348500816500746e-05
v -0.05065450072288513 -0.006438590120524168 0.00011025300045730546
v -0.05035439878702164 -0.006400450132787228 1.8348500816500746e-05
v -0.04993269965052605 -0.010680199600756168 0.00011025300045730546
v -0.04993269965052605 -0.010680199600756168 0.00011025300045730546
v -0.05035439878702164 -0.006400450132787228 1.8348500816500746e-05
v -0.04963679984211922 -0.010616900399327278 1.834860086091794e-05
v -0.04993269965052605 -0.010680199600756168 0.00011025300045730546
v -0.04963679984211922 -0.010616900399327278 1.834860086091794e-05
v -0.04885629937052727 -0.014845900237560272 0.00011025300045730546
v -0.04885629937052727 -0.014845900237560272 0.00011025300045730546
v -0.04963679984211922 -0.010616900399327278 1.834860086091794e-05
v -0.048566799610853195 -0.014758000150322914 1.8348699086345732e-05
v -0.04885629937052727 -0.014845900237560272 0.00011025300045730546
v -0.048566799610853195 -0.014758000150322914 1.8348699086345732e-05
v -0.047433000057935715 -0.018906300887465477 0.00011025300045730546
v -0.047433000057935715 -0.018906300887465477 0.00011025300045730546
v -0.048566799610853195 -0.014758000150322914 1.8348699086345732e-05
v -0.04715200141072273 -0.01879430003464222 1.8348699086345732e-05
v -0.047433000057935715 -0.018906300887465477 0.00011025300045730546
v -0.04715200141072273 -0.01879430003464222 1.8348699086345732e-05
v -0.04567290097475052 -0.022832399234175682 0.00011025300045730546
v -0.04567290097475052 -0.022832399234175682 0.00011025300045730546
v -0.04715200141072273 -0.01879430003464222 1.8348699086345732e-05
v -0.0454024001955986 -0.022697199136018753 1.8348799130762927e-05
v -0.04567290097475052 -0.022832399234175682 0.00011025300045730546
v -0.0454024001955986 -0.022697199136018753 1.8348799130762927e-05
v -0.04358860105276108 -0.026596400886774063 0.00011025300045730546
v -0.04358860105276108 -0.026596400886774063 0.00011025300045730546
v -0.0454024001955986 -0.022697199136018753 1.8348799130762927e-05
v -0.04333040118217468 -0.026438899338245392 1.8348699086345732e-05
v -0.04358860105276108 -0.026596400886774063 0.00011025300045730546
v -0.04333040118217468 -0.026438899338245392 1.8348699086345732e-05
v -0.04119480028748512 -0.030171599239110947 0.00011025300045730546
v -0.04119480028748512 -0.030171599239110947 0.00011025300045730546
v -0.04333040118217468 -0.026438899338245392 1.8348699086345732e-05
v -0.040950801223516464 -0.029992900788784027 1.8348699086345732e-05
v -0.04119480028748512 -0.030171599239110947 0.00011025300045730546
v -0.040950801223516464 -0.029992900788784027 1.8348699086345732e-05
v -0.03850850090384483 -0.03353250026702881 0.00011025300045730546
v -0.03850850090384483 -0.03353250026702881 0.00011025300045730546
v -0.040950801223516464 -0.029992900788784027 1.8348699086345732e-05
v -0.03828040137887001 -0.033333901315927505 1.834860086091794e-05
v -0.03850850090384483 -0.03353250026702881 0.00011025300045730546
v -0.03828040137887001 -0.033333901315927505 1.834860086091794e-05
v -0.035548798739910126 -0.036655399948358536 0.00011025300045730546
v -0.035548798739910126 -0.036655399948358536 0.00011025300045730546
v -0.03828040137887001 -0.033333901315927505 1.834860086091794e-05
v -0.03533820062875748 -0.03643830120563507 1.8348500816500746e-05
v -0.035548798739910126 -0.036655399948358536 0.00011025300045730546
v -0.03533820062875748 -0.03643830120563507 1.8348500816500746e-05
v -0.032336700707674026 -0.039517998695373535 0.00011025300045730546
v -0.032336700707674026 -0.039517998695373535 0.00011025300045730546
v -0.03533820062875748 -0.03643830120563507 1.8348500816500746e-05
v -0.03214510157704353 -0.03928390145301819 1.8348300727666356e-05
v -0.032336700707674026 -0.039517998695373535 0.00011025300045730546
v -0.03214510157704353 -0.03928390145301819 1.8348300727666356e-05
v -0.028894999995827675 -0.042100101709365845 0.00011025300045730546
v -0.028894999995827675 -0.042100101709365845 0.00011025300045730546
v -0.03214510157704353 -0.03928390145301819 1.8348300727666356e-05
v -0.02872380055487156 -0.041850700974464417 1.8348098819842562e-05
v -0.028894999995827675 -0.042100101709365845 0.00011025300045730546
v -0.02872380055487156 -0.041850700974464417 1.8348098819842562e-05
v -0.025248199701309204 -0.044383201748132706 0.00011025300045730546
v -0.025248199701309204 -0.044383201748132706 0.00011025300045730546
v -0.02872380055487156 -0.041850700974464417 1.8348098819842562e-05
v -0.02509859949350357 -0.04412030056118965 1.8347898731008172e-05
v -0.025248199701309204 -0.044383201748132706 0.00011025300045730546
v -0.02509859949350357 -0.04412030056118965 1.8347898731008172e-05
v -0.021422000601887703 -0.046351201832294464 0.0001102519963751547
v -0.021422000601887703 -0.046351201832294464 0.0001102519963751547
v -0.02509859949350357 -0.04412030056118965 1.8347898731008172e-05
v -0.021295100450515747 -0.04607659950852394 1.8347698642173782e-05
v -0.021422000601887703 -0.046351201832294464 0.0001102519963751547
v -0.021295100450515747 -0.04607659950852394 1.8347698642173782e-05
v -0.01744380034506321 -0.0479900985956192 0.0001102519963751547
v -0.01744380034506321 -0.0479900985956192 0.0001102519963751547
v -0.021295100450515747 -0.04607659950852394 1.8347698642173782e-05
v -0.01734049990773201 -0.04770579934120178 1.8347398508922197e-05
v -0.01744380034506321 -0.0479900985956192 0.0001102519963751547
v -0.01734049990773201 -0.04770579934120178 1.8347398508922197e-05
v -0.013341800309717655 -0.049288298934698105 0.0001102519963751547
v -0.013341800309717655 -0.049288298934698105 0.0001102519963751547
v -0.01734049990773201 -0.04770579934120178 1.8347398508922197e-05
v -0.013262700289487839 -0.048996299505233765 1.8347100194660015e-05
v -0.013341800309717655 -0.049288298934698105 0.0001102519963751547
v -0.013262700289487839 -0.048996299505233765 1.8347100194660015e-05
v -0.00914498046040535 -0.050236500799655914 0.00011025099956896156
v -0.00914498046040535 -0.050236500799655914 0.00011025099956896156
v -0.013262700289487839 -0.048996299505233765 1.8347100194660015e-05
v -0.00909081008285284 -0.04993889853358269 1.834680006140843e-05
v -0.00914498046040535 -0.050236500799655914 0.00011025099956896156
v -0.00909081008285284 -0.04993889853358269 1.834680006140843e-05
v -0.004883260000497103 -0.05082809925079346 0.00011025099956896156
v -0.004883260000497103 -0.05082809925079346 0.00011025099956896156
v -0.00909081008285284 -0.04993889853358269 1.834680006140843e-05
v -0.004854340106248856 -0.050526898354291916 1.834639988373965e-05
v -0.004883260000497103 -0.05082809925079346 0.00011025099956896156
v -0.004854340106248856 -0.050526898354291916 1.834639988373965e-05
v -0.0005868760053999722 -0.05105869844555855 0.00011025099956896156
v -0.0005868760053999722 -0.05105869844555855 0.00011025099956896156
v -0.004854340106248856 -0.050526898354291916 1.834639988373965e-05
v -0.0005833990289829671 -0.05075620114803314 1.8346099750488065e-05
v -0.0005868760053999722 -0.05105869844555855 0.00011025099956896156
v -0.0005833990289829671 -0.05075620114803314 1.8346099750488065e-05
v 2.8456100323315248e-12 -0.05083020031452179 3.2552197808399796e-05
v 2.8456100323315248e-12 -0.05083020031452179 3.2552197808399796e-05
v -0.0005833990289829671 -0.05075620114803314 1.8346099750488065e-05
v 2.1353600311579957e-12 -0.05075889825820923 2.442779987177346e-05
v 1.3767299522626786e-09 0.05143500119447708 0.015747999772429466
v 1.3654299912957413e-09 0.0515642985701561 0.015618699602782726
v -0.004180610179901123 0.05132079869508743 0.015618699602782726
v -0.010252900421619415 0.050463300198316574 0.015618699602782726
v -0.011861699633300304 0.050048600882291794 0.015747999772429466
v -0.005971239879727364 0.05108720064163208 0.015747999772429466
v -0.005971239879727364 0.05108720064163208 0.015747999772429466
v -0.005986240226775408 0.05121560022234917 0.015618699602782726
v -0.010252900421619415 0.050463300198316574 0.015618699602782726
v 1.3767299522626786e-09 0.05143500119447708 0.015747999772429466
v -0.004180610179901123 0.05132079869508743 0.015618699602782726
v -0.005971239879727364 0.05108720064163208 0.015747999772429466
v -0.005971239879727364 0.05108720064163208 0.015747999772429466
v -0.004180610179901123 0.05132079869508743 0.015618699602782726
v -0.005986240226775408 0.05121560022234917 0.015618699602782726
v -0.021880000829696655 0.04662390053272247 0.015618699602782726
v -0.023083999752998352 0.04596399888396263 0.015747999772429466
v -0.017591800540685654 0.048333100974559784 0.015747999772429466
v -0.010252900421619415 0.050463300198316574 0.015618699602782726
v -0.01189150009304285 0.050174299627542496 0.015618699602782726
v -0.011861699633300304 0.050048600882291794 0.015747999772429466
v -0.011861699633300304 0.050048600882291794 0.015747999772429466
v -0.01189150009304285 0.050174299627542496 0.015618699602782726
v -0.016180699691176414 0.04889019951224327 0.015618699602782726
v -0.017591800540685654 0.048333100974559784 0.015747999772429466
v -0.016180699691176414 0.04889019951224327 0.015618699602782726
v -0.017635999247431755 0.04845450073480606 0.015618699602782726
v -0.011861699633300304 0.050048600882291794 0.015747999772429466
v -0.016180699691176414 0.04889019951224327 0.015618699602782726
v -0.017591800540685654 0.048333100974559784 0.015747999772429466
v -0.017591800540685654 0.048333100974559784 0.015747999772429466
v -0.017635999247431755 0.04845450073480606 0.015618699602782726
v -0.021880000829696655 0.04662390053272247 0.015618699602782726
v -0.021880000829696655 0.04662390053272247 0.015618699602782726
v -0.023142000660300255 0.04607950150966644 0.015618699602782726
v -0.023083999752998352 0.04596399888396263 0.015747999772429466
v -0.032274600118398666 0.04014839977025986 0.015618699602782726
v -0.03306179866194725 0.039401501417160034 0.015747999772429466
v -0.0282639991492033 0.04297329857945442 0.015747999772429466
v -0.0282639991492033 0.04297329857945442 0.015747999772429466
v -0.028334999457001686 0.04308129847049713 0.015618699602782726
v -0.032274600118398666 0.04014839977025986 0.015618699602782726
v -0.032274600118398666 0.04014839977025986 0.015618699602782726
v -0.03314489871263504 0.03950050100684166 0.015618699602782726
v -0.03306179866194725 0.039401501417160034 0.015747999772429466
v -0.023083999752998352 0.04596399888396263 0.015747999772429466
v -0.023142000660300255 0.04607950150966644 0.015618699602782726
v -0.02727009914815426 0.04369610175490379 0.015618699602782726
v -0.023083999752998352 0.04596399888396263 0.015747999772429466
v -0.02727009914815426 0.04369610175490379 0.015618699602782726
v -0.0282639991492033 0.04297329857945442 0.015747999772429466
v -0.0282639991492033 0.04297329857945442 0.015747999772429466
v -0.02727009914815426 0.04369610175490379 0.015618699602782726
v -0.028334999457001686 0.04308129847049713 0.015618699602782726
v -0.04084949940443039 0.03140139952301979 0.015618699602782726
v -0.04125719889998436 0.03071489930152893 0.015747999772429466
v -0.03741249814629555 0.03529680147767067 0.015747999772429466
v -0.03741249814629555 0.03529680147767067 0.015747999772429466
v -0.03750649839639664 0.03538550063967705 0.015618699602782726
v -0.04084949940443039 0.03140139952301979 0.015618699602782726
v -0.04084949940443039 0.03140139952301979 0.015618699602782726
v -0.041360899806022644 0.030791999772191048 0.015618699602782726
v -0.04125719889998436 0.03071489930152893 0.015747999772429466
v -0.03306179866194725 0.039401501417160034 0.015747999772429466
v -0.03314489871263504 0.03950050100684166 0.015618699602782726
v -0.0368225984275341 0.03603069856762886 0.015618699602782726
v -0.03306179866194725 0.039401501417160034 0.015747999772429466
v -0.0368225984275341 0.03603069856762886 0.015618699602782726
v -0.03741249814629555 0.03529680147767067 0.015747999772429466
v -0.03741249814629555 0.03529680147767067 0.015747999772429466
v -0.0368225984275341 0.03603069856762886 0.015618699602782726
v -0.03750649839639664 0.03538550063967705 0.015618699602782726
v -0.04125719889998436 0.03071489930152893 0.015747999772429466
v -0.041360899806022644 0.030791999772191048 0.015618699602782726
v -0.04429829865694046 0.026325900107622147 0.015618699602782726
v -0.04125719889998436 0.03071489930152893 0.015747999772429466
v -0.04429829865694046 0.026325900107622147 0.015618699602782726
v -0.044544000178575516 0.02571750059723854 0.015747999772429466
v -0.044544000178575516 0.02571750059723854 0.015747999772429466
v -0.04429829865694046 0.026325900107622147 0.015618699602782726
v -0.044655900448560715 0.02578210085630417 0.015618699602782726
v -0.044544000178575516 0.02571750059723854 0.015747999772429466
v -0.044655900448560715 0.02578210085630417 0.015618699602782726
v -0.04722839966416359 0.02037240006029606 0.015747999772429466
v -0.044655900448560715 0.02578210085630417 0.015618699602782726
v -0.047120001167058945 0.020875899121165276 0.015618699602782726
v -0.04722839966416359 0.02037240006029606 0.015747999772429466
v -0.04722839966416359 0.02037240006029606 0.015747999772429466
v -0.047120001167058945 0.020875899121165276 0.015618699602782726
v -0.04734709858894348 0.02042360045015812 0.015618699602782726
v -0.04722839966416359 0.02037240006029606 0.015747999772429466
v -0.04734709858894348 0.02042360045015812 0.015618699602782726
v -0.049274198710918427 0.01475169975310564 0.015747999772429466
v -0.04734709858894348 0.02042360045015812 0.015618699602782726
v -0.04927439987659454 0.015128499828279018 0.015618699602782726
v -0.049274198710918427 0.01475169975310564 0.015747999772429466
v -0.049274198710918427 0.01475169975310564 0.015747999772429466
v -0.04927439987659454 0.015128499828279018 0.015618699602782726
v -0.04939800128340721 0.014788799919188023 0.015618699602782726
v -0.049274198710918427 0.01475169975310564 0.015747999772429466
v -0.04939800128340721 0.014788799919188023 0.015618699602782726
v -0.050653599202632904 0.008931590244174004 0.015747999772429466
v -0.050653599202632904 0.008931590244174004 0.015747999772429466
v -0.04939800128340721 0.014788799919188023 0.015618699602782726
v -0.05073089897632599 0.009165080264210701 0.015618699602782726
v -0.05073089897632599 0.009165080264210701 0.015618699602782726
v -0.050780899822711945 0.00895403977483511 0.015618699602782726
v -0.050653599202632904 0.008931590244174004 0.015747999772429466
v -0.050653599202632904 0.008931590244174004 0.015747999772429466
v -0.050780899822711945 0.00895403977483511 0.015618699602782726
v -0.05146859958767891 0.0030700000934302807 0.015618699602782726
v -0.050653599202632904 0.008931590244174004 0.015747999772429466
v -0.05146859958767891 0.0030700000934302807 0.015618699602782726
v -0.0513480007648468 0.0029906800482422113 0.015747999772429466
v -0.05146859958767891 0.0030700000934302807 0.015618699602782726
v -0.05147700011730194 0.002998200012370944 0.015618699602782726
v -0.0513480007648468 0.0029906800482422113 0.015747999772429466
v -0.0513480007648468 0.0029906800482422113 0.015747999772429466
v -0.05147700011730194 0.002998200012370944 0.015618699602782726
v -0.05147700011730194 -0.002998190000653267 0.015618699602782726
v -0.0513480007648468 0.0029906800482422113 0.015747999772429466
v -0.05147700011730194 -0.002998190000653267 0.015618699602782726
v -0.0513480007648468 -0.0029906800482422113 0.015747999772429466
v -0.0513480007648468 -0.0029906800482422113 0.015747999772429466
v -0.05147700011730194 -0.002998190000653267 0.015618699602782726
v -0.05146859958767891 -0.0030700000934302807 0.015618699602782726
v -0.0513480007648468 -0.0029906800482422113 0.015747999772429466
v -0.05146859958767891 -0.0030700000934302807 0.015618699602782726
v -0.050653599202632904 -0.008931590244174004 0.015747999772429466
v -0.05146859958767891 -0.0030700000934302807 0.015618699602782726
v -0.050780899822711945 -0.00895403977483511 0.015618699602782726
v -0.050653599202632904 -0.008931590244174004 0.015747999772429466
v -0.050653599202632904 -0.008931590244174004 0.015747999772429466
v -0.050780899822711945 -0.00895403977483511 0.015618699602782726
v -0.05073089897632599 -0.009165080264210701 0.015618699602782726
v -0.050653599202632904 -0.008931590244174004 0.015747999772429466
v -0.05073089897632599 -0.009165080264210701 0.015618699602782726
v -0.049274198710918427 -0.01475169975310564 0.015747999772429466
v -0.05073089897632599 -0.009165080264210701 0.015618699602782726
v -0.04939800128340721 -0.014788799919188023 0.015618699602782726
v -0.049274198710918427 -0.01475169975310564 0.015747999772429466
v -0.049274198710918427 -0.01475169975310564 0.015747999772429466
v -0.04939800128340721 -0.014788799919188023 0.015618699602782726
v -0.04927439987659454 -0.015128499828279018 0.015618699602782726
v -0.049274198710918427 -0.01475169975310564 0.015747999772429466
v -0.04927439987659454 -0.015128499828279018 0.015618699602782726
v -0.04722839966416359 -0.02037240006029606 0.015747999772429466
v -0.04927439987659454 -0.015128499828279018 0.015618699602782726
v -0.04734709858894348 -0.02042360045015812 0.015618699602782726
v -0.04722839966416359 -0.02037240006029606 0.015747999772429466
v -0.04722839966416359 -0.02037240006029606 0.015747999772429466
v -0.04734709858894348 -0.02042360045015812 0.015618699602782726
v -0.047120001167058945 -0.020875899121165276 0.015618699602782726
v -0.04722839966416359 -0.02037240006029606 0.015747999772429466
v -0.047120001167058945 -0.020875899121165276 0.015618699602782726
v -0.044544000178575516 -0.02571750059723854 0.015747999772429466
v -0.047120001167058945 -0.020875899121165276 0.015618699602782726
v -0.044655900448560715 -0.02578210085630417 0.015618699602782726
v -0.044544000178575516 -0.02571750059723854 0.015747999772429466
v -0.044544000178575516 -0.02571750059723854 0.015747999772429466
v -0.044655900448560715 -0.02578210085630417 0.015618699602782726
v -0.04429829865694046 -0.026325900107622147 0.015618699602782726
v -0.044544000178575516 -0.02571750059723854 0.015747999772429466
v -0.04429829865694046 -0.026325900107622147 0.015618699602782726
v -0.04125719889998436 -0.03071489930152893 0.015747999772429466
v -0.04429829865694046 -0.026325900107622147 0.015618699602782726
v -0.041360899806022644 -0.030791999772191048 0.015618699602782726
v -0.04125719889998436 -0.03071489930152893 0.015747999772429466
v -0.04125719889998436 -0.03071489930152893 0.015747999772429466
v -0.041360899806022644 -0.030791999772191048 0.015618699602782726
v -0.04084949940443039 -0.03140139952301979 0.015618699602782726
v -0.04125719889998436 -0.03071489930152893 0.015747999772429466
v -0.04084949940443039 -0.03140139952301979 0.015618699602782726
v -0.03741249814629555 -0.03529680147767067 0.015747999772429466
v -0.04084949940443039 -0.03140139952301979 0.015618699602782726
v -0.03750649839639664 -0.03538550063967705 0.015618699602782726
v -0.03741249814629555 -0.03529680147767067 0.015747999772429466
v -0.03741249814629555 -0.03529680147767067 0.015747999772429466
v -0.03750649839639664 -0.03538550063967705 0.015618699602782726
v -0.0368225984275341 -0.03603069856762886 0.015618699602782726
v -0.03741249814629555 -0.03529680147767067 0.015747999772429466
v -0.0368225984275341 -0.03603069856762886 0.015618699602782726
v -0.03306179866194725 -0.039401501417160034 0.015747999772429466
v -0.0368225984275341 -0.03603069856762886 0.015618699602782726
v -0.03314489871263504 -0.03950050100684166 0.015618699602782726
v -0.03306179866194725 -0.039401501417160034 0.015747999772429466
v -0.03306179866194725 -0.039401501417160034 0.015747999772429466
v -0.03314489871263504 -0.03950050100684166 0.015618699602782726
v -0.032274600118398666 -0.04014839977025986 0.015618699602782726
v -0.03306179866194725 -0.039401501417160034 0.015747999772429466
v -0.032274600118398666 -0.04014839977025986 0.015618699602782726
v -0.0282639991492033 -0.04297329857945442 0.015747999772429466
v -0.032274600118398666 -0.04014839977025986 0.015618699602782726
v -0.028334999457001686 -0.04308129847049713 0.015618699602782726
v -0.0282639991492033 -0.04297329857945442 0.015747999772429466
v -0.0282639991492033 -0.04297329857945442 0.015747999772429466
v -0.028334999457001686 -0.04308129847049713 0.015618699602782726
v -0.02727009914815426 -0.04369610175490379 0.015618699602782726
v -0.0282639991492033 -0.04297329857945442 0.015747999772429466
v -0.02727009914815426 -0.04369610175490379 0.015618699602782726
v -0.023083999752998352 -0.04596399888396263 0.015747999772429466
v -0.02727009914815426 -0.04369610175490379 0.015618699602782726
v -0.023142000660300255 -0.04607950150966644 0.015618699602782726
v -0.023083999752998352 -0.04596399888396263 0.015747999772429466
v -0.023083999752998352 -0.04596399888396263 0.015747999772429466
v -0.023142000660300255 -0.04607950150966644 0.015618699602782726
v -0.021880000829696655 -0.04662390053272247 0.015618699602782726
v -0.021880000829696655 -0.04662390053272247 0.015618699602782726
v -0.017635999247431755 -0.04845450073480606 0.015618699602782726
v -0.017591800540685654 -0.048333100974559784 0.015747999772429466
v -0.023083999752998352 -0.04596399888396263 0.015747999772429466
v -0.021880000829696655 -0.04662390053272247 0.015618699602782726
v -0.017591800540685654 -0.048333100974559784 0.015747999772429466
v -0.017591800540685654 -0.048333100974559784 0.015747999772429466
v -0.017635999247431755 -0.04845450073480606 0.015618699602782726
v -0.016180699691176414 -0.04889019951224327 0.015618699602782726
v -0.016180699691176414 -0.04889019951224327 0.015618699602782726
v -0.01189150009304285 -0.050174299627542496 0.015618699602782726
v -0.011861699633300304 -0.050048600882291794 0.015747999772429466
v -0.017591800540685654 -0.048333100974559784 0.015747999772429466
v -0.016180699691176414 -0.04889019951224327 0.015618699602782726
v -0.011861699633300304 -0.050048600882291794 0.015747999772429466
v -0.011861699633300304 -0.050048600882291794 0.015747999772429466
v -0.01189150009304285 -0.050174299627542496 0.015618699602782726
v -0.010252900421619415 -0.050463300198316574 0.015618699602782726
v -0.011861699633300304 -0.050048600882291794 0.015747999772429466
v -0.010252900421619415 -0.050463300198316574 0.015618699602782726
v -0.005971239879727364 -0.05108720064163208 0.015747999772429466
v -0.005986240226775408 -0.05121560022234917 0.015618699602782726
v -0.005971239879727364 -0.05108720064163208 0.015747999772429466
v -0.010252900421619415 -0.050463300198316574 0.015618699602782726
v 1.3654299912957413e-09 -0.0515642985701561 0.015618699602782726
v 1.3767299522626786e-09 -0.05143500119447708 0.015747999772429466
v -0.004180610179901123 -0.05132079869508743 0.015618699602782726
v -0.004180610179901123 -0.05132079869508743 0.015618699602782726
v -0.005971239879727364 -0.05108720064163208 0.015747999772429466
v -0.005986240226775408 -0.05121560022234917 0.015618699602782726
v -0.004180610179901123 -0.05132079869508743 0.015618699602782726
v 1.3767299522626786e-09 -0.05143500119447708 0.015747999772429466
v -0.005971239879727364 -0.05108720064163208 0.015747999772429466
v 2.1353500564980088e-12 0.05075889825820923 2.4423397917416878e-05
v 2.8456100323315248e-12 0.05083020031452179 3.254779949202202e-05
v 0.004197520203888416 0.050656601786613464 3.254739931435324e-05
v -6.1899203231389455e-18 0.05054450035095215 -2.2093697982228377e-09
v 2.1353500564980088e-12 0.05075889825820923 2.4423397917416878e-05
v 0.004173929803073406 0.05037190020084381 -2.566719947694196e-09
v 0.004173929803073406 0.05037190020084381 -2.566719947694196e-09
v 2.1353500564980088e-12 0.05075889825820923 2.4423397917416878e-05
v 0.004197520203888416 0.050656601786613464 3.254739931435324e-05
v 2.1353600311579957e-12 -0.05075889825820923 2.442779987177346e-05
v 1.3269800297867126e-25 -0.05054450035095215 2.2093697982228377e-09
v 0.004173929803073406 -0.05037190020084381 1.8369299414899842e-09
v 0.004173929803073406 -0.05037190020084381 1.8369299414899842e-09
v 0.004197520203888416 -0.050656601786613464 3.2551899494137615e-05
v 2.1353600311579957e-12 -0.05075889825820923 2.442779987177346e-05
v 2.1353600311579957e-12 -0.05075889825820923 2.442779987177346e-05
v 0.004197520203888416 -0.050656601786613464 3.2551899494137615e-05
v 2.8456299816514985e-12 -0.05083020031452179 3.2552197808399796e-05
v 9.98114958739027e-12 0.05106069892644882 0.00011416900088079274
v 1.1236599324615515e-11 0.05110130086541176 0.0001285290054511279
v 0.004219910129904747 0.05092670023441315 0.0001285290054511279
v 2.8456100323315248e-12 0.05083020031452179 3.254779949202202e-05
v 9.98114958739027e-12 0.05106069892644882 0.00011416900088079274
v 0.004197520203888416 0.050656601786613464 3.254739931435324e-05
v 0.004197520203888416 0.050656601786613464 3.254739931435324e-05
v 9.98114958739027e-12 0.05106069892644882 0.00011416900088079274
v 0.004219910129904747 0.05092670023441315 0.0001285290054511279
v 0.011943699792027473 0.05039149895310402 0.0012921600136905909
v 0.012719700112938881 0.050228800624608994 0.0012921600136905909
v 0.012712899595499039 0.05020210146903992 0.001005950034596026
v 0.011943699792027473 0.05039149895310402 0.0012921600136905909
v 0.012712899595499039 0.05020210146903992 0.001005950034596026
v 0.008528360165655613 0.05110760033130646 0.0012921600136905909
v 0.008528360165655613 0.05110760033130646 0.0012921600136905909
v 0.012712899595499039 0.05020210146903992 0.001005950034596026
v 0.008523819968104362 0.05108049884438515 0.001005950034596026
v 0.012712899595499039 0.05020210146903992 0.001005950034596026
v 0.012719700112938881 0.050228800624608994 0.0012921600136905909
v 0.016815099865198135 0.048980798572301865 0.001005950034596026
v 0.012719700112938881 0.050228800624608994 0.0012921600136905909
v 0.01682410016655922 0.04900690168142319 0.0012921600136905909
v 0.016815099865198135 0.048980798572301865 0.001005950034596026
v 0.040867000818252563 0.03180810064077377 0.001005950034596026
v 0.03810080140829086 0.035074200481176376 0.001005950034596026
v 0.038120999932289124 0.035092901438474655 0.0012921600136905909
v 0.05160989984869957 0.0042765201069414616 0.001005950034596026
v 0.05108049884438515 0.008523819968104362 0.001005950034596026
v 0.05110760033130646 0.008528360165655613 0.0012921600136905909
v 0.05110760033130646 0.008528360165655613 0.0012921600136905909
v 0.05163729935884476 0.004278790205717087 0.0012921600136905909
v 0.05160989984869957 0.0042765201069414616 0.001005950034596026
v 0.045545101165771484 -0.024647800251841545 0.001005950034596026
v 0.04742490127682686 -0.02080249972641468 0.001005950034596026
v 0.04745019972324371 -0.020813599228858948 0.0012921600136905909
v 0.04745019972324371 -0.020813599228858948 0.0012921600136905909
v 0.04556930065155029 -0.024660900235176086 0.0012921600136905909
v 0.045545101165771484 -0.024647800251841545 0.001005950034596026
v 9.418840707375864e-11 -0.051793601363897324 0.001077390043064952
v 8.794309724891036e-11 -0.05178679898381233 0.001005950034596026
v 0.0042765201069414616 -0.05160989984869957 0.001005950034596026
v 1.1296499846658037e-10 -0.05181429907679558 0.001292170025408268
v 9.418840707375864e-11 -0.051793601363897324 0.001077390043064952
v 0.004278790205717087 -0.051637399941682816 0.001292170025408268
v 0.004278790205717087 -0.051637399941682816 0.001292170025408268
v 9.418840707375864e-11 -0.051793601363897324 0.001077390043064952
v 0.0042765201069414616 -0.05160989984869957 0.001005950034596026
v 0.004278790205717087 -0.051637399941682816 0.001292170025408268
v 0.0042765201069414616 -0.05160989984869957 0.001005950034596026
v 0.006009989883750677 -0.051421601325273514 0.001292170025408268
v 0.006009989883750677 -0.051421601325273514 0.001292170025408268
v 0.0042765201069414616 -0.05160989984869957 0.001005950034596026
v 0.008523819968104362 -0.05108049884438515 0.001005950034596026
v 0.008523819968104362 -0.05108049884438515 0.001005950034596026
v 0.008528360165655613 -0.05110760033130646 0.001292170025408268
v 0.006009989883750677 -0.051421601325273514 0.001292170025408268
v 0.012712899595499039 -0.05020210146903992 0.001005950034596026
v 0.011943699792027473 -0.05039149895310402 0.001292170025408268
v 0.008523819968104362 -0.05108049884438515 0.001005950034596026
v 0.012712899595499039 -0.05020210146903992 0.001005950034596026
v 0.012719700112938881 -0.050228800624608994 0.001292170025408268
v 0.011943699792027473 -0.05039149895310402 0.001292170025408268
v 0.008523819968104362 -0.05108049884438515 0.001005950034596026
v 0.011943699792027473 -0.05039149895310402 0.001292170025408268
v 0.008528360165655613 -0.05110760033130646 0.001292170025408268
v 0.02080249972641468 -0.04742490127682686 0.001005950034596026
v 0.017710400745272636 -0.0486610010266304 0.001292170025408268
v 0.016815099865198135 -0.048980798572301865 0.001005950034596026
v 0.02080249972641468 -0.04742490127682686 0.001005950034596026
v 0.020813599228858948 -0.04745019972324371 0.0012921600136905909
v 0.017710400745272636 -0.0486610010266304 0.001292170025408268
v 0.016815099865198135 -0.048980798572301865 0.001005950034596026
v 0.017710400745272636 -0.0486610010266304 0.001292170025408268
v 0.01682410016655922 -0.04900690168142319 0.001292170025408268
v 0.016815099865198135 -0.048980798572301865 0.001005950034596026
v 0.01682410016655922 -0.04900690168142319 0.001292170025408268
v 0.012712899595499039 -0.05020210146903992 0.001005950034596026
v 0.012712899595499039 -0.05020210146903992 0.001005950034596026
v 0.01682410016655922 -0.04900690168142319 0.001292170025408268
v 0.012719700112938881 -0.050228800624608994 0.001292170025408268
v 0.024647800251841545 -0.045545101165771484 0.001005950034596026
v 0.023236099630594254 -0.04626590013504028 0.0012921600136905909
v 0.02080249972641468 -0.04742490127682686 0.001005950034596026
v 0.024647800251841545 -0.045545101165771484 0.001005950034596026
v 0.024660900235176086 -0.04556930065155029 0.0012921600136905909
v 0.023236099630594254 -0.04626590013504028 0.0012921600136905909
v 0.02080249972641468 -0.04742490127682686 0.001005950034596026
v 0.023236099630594254 -0.04626590013504028 0.0012921600136905909
v 0.020813599228858948 -0.04745019972324371 0.0012921600136905909
v 0.03180810064077377 -0.040867000818252563 0.001005950034596026
v 0.028468800708651543 -0.043285101652145386 0.0012921600136905909
v 0.028324700891971588 -0.0433541014790535 0.001005950034596026
v 0.028324700891971588 -0.0433541014790535 0.001005950034596026
v 0.028468800708651543 -0.043285101652145386 0.0012921600136905909
v 0.028339700773358345 -0.04337719827890396 0.0012921600136905909
v 0.028324700891971588 -0.0433541014790535 0.001005950034596026
v 0.028339700773358345 -0.04337719827890396 0.0012921600136905909
v 0.024647800251841545 -0.045545101165771484 0.001005950034596026
v 0.024647800251841545 -0.045545101165771484 0.001005950034596026
v 0.028339700773358345 -0.04337719827890396 0.0012921600136905909
v 0.024660900235176086 -0.04556930065155029 0.0012921600136905909
v 0.035074200481176376 -0.03810080140829086 0.001005950034596026
v 0.033277299255132675 -0.03965869918465614 0.0012921600136905909
v 0.03180810064077377 -0.040867000818252563 0.001005950034596026
v 0.03180810064077377 -0.040867000818252563 0.001005950034596026
v 0.033277299255132675 -0.03965869918465614 0.0012921600136905909
v 0.031824998557567596 -0.04088880121707916 0.0012921600136905909
v 0.03180810064077377 -0.040867000818252563 0.001005950034596026
v 0.031824998557567596 -0.04088880121707916 0.0012921600136905909
v 0.028468800708651543 -0.043285101652145386 0.0012921600136905909
v 0.03810080140829086 -0.035074200481176376 0.001005950034596026
v 0.03767260164022446 -0.03554140031337738 0.0012921600136905909
v 0.035074200481176376 -0.03810080140829086 0.001005950034596026
v 0.03810080140829086 -0.035074200481176376 0.001005950034596026
v 0.038120999932289124 -0.035092901438474655 0.0012921600136905909
v 0.03767260164022446 -0.03554140031337738 0.0012921600136905909
v 0.035074200481176376 -0.03810080140829086 0.001005950034596026
v 0.03767260164022446 -0.03554140031337738 0.0012921600136905909
v 0.035092901438474655 -0.038120999932289124 0.0012921600136905909
v 0.035074200481176376 -0.03810080140829086 0.001005950034596026
v 0.035092901438474655 -0.038120999932289124 0.0012921600136905909
v 0.033277299255132675 -0.03965869918465614 0.0012921600136905909
v 0.0433541014790535 -0.028324700891971588 0.001005950034596026
v 0.04153380170464516 -0.03092160075902939 0.0012921600136905909
v 0.040867000818252563 -0.03180810064077377 0.001005950034596026
v 0.0433541014790535 -0.028324700891971588 0.001005950034596026
v 0.04337719827890396 -0.028339799493551254 0.0012921600136905909
v 0.04153380170464516 -0.03092160075902939 0.0012921600136905909
v 0.040867000818252563 -0.03180810064077377 0.001005950034596026
v 0.04153380170464516 -0.03092160075902939 0.0012921600136905909
v 0.04088880121707916 -0.031824998557567596 0.0012921600136905909
v 0.040867000818252563 -0.03180810064077377 0.001005950034596026
v 0.04088880121707916 -0.031824998557567596 0.0012921600136905909
v 0.03810080140829086 -0.035074200481176376 0.001005950034596026
v 0.03810080140829086 -0.035074200481176376 0.001005950034596026
v 0.04088880121707916 -0.031824998557567596 0.0012921600136905909
v 0.038120999932289124 -0.035092901438474655 0.0012921600136905909
v 0.045545101165771484 -0.024647800251841545 0.001005950034596026
v 0.04556930065155029 -0.024660900235176086 0.0012921600136905909
v 0.04483870044350624 -0.02588699944317341 0.0012921600136905909
v 0.045545101165771484 -0.024647800251841545 0.001005950034596026
v 0.04483870044350624 -0.02588699944317341 0.0012921600136905909
v 0.0433541014790535 -0.028324700891971588 0.001005950034596026
v 0.0433541014790535 -0.028324700891971588 0.001005950034596026
v 0.04483870044350624 -0.02588699944317341 0.0012921600136905909
v 0.04337719827890396 -0.028339799493551254 0.0012921600136905909
v 0.05020210146903992 -0.012712899595499039 0.001005950034596026
v 0.04959519952535629 -0.014847899787127972 0.0012921600136905909
v 0.048980798572301865 -0.016815099865198135 0.001005950034596026
v 0.05020210146903992 -0.012712899595499039 0.001005950034596026
v 0.050228800624608994 -0.012719700112938881 0.0012921600136905909
v 0.04959519952535629 -0.014847899787127972 0.0012921600136905909
v 0.048980798572301865 -0.016815099865198135 0.001005950034596026
v 0.04959519952535629 -0.014847899787127972 0.0012921600136905909
v 0.04900690168142319 -0.01682410016655922 0.0012921600136905909
v 0.048980798572301865 -0.016815099865198135 0.001005950034596026
v 0.04900690168142319 -0.01682410016655922 0.0012921600136905909
v 0.04742490127682686 -0.02080249972641468 0.001005950034596026
v 0.04742490127682686 -0.02080249972641468 0.001005950034596026
v 0.04900690168142319 -0.01682410016655922 0.0012921600136905909
v 0.04756540060043335 -0.02051820047199726 0.0012921600136905909
v 0.04742490127682686 -0.02080249972641468 0.001005950034596026
v 0.04756540060043335 -0.02051820047199726 0.0012921600136905909
v 0.04745019972324371 -0.020813599228858948 0.0012921600136905909
v 0.05108049884438515 -0.008523819968104362 0.001005950034596026
v 0.051010001450777054 -0.00899387989193201 0.0012921600136905909
v 0.05020210146903992 -0.012712899595499039 0.001005950034596026
v 0.05108049884438515 -0.008523819968104362 0.001005950034596026
v 0.05110760033130646 -0.008528360165655613 0.0012921600136905909
v 0.051010001450777054 -0.00899387989193201 0.0012921600136905909
v 0.05020210146903992 -0.012712899595499039 0.001005950034596026
v 0.051010001450777054 -0.00899387989193201 0.0012921600136905909
v 0.050228800624608994 -0.012719700112938881 0.0012921600136905909
v 0.05178679898381233 4.397139943823625e-11 0.001005950034596026
v 0.05168979987502098 -0.0030112098902463913 0.0012921600136905909
v 0.05160989984869957 -0.0042765201069414616 0.001005950034596026
v 0.05178679898381233 4.397139943823625e-11 0.001005950034596026
v 0.05181429907679558 5.648210024689071e-11 0.0012921600136905909
v 0.05168979987502098 -0.0030112098902463913 0.0012921600136905909
v 0.05160989984869957 -0.0042765201069414616 0.001005950034596026
v 0.05168979987502098 -0.0030112098902463913 0.0012921600136905909
v 0.05163729935884476 -0.004278790205717087 0.0012921600136905909
v 0.05160989984869957 -0.0042765201069414616 0.001005950034596026
v 0.05163729935884476 -0.004278790205717087 0.0012921600136905909
v 0.05108049884438515 -0.008523819968104362 0.001005950034596026
v 0.05108049884438515 -0.008523819968104362 0.001005950034596026
v 0.05163729935884476 -0.004278790205717087 0.0012921600136905909
v 0.05110760033130646 -0.008528360165655613 0.0012921600136905909
v 0.05160989984869957 0.0042765201069414616 0.001005950034596026
v 0.05163729935884476 0.004278790205717087 0.0012921600136905909
v 0.05168979987502098 0.0030112098902463913 0.0012921600136905909
v 0.05160989984869957 0.0042765201069414616 0.001005950034596026
v 0.05168979987502098 0.0030112098902463913 0.0012921600136905909
v 0.05178679898381233 4.397139943823625e-11 0.001005950034596026
v 0.05178679898381233 4.397139943823625e-11 0.001005950034596026
v 0.05168979987502098 0.0030112098902463913 0.0012921600136905909
v 0.05181429907679558 5.648210024689071e-11 0.0012921600136905909
v 0.048980798572301865 0.016815099865198135 0.001005950034596026
v 0.04959519952535629 0.014847899787127972 0.0012921600136905909
v 0.05020210146903992 0.012712899595499039 0.001005950034596026
v 0.048980798572301865 0.016815099865198135 0.001005950034596026
v 0.04900690168142319 0.01682410016655922 0.0012921600136905909
v 0.04959519952535629 0.014847899787127972 0.0012921600136905909
v 0.05020210146903992 0.012712899595499039 0.001005950034596026
v 0.04959519952535629 0.014847899787127972 0.0012921600136905909
v 0.050228800624608994 0.012719700112938881 0.0012921600136905909
v 0.05020210146903992 0.012712899595499039 0.001005950034596026
v 0.050228800624608994 0.012719700112938881 0.0012921600136905909
v 0.05108049884438515 0.008523819968104362 0.001005950034596026
v 0.05108049884438515 0.008523819968104362 0.001005950034596026
v 0.050228800624608994 0.012719700112938881 0.0012921600136905909
v 0.051010001450777054 0.00899387989193201 0.0012921600136905909
v 0.05108049884438515 0.008523819968104362 0.001005950034596026
v 0.051010001450777054 0.00899387989193201 0.0012921600136905909
v 0.05110760033130646 0.008528360165655613 0.0012921600136905909
v 0.04742490127682686 0.02080249972641468 0.001005950034596026
v 0.04756540060043335 0.02051820047199726 0.0012921600136905909
v 0.048980798572301865 0.016815099865198135 0.001005950034596026
v 0.04742490127682686 0.02080249972641468 0.001005950034596026
v 0.04745019972324371 0.020813599228858948 0.0012921600136905909
v 0.04756540060043335 0.02051820047199726 0.0012921600136905909
v 0.048980798572301865 0.016815099865198135 0.001005950034596026
v 0.04756540060043335 0.02051820047199726 0.0012921600136905909
v 0.04900690168142319 0.01682410016655922 0.0012921600136905909
v 0.0433541014790535 0.028324700891971588 0.001005950034596026
v 0.04483870044350624 0.02588699944317341 0.0012921600136905909
v 0.045545101165771484 0.024647800251841545 0.001005950034596026
v 0.0433541014790535 0.028324700891971588 0.001005950034596026
v 0.04337719827890396 0.028339799493551254 0.0012921600136905909
v 0.04483870044350624 0.02588699944317341 0.0012921600136905909
v 0.045545101165771484 0.024647800251841545 0.001005950034596026
v 0.04483870044350624 0.02588699944317341 0.0012921600136905909
v 0.04556930065155029 0.024660900235176086 0.0012921600136905909
v 0.045545101165771484 0.024647800251841545 0.001005950034596026
v 0.04556930065155029 0.024660900235176086 0.0012921600136905909
v 0.04742490127682686 0.02080249972641468 0.001005950034596026
v 0.04742490127682686 0.02080249972641468 0.001005950034596026
v 0.04556930065155029 0.024660900235176086 0.0012921600136905909
v 0.04745019972324371 0.020813599228858948 0.0012921600136905909
v 0.038120999932289124 0.035092901438474655 0.0012921600136905909
v 0.04088880121707916 0.031824998557567596 0.0012921600136905909
v 0.040867000818252563 0.03180810064077377 0.001005950034596026
v 0.040867000818252563 0.03180810064077377 0.001005950034596026
v 0.04088880121707916 0.031824998557567596 0.0012921600136905909
v 0.04153380170464516 0.03092160075902939 0.0012921600136905909
v 0.040867000818252563 0.03180810064077377 0.001005950034596026
v 0.04153380170464516 0.03092160075902939 0.0012921600136905909
v 0.0433541014790535 0.028324700891971588 0.001005950034596026
v 0.0433541014790535 0.028324700891971588 0.001005950034596026
v 0.04153380170464516 0.03092160075902939 0.0012921600136905909
v 0.04337719827890396 0.028339799493551254 0.0012921600136905909
v 0.03180810064077377 0.040867000818252563 0.001005950034596026
v 0.033277299255132675 0.03965869918465614 0.0012921600136905909
v 0.035074200481176376 0.03810080140829086 0.001005950034596026
v 0.03180810064077377 0.040867000818252563 0.001005950034596026
v 0.031824998557567596 0.04088880121707916 0.0012921600136905909
v 0.033277299255132675 0.03965869918465614 0.0012921600136905909
v 0.035074200481176376 0.03810080140829086 0.001005950034596026
v 0.033277299255132675 0.03965869918465614 0.0012921600136905909
v 0.035092901438474655 0.038120999932289124 0.0012921600136905909
v 0.035074200481176376 0.03810080140829086 0.001005950034596026
v 0.035092901438474655 0.038120999932289124 0.0012921600136905909
v 0.03810080140829086 0.035074200481176376 0.001005950034596026
v 0.03810080140829086 0.035074200481176376 0.001005950034596026
v 0.035092901438474655 0.038120999932289124 0.0012921600136905909
v 0.03767260164022446 0.03554140031337738 0.0012921600136905909
v 0.03810080140829086 0.035074200481176376 0.001005950034596026
v 0.03767260164022446 0.03554140031337738 0.0012921600136905909
v 0.038120999932289124 0.035092901438474655 0.0012921600136905909
v 0.028324700891971588 0.0433541014790535 0.001005950034596026
v 0.028468800708651543 0.043285101652145386 0.0012921600136905909
v 0.03180810064077377 0.040867000818252563 0.001005950034596026
v 0.03180810064077377 0.040867000818252563 0.001005950034596026
v 0.028468800708651543 0.043285101652145386 0.0012921600136905909
v 0.031824998557567596 0.04088880121707916 0.0012921600136905909
v 0.02080249972641468 0.04742490127682686 0.001005950034596026
v 0.023236099630594254 0.04626590013504028 0.0012921600136905909
v 0.024647800251841545 0.045545101165771484 0.001005950034596026
v 0.02080249972641468 0.04742490127682686 0.001005950034596026
v 0.020813599228858948 0.04745019972324371 0.0012921600136905909
v 0.023236099630594254 0.04626590013504028 0.0012921600136905909
v 0.024647800251841545 0.045545101165771484 0.001005950034596026
v 0.023236099630594254 0.04626590013504028 0.0012921600136905909
v 0.024660900235176086 0.04556930065155029 0.0012921600136905909
v 0.024647800251841545 0.045545101165771484 0.001005950034596026
v 0.024660900235176086 0.04556930065155029 0.0012921600136905909
v 0.028324700891971588 0.0433541014790535 0.001005950034596026
v 0.028324700891971588 0.0433541014790535 0.001005950034596026
v 0.024660900235176086 0.04556930065155029 0.0012921600136905909
v 0.028339700773358345 0.04337719827890396 0.0012921600136905909
v 0.028324700891971588 0.0433541014790535 0.001005950034596026
v 0.028339700773358345 0.04337719827890396 0.0012921600136905909
v 0.028468800708651543 0.043285101652145386 0.0012921600136905909
v 0.016815099865198135 0.048980798572301865 0.001005950034596026
v 0.01682410016655922 0.04900690168142319 0.0012921600136905909
v 0.017710400745272636 0.0486610010266304 0.0012921600136905909
v 0.016815099865198135 0.048980798572301865 0.001005950034596026
v 0.017710400745272636 0.0486610010266304 0.0012921600136905909
v 0.02080249972641468 0.04742490127682686 0.001005950034596026
v 0.02080249972641468 0.04742490127682686 0.001005950034596026
v 0.017710400745272636 0.0486610010266304 0.0012921600136905909
v 0.020813599228858948 0.04745019972324371 0.0012921600136905909
v 0.0042765201069414616 0.05160989984869957 0.001005950034596026
v 8.794309724891036e-11 0.05178679898381233 0.001005950034596026
v 9.418840707375864e-11 0.051793601363897324 0.001077390043064952
v 0.008528360165655613 0.05110760033130646 0.0012921600136905909
v 0.008523819968104362 0.05108049884438515 0.001005950034596026
v 0.006009989883750677 0.051421601325273514 0.0012921600136905909
v 0.006009989883750677 0.051421601325273514 0.0012921600136905909
v 0.008523819968104362 0.05108049884438515 0.001005950034596026
v 0.0042765201069414616 0.05160989984869957 0.001005950034596026
v 0.006009989883750677 0.051421601325273514 0.0012921600136905909
v 0.0042765201069414616 0.05160989984869957 0.001005950034596026
v 0.004278790205717087 0.051637399941682816 0.0012921600136905909
v 0.004278790205717087 0.051637399941682816 0.0012921600136905909
v 0.0042765201069414616 0.05160989984869957 0.001005950034596026
v 9.418840707375864e-11 0.051793601363897324 0.001077390043064952
v 0.004278790205717087 0.051637399941682816 0.0012921600136905909
v 9.418840707375864e-11 0.051793601363897324 0.001077390043064952
v 1.1296499846658037e-10 0.05181429907679558 0.0012921600136905909
v 8.794309724891036e-11 -0.05178679898381233 0.001005950034596026
v 6.767150034781011e-11 -0.05170920118689537 0.0007740739965811372
v 0.0042765201069414616 -0.05160989984869957 0.001005950034596026
v 0.0042765201069414616 -0.05160989984869957 0.001005950034596026
v 6.767150034781011e-11 -0.05170920118689537 0.0007740739965811372
v 0.004268980119377375 -0.0515189990401268 0.0007332770037464797
v 0.0042765201069414616 -0.05160989984869957 0.001005950034596026
v 0.004268980119377375 -0.0515189990401268 0.0007332770037464797
v 0.008523819968104362 -0.05108049884438515 0.001005950034596026
v 0.008523819968104362 -0.05108049884438515 0.001005950034596026
v 0.004268980119377375 -0.0515189990401268 0.0007332770037464797
v 0.008508799597620964 -0.050990499556064606 0.0007332760142162442
v 0.008523819968104362 -0.05108049884438515 0.001005950034596026
v 0.008508799597620964 -0.050990499556064606 0.0007332760142162442
v 0.012712899595499039 -0.05020210146903992 0.001005950034596026
v 0.012712899595499039 -0.05020210146903992 0.001005950034596026
v 0.008508799597620964 -0.050990499556064606 0.0007332760142162442
v 0.012690500356256962 -0.050113700330257416 0.0007332760142162442
v 0.012712899595499039 -0.05020210146903992 0.001005950034596026
v 0.012690500356256962 -0.050113700330257416 0.0007332760142162442
v 0.016815099865198135 -0.048980798572301865 0.001005950034596026
v 0.016815099865198135 -0.048980798572301865 0.001005950034596026
v 0.012690500356256962 -0.050113700330257416 0.0007332760142162442
v 0.016785500571131706 -0.048894498497247696 0.0007332750246860087
v 0.016815099865198135 -0.048980798572301865 0.001005950034596026
v 0.016785500571131706 -0.048894498497247696 0.0007332750246860087
v 0.02080249972641468 -0.04742490127682686 0.001005950034596026
v 0.02080249972641468 -0.04742490127682686 0.001005950034596026
v 0.016785500571131706 -0.048894498497247696 0.0007332750246860087
v 0.02076590061187744 -0.047341398894786835 0.0007332750246860087
v 0.02080249972641468 -0.04742490127682686 0.001005950034596026
v 0.02076590061187744 -0.047341398894786835 0.0007332750246860087
v 0.024647800251841545 -0.045545101165771484 0.001005950034596026
v 0.024647800251841545 -0.045545101165771484 0.001005950034596026
v 0.02076590061187744 -0.047341398894786835 0.0007332750246860087
v 0.024604300037026405 -0.0454648993909359 0.0007332750246860087
v 0.024647800251841545 -0.045545101165771484 0.001005950034596026
v 0.024604300037026405 -0.0454648993909359 0.0007332750246860087
v 0.028324700891971588 -0.0433541014790535 0.001005950034596026
v 0.028324700891971588 -0.0433541014790535 0.001005950034596026
v 0.024604300037026405 -0.0454648993909359 0.0007332750246860087
v 0.02827480062842369 -0.0432778000831604 0.0007332739769481122
v 0.028324700891971588 -0.0433541014790535 0.001005950034596026
v 0.02827480062842369 -0.0432778000831604 0.0007332739769481122
v 0.03180810064077377 -0.040867000818252563 0.001005950034596026
v 0.03180810064077377 -0.040867000818252563 0.001005950034596026
v 0.02827480062842369 -0.0432778000831604 0.0007332739769481122
v 0.031752001494169235 -0.04079499840736389 0.0007332739769481122
v 0.03180810064077377 -0.040867000818252563 0.001005950034596026
v 0.031752001494169235 -0.04079499840736389 0.0007332739769481122
v 0.035074200481176376 -0.03810080140829086 0.001005950034596026
v 0.035074200481176376 -0.03810080140829086 0.001005950034596026
v 0.031752001494169235 -0.04079499840736389 0.0007332739769481122
v 0.03501240164041519 -0.03803360089659691 0.0007332729874178767
v 0.035074200481176376 -0.03810080140829086 0.001005950034596026
v 0.03501240164041519 -0.03803360089659691 0.0007332729874178767
v 0.03810080140829086 -0.035074200481176376 0.001005950034596026
v 0.03810080140829086 -0.035074200481176376 0.001005950034596026
v 0.03501240164041519 -0.03803360089659691 0.0007332729874178767
v 0.03803360089659691 -0.03501240164041519 0.0007332729874178767
v 0.03810080140829086 -0.035074200481176376 0.001005950034596026
v 0.03803360089659691 -0.03501240164041519 0.0007332729874178767
v 0.040867000818252563 -0.03180810064077377 0.001005950034596026
v 0.040867000818252563 -0.03180810064077377 0.001005950034596026
v 0.03803360089659691 -0.03501240164041519 0.0007332729874178767
v 0.04079499840736389 -0.031752098351716995 0.0007332729874178767
v 0.040867000818252563 -0.03180810064077377 0.001005950034596026
v 0.04079499840736389 -0.031752098351716995 0.0007332729874178767
v 0.0433541014790535 -0.028324700891971588 0.001005950034596026
v 0.0433541014790535 -0.028324700891971588 0.001005950034596026
v 0.04079499840736389 -0.031752098351716995 0.0007332729874178767
v 0.0432778000831604 -0.02827480062842369 0.0007332719978876412
v 0.0433541014790535 -0.028324700891971588 0.001005950034596026
v 0.0432778000831604 -0.02827480062842369 0.0007332719978876412
v 0.045545101165771484 -0.024647800251841545 0.001005950034596026
v 0.045545101165771484 -0.024647800251841545 0.001005950034596026
v 0.0432778000831604 -0.02827480062842369 0.0007332719978876412
v 0.0454648993909359 -0.024604400619864464 0.0007332719978876412
v 0.045545101165771484 -0.024647800251841545 0.001005950034596026
v 0.0454648993909359 -0.024604400619864464 0.0007332719978876412
v 0.04742490127682686 -0.02080249972641468 0.001005950034596026
v 0.04742490127682686 -0.02080249972641468 0.001005950034596026
v 0.0454648993909359 -0.024604400619864464 0.0007332719978876412
v 0.047341398894786835 -0.02076590061187744 0.0007332719978876412
v 0.04742490127682686 -0.02080249972641468 0.001005950034596026
v 0.047341398894786835 -0.02076590061187744 0.0007332719978876412
v 0.048980798572301865 -0.016815099865198135 0.001005950034596026
v 0.048980798572301865 -0.016815099865198135 0.001005950034596026
v 0.047341398894786835 -0.02076590061187744 0.0007332719978876412
v 0.048894498497247696 -0.016785500571131706 0.0007332710083574057
v 0.048980798572301865 -0.016815099865198135 0.001005950034596026
v 0.048894498497247696 -0.016785500571131706 0.0007332710083574057
v 0.05020210146903992 -0.012712899595499039 0.001005950034596026
v 0.05020210146903992 -0.012712899595499039 0.001005950034596026
v 0.048894498497247696 -0.016785500571131706 0.0007332710083574057
v 0.050113700330257416 -0.012690500356256962 0.0007332710083574057
v 0.05020210146903992 -0.012712899595499039 0.001005950034596026
v 0.050113700330257416 -0.012690500356256962 0.0007332710083574057
v 0.05108049884438515 -0.008523819968104362 0.001005950034596026
v 0.05108049884438515 -0.008523819968104362 0.001005950034596026
v 0.050113700330257416 -0.012690500356256962 0.0007332710083574057
v 0.050990499556064606 -0.008508809842169285 0.0007332710083574057
v 0.05108049884438515 -0.008523819968104362 0.001005950034596026
v 0.050990499556064606 -0.008508809842169285 0.0007332710083574057
v 0.05160989984869957 -0.0042765201069414616 0.001005950034596026
v 0.05160989984869957 -0.0042765201069414616 0.001005950034596026
v 0.050990499556064606 -0.008508809842169285 0.0007332710083574057
v 0.0515189990401268 -0.004268980119377375 0.0007332700188271701
v 0.05160989984869957 -0.0042765201069414616 0.001005950034596026
v 0.0515189990401268 -0.004268980119377375 0.0007332700188271701
v 0.05178679898381233 4.397139943823625e-11 0.001005950034596026
v 0.05178679898381233 4.397139943823625e-11 0.001005950034596026
v 0.0515189990401268 -0.004268980119377375 0.0007332700188271701
v 0.05169549956917763 3.205229831548806e-11 0.0007332700188271701
v 0.05178679898381233 4.397139943823625e-11 0.001005950034596026
v 0.05169549956917763 3.205229831548806e-11 0.0007332700188271701
v 0.05160989984869957 0.0042765201069414616 0.001005950034596026
v 0.05160989984869957 0.0042765201069414616 0.001005950034596026
v 0.05169549956917763 3.205229831548806e-11 0.0007332700188271701
v 0.0515189990401268 0.004268980119377375 0.0007332700188271701
v 0.05160989984869957 0.0042765201069414616 0.001005950034596026
v 0.0515189990401268 0.004268980119377375 0.0007332700188271701
v 0.05108049884438515 0.008523819968104362 0.001005950034596026
v 0.05108049884438515 0.008523819968104362 0.001005950034596026
v 0.0515189990401268 0.004268980119377375 0.0007332700188271701
v 0.050990499556064606 0.008508809842169285 0.0007332700188271701
v 0.05108049884438515 0.008523819968104362 0.001005950034596026
v 0.050990499556064606 0.008508809842169285 0.0007332700188271701
v 0.05020210146903992 0.012712899595499039 0.001005950034596026
v 0.05020210146903992 0.012712899595499039 0.001005950034596026
v 0.050990499556064606 0.008508809842169285 0.0007332700188271701
v 0.050113700330257416 0.012690500356256962 0.0007332700188271701
v 0.05020210146903992 0.012712899595499039 0.001005950034596026
v 0.050113700330257416 0.012690500356256962 0.0007332700188271701
v 0.048980798572301865 0.016815099865198135 0.001005950034596026
v 0.048980798572301865 0.016815099865198135 0.001005950034596026
v 0.050113700330257416 0.012690500356256962 0.0007332700188271701
v 0.048894498497247696 0.016785500571131706 0.0007332700188271701
v 0.048980798572301865 0.016815099865198135 0.001005950034596026
v 0.048894498497247696 0.016785500571131706 0.0007332700188271701
v 0.04742490127682686 0.02080249972641468 0.001005950034596026
v 0.04742490127682686 0.02080249972641468 0.001005950034596026
v 0.048894498497247696 0.016785500571131706 0.0007332700188271701
v 0.047341398894786835 0.02076590061187744 0.0007332700188271701
v 0.04742490127682686 0.02080249972641468 0.001005950034596026
v 0.047341398894786835 0.02076590061187744 0.0007332700188271701
v 0.045545101165771484 0.024647800251841545 0.001005950034596026
v 0.045545101165771484 0.024647800251841545 0.001005950034596026
v 0.047341398894786835 0.02076590061187744 0.0007332700188271701
v 0.0454648993909359 0.024604400619864464 0.0007332700188271701
v 0.045545101165771484 0.024647800251841545 0.001005950034596026
v 0.0454648993909359 0.024604400619864464 0.0007332700188271701
v 0.0433541014790535 0.028324700891971588 0.001005950034596026
v 0.0433541014790535 0.028324700891971588 0.001005950034596026
v 0.0454648993909359 0.024604400619864464 0.0007332700188271701
v 0.0432778000831604 0.02827480062842369 0.0007332700188271701
v 0.0433541014790535 0.028324700891971588 0.001005950034596026
v 0.0432778000831604 0.02827480062842369 0.0007332700188271701
v 0.040867000818252563 0.03180810064077377 0.001005950034596026
v 0.040867000818252563 0.03180810064077377 0.001005950034596026
v 0.0432778000831604 0.02827480062842369 0.0007332700188271701
v 0.04079499840736389 0.031752098351716995 0.0007332700188271701
v 0.040867000818252563 0.03180810064077377 0.001005950034596026
v 0.04079499840736389 0.031752098351716995 0.0007332700188271701
v 0.03810080140829086 0.035074200481176376 0.001005950034596026
v 0.03810080140829086 0.035074200481176376 0.001005950034596026
v 0.04079499840736389 0.031752098351716995 0.0007332700188271701
v 0.03803360089659691 0.03501240164041519 0.0007332700188271701
v 0.03810080140829086 0.035074200481176376 0.001005950034596026
v 0.03803360089659691 0.03501240164041519 0.0007332700188271701
v 0.035074200481176376 0.03810080140829086 0.001005950034596026
v 0.035074200481176376 0.03810080140829086 0.001005950034596026
v 0.03803360089659691 0.03501240164041519 0.0007332700188271701
v 0.03501240164041519 0.03803360089659691 0.0007332700188271701
v 0.035074200481176376 0.03810080140829086 0.001005950034596026
v 0.03501240164041519 0.03803360089659691 0.0007332700188271701
v 0.03180810064077377 0.040867000818252563 0.001005950034596026
v 0.03180810064077377 0.040867000818252563 0.001005950034596026
v 0.03501240164041519 0.03803360089659691 0.0007332700188271701
v 0.031752001494169235 0.04079499840736389 0.0007332700188271701
v 0.03180810064077377 0.040867000818252563 0.001005950034596026
v 0.031752001494169235 0.04079499840736389 0.0007332700188271701
v 0.028324700891971588 0.0433541014790535 0.001005950034596026
v 0.028324700891971588 0.0433541014790535 0.001005950034596026
v 0.031752001494169235 0.04079499840736389 0.0007332700188271701
v 0.02827480062842369 0.0432778000831604 0.0007332700188271701
v 0.028324700891971588 0.0433541014790535 0.001005950034596026
v 0.02827480062842369 0.0432778000831604 0.0007332700188271701
v 0.024647800251841545 0.045545101165771484 0.001005950034596026
v 0.024647800251841545 0.045545101165771484 0.001005950034596026
v 0.02827480062842369 0.0432778000831604 0.0007332700188271701
v 0.024604300037026405 0.0454648993909359 0.0007332710083574057
v 0.024647800251841545 0.045545101165771484 0.001005950034596026
v 0.024604300037026405 0.0454648993909359 0.0007332710083574057
v 0.02080249972641468 0.04742490127682686 0.001005950034596026
v 0.02080249972641468 0.04742490127682686 0.001005950034596026
v 0.024604300037026405 0.0454648993909359 0.0007332710083574057
v 0.02076590061187744 0.047341398894786835 0.0007332710083574057
v 0.02080249972641468 0.04742490127682686 0.001005950034596026
v 0.02076590061187744 0.047341398894786835 0.0007332710083574057
v 0.016815099865198135 0.048980798572301865 0.001005950034596026
v 0.016815099865198135 0.048980798572301865 0.001005950034596026
v 0.02076590061187744 0.047341398894786835 0.0007332710083574057
v 0.016785500571131706 0.048894498497247696 0.0007332710083574057
v 0.016815099865198135 0.048980798572301865 0.001005950034596026
v 0.016785500571131706 0.048894498497247696 0.0007332710083574057
v 0.012712899595499039 0.05020210146903992 0.001005950034596026
v 0.012712899595499039 0.05020210146903992 0.001005950034596026
v 0.016785500571131706 0.048894498497247696 0.0007332710083574057
v 0.012690500356256962 0.050113700330257416 0.0007332710083574057
v 0.012712899595499039 0.05020210146903992 0.001005950034596026
v 0.012690500356256962 0.050113700330257416 0.0007332710083574057
v 0.008523819968104362 0.05108049884438515 0.001005950034596026
v 0.008523819968104362 0.05108049884438515 0.001005950034596026
v 0.012690500356256962 0.050113700330257416 0.0007332710083574057
v 0.008508799597620964 0.050990499556064606 0.0007332719978876412
v 0.008523819968104362 0.05108049884438515 0.001005950034596026
v 0.008508799597620964 0.050990499556064606 0.0007332719978876412
v 0.0042765201069414616 0.05160989984869957 0.001005950034596026
v 0.0042765201069414616 0.05160989984869957 0.001005950034596026
v 0.008508799597620964 0.050990499556064606 0.0007332719978876412
v 0.004268980119377375 0.0515189990401268 0.0007332719978876412
v 0.0042765201069414616 0.05160989984869957 0.001005950034596026
v 0.004268980119377375 0.0515189990401268 0.0007332719978876412
v 8.794309724891036e-11 0.05178679898381233 0.001005950034596026
v 0.004268980119377375 0.0515189990401268 0.0007332719978876412
v 6.410490194230789e-11 0.05169549956917763 0.0007332729874178767
v 8.794309724891036e-11 0.05178679898381233 0.001005950034596026
v 4.267190073514726e-11 0.05154529958963394 0.00048810799489729106
v 4.373959874848232e-11 0.051552798599004745 0.0005003209807910025
v 0.004268980119377375 0.0515189990401268 0.0007332719978876412
v 0.004268980119377375 0.0515189990401268 0.0007332719978876412
v 0.004256580024957657 0.05136920139193535 0.00048810700536705554
v 4.267190073514726e-11 0.05154529958963394 0.00048810799489729106
v 0.004268980119377375 0.0515189990401268 0.0007332719978876412
v 4.373959874848232e-11 0.051552798599004745 0.0005003209807910025
v 6.410490194230789e-11 0.05169549956917763 0.0007332729874178767
v 0.004256580024957657 -0.05136920139193535 0.0004881120112258941
v 0.004239929839968681 -0.051168400794267654 0.0002830259909387678
v 0.0084840701892972 -0.050842300057411194 0.0004881109925918281
v 0.0084840701892972 -0.050842300057411194 0.0004881109925918281
v 0.004239929839968681 -0.051168400794267654 0.0002830259909387678
v 0.008450900204479694 -0.050643499940633774 0.0002830259909387678
v 0.0084840701892972 -0.050842300057411194 0.0004881109925918281
v 0.008450900204479694 -0.050643499940633774 0.0002830259909387678
v 0.012653600424528122 -0.04996800050139427 0.0004881109925918281
v 0.012653600424528122 -0.04996800050139427 0.0004881109925918281
v 0.008450900204479694 -0.050643499940633774 0.0002830259909387678
v 0.012604099698364735 -0.04977269843220711 0.0002830259909387678
v 0.012653600424528122 -0.04996800050139427 0.0004881109925918281
v 0.012604099698364735 -0.04977269843220711 0.0002830259909387678
v 0.016736699268221855 -0.048752401024103165 0.0004881109925918281
v 0.016736699268221855 -0.048752401024103165 0.0004881109925918281
v 0.012604099698364735 -0.04977269843220711 0.0002830259909387678
v 0.016671299934387207 -0.04856180027127266 0.00028302500140853226
v 0.016736699268221855 -0.048752401024103165 0.0004881109925918281
v 0.016671299934387207 -0.04856180027127266 0.00028302500140853226
v 0.02070550061762333 -0.047203801572322845 0.0004881100030615926
v 0.02070550061762333 -0.047203801572322845 0.0004881100030615926
v 0.016671299934387207 -0.04856180027127266 0.00028302500140853226
v 0.020624499768018723 -0.047019198536872864 0.00028302500140853226
v 0.02070550061762333 -0.047203801572322845 0.0004881100030615926
v 0.020624499768018723 -0.047019198536872864 0.00028302500140853226
v 0.024532800540328026 -0.04533270001411438 0.0004881100030615926
v 0.024532800540328026 -0.04533270001411438 0.0004881100030615926
v 0.020624499768018723 -0.047019198536872864 0.00028302500140853226
v 0.02443690039217472 -0.04515549913048744 0.00028302401187829673
v 0.024532800540328026 -0.04533270001411438 0.0004881100030615926
v 0.02443690039217472 -0.04515549913048744 0.00028302401187829673
v 0.02819260023534298 -0.04315200075507164 0.00048810901353135705
v 0.02819260023534298 -0.04315200075507164 0.00048810901353135705
v 0.02443690039217472 -0.04515549913048744 0.00028302401187829673
v 0.02808240056037903 -0.04298330098390579 0.00028302401187829673
v 0.02819260023534298 -0.04315200075507164 0.00048810901353135705
v 0.02808240056037903 -0.04298330098390579 0.00028302401187829673
v 0.0316598005592823 -0.04067650064826012 0.00048810901353135705
v 0.0316598005592823 -0.04067650064826012 0.00048810901353135705
v 0.02808240056037903 -0.04298330098390579 0.00028302401187829673
v 0.031536001712083817 -0.040517400950193405 0.00028302401187829673
v 0.0316598005592823 -0.04067650064826012 0.00048810901353135705
v 0.031536001712083817 -0.040517400950193405 0.00028302401187829673
v 0.03491070121526718 -0.03792310133576393 0.00048810901353135705
v 0.03491070121526718 -0.03792310133576393 0.00048810901353135705
v 0.031536001712083817 -0.040517400950193405 0.00028302401187829673
v 0.03477419912815094 -0.03777480125427246 0.00028302299324423075
v 0.03491070121526718 -0.03792310133576393 0.00048810901353135705
v 0.03477419912815094 -0.03777480125427246 0.00028302299324423075
v 0.03792310133576393 -0.03491070121526718 0.00048810799489729106
v 0.03792310133576393 -0.03491070121526718 0.00048810799489729106
v 0.03477419912815094 -0.03777480125427246 0.00028302299324423075
v 0.03777480125427246 -0.03477419912815094 0.00028302299324423075
v 0.03792310133576393 -0.03491070121526718 0.00048810799489729106
v 0.03777480125427246 -0.03477419912815094 0.00028302299324423075
v 0.04067650064826012 -0.0316598005592823 0.00048810799489729106
v 0.04067650064826012 -0.0316598005592823 0.00048810799489729106
v 0.03777480125427246 -0.03477419912815094 0.00028302299324423075
v 0.040517400950193405 -0.031536001712083817 0.0002830220037139952
v 0.04067650064826012 -0.0316598005592823 0.00048810799489729106
v 0.040517400950193405 -0.031536001712083817 0.0002830220037139952
v 0.04315200075507164 -0.02819260023534298 0.00048810700536705554
v 0.04315200075507164 -0.02819260023534298 0.00048810700536705554
v 0.040517400950193405 -0.031536001712083817 0.0002830220037139952
v 0.04298330098390579 -0.02808240056037903 0.0002830220037139952
v 0.04315200075507164 -0.02819260023534298 0.00048810700536705554
v 0.04298330098390579 -0.02808240056037903 0.0002830220037139952
v 0.04533270001411438 -0.024532800540328026 0.00048810700536705554
v 0.04533270001411438 -0.024532800540328026 0.00048810700536705554
v 0.04298330098390579 -0.02808240056037903 0.0002830220037139952
v 0.04515549913048744 -0.02443690039217472 0.0002830220037139952
v 0.04533270001411438 -0.024532800540328026 0.00048810700536705554
v 0.04515549913048744 -0.02443690039217472 0.0002830220037139952
v 0.047203801572322845 -0.02070550061762333 0.00048810700536705554
v 0.047203801572322845 -0.02070550061762333 0.00048810700536705554
v 0.04515549913048744 -0.02443690039217472 0.0002830220037139952
v 0.047019198536872864 -0.02062460035085678 0.0002830210141837597
v 0.047203801572322845 -0.02070550061762333 0.00048810700536705554
v 0.047019198536872864 -0.02062460035085678 0.0002830210141837597
v 0.048752401024103165 -0.016736699268221855 0.00048810598673298955
v 0.048752401024103165 -0.016736699268221855 0.00048810598673298955
v 0.047019198536872864 -0.02062460035085678 0.0002830210141837597
v 0.04856180027127266 -0.016671299934387207 0.0002830210141837597
v 0.048752401024103165 -0.016736699268221855 0.00048810598673298955
v 0.04856180027127266 -0.016671299934387207 0.0002830210141837597
v 0.04996800050139427 -0.012653600424528122 0.00048810598673298955
v 0.04996800050139427 -0.012653600424528122 0.00048810598673298955
v 0.04856180027127266 -0.016671299934387207 0.0002830210141837597
v 0.04977260157465935 -0.012604099698364735 0.0002830210141837597
v 0.04996800050139427 -0.012653600424528122 0.00048810598673298955
v 0.04977260157465935 -0.012604099698364735 0.0002830210141837597
v 0.050842300057411194 -0.00848408043384552 0.00048810598673298955
v 0.050842300057411194 -0.00848408043384552 0.00048810598673298955
v 0.04977260157465935 -0.012604099698364735 0.0002830210141837597
v 0.050643499940633774 -0.008450900204479694 0.0002830210141837597
v 0.050842300057411194 -0.00848408043384552 0.00048810598673298955
v 0.050643499940633774 -0.008450900204479694 0.0002830210141837597
v 0.05136920139193535 -0.004256580024957657 0.00048810598673298955
v 0.05136920139193535 -0.004256580024957657 0.00048810598673298955
v 0.050643499940633774 -0.008450900204479694 0.0002830210141837597
v 0.051168400794267654 -0.004239929839968681 0.0002830199955496937
v 0.05136920139193535 -0.004256580024957657 0.00048810598673298955
v 0.051168400794267654 -0.004239929839968681 0.0002830199955496937
v 0.05154529958963394 2.133579944663122e-11 0.000488104997202754
v 0.05154529958963394 2.133579944663122e-11 0.000488104997202754
v 0.051168400794267654 -0.004239929839968681 0.0002830199955496937
v 0.05134370177984238 1.2371200418248574e-11 0.0002830199955496937
v 0.05154529958963394 2.133579944663122e-11 0.000488104997202754
v 0.05134370177984238 1.2371200418248574e-11 0.0002830199955496937
v 0.05136920139193535 0.004256580024957657 0.000488104997202754
v 0.05136920139193535 0.004256580024957657 0.000488104997202754
v 0.05134370177984238 1.2371200418248574e-11 0.0002830199955496937
v 0.051168400794267654 0.004239929839968681 0.0002830199955496937
v 0.05136920139193535 0.004256580024957657 0.000488104997202754
v 0.051168400794267654 0.004239929839968681 0.0002830199955496937
v 0.050842300057411194 0.00848408043384552 0.000488104997202754
v 0.050842300057411194 0.00848408043384552 0.000488104997202754
v 0.051168400794267654 0.004239929839968681 0.0002830199955496937
v 0.050643499940633774 0.008450900204479694 0.0002830199955496937
v 0.050842300057411194 0.00848408043384552 0.000488104997202754
v 0.050643499940633774 0.008450900204479694 0.0002830199955496937
v 0.04996800050139427 0.012653600424528122 0.000488104997202754
v 0.04996800050139427 0.012653600424528122 0.000488104997202754
v 0.050643499940633774 0.008450900204479694 0.0002830199955496937
v 0.04977260157465935 0.012604099698364735 0.0002830199955496937
v 0.04996800050139427 0.012653600424528122 0.000488104997202754
v 0.04977260157465935 0.012604099698364735 0.0002830199955496937
v 0.048752401024103165 0.016736699268221855 0.000488104997202754
v 0.048752401024103165 0.016736699268221855 0.000488104997202754
v 0.04977260157465935 0.012604099698364735 0.0002830199955496937
v 0.04856180027127266 0.016671299934387207 0.0002830199955496937
v 0.048752401024103165 0.016736699268221855 0.000488104997202754
v 0.04856180027127266 0.016671299934387207 0.0002830199955496937
v 0.047203801572322845 0.02070550061762333 0.000488104997202754
v 0.047203801572322845 0.02070550061762333 0.000488104997202754
v 0.04856180027127266 0.016671299934387207 0.0002830199955496937
v 0.047019198536872864 0.02062460035085678 0.0002830199955496937
v 0.047203801572322845 0.02070550061762333 0.000488104997202754
v 0.047019198536872864 0.02062460035085678 0.0002830199955496937
v 0.04533270001411438 0.024532800540328026 0.000488104997202754
v 0.04533270001411438 0.024532800540328026 0.000488104997202754
v 0.047019198536872864 0.02062460035085678 0.0002830199955496937
v 0.04515549913048744 0.02443690039217472 0.0002830199955496937
v 0.04533270001411438 0.024532800540328026 0.000488104997202754
v 0.04515549913048744 0.02443690039217472 0.0002830199955496937
v 0.04315200075507164 0.02819260023534298 0.000488104997202754
v 0.04315200075507164 0.02819260023534298 0.000488104997202754
v 0.04515549913048744 0.02443690039217472 0.0002830199955496937
v 0.04298330098390579 0.02808240056037903 0.0002830199955496937
v 0.04315200075507164 0.02819260023534298 0.000488104997202754
v 0.04298330098390579 0.02808240056037903 0.0002830199955496937
v 0.04067650064826012 0.0316598005592823 0.000488104997202754
v 0.04067650064826012 0.0316598005592823 0.000488104997202754
v 0.04298330098390579 0.02808240056037903 0.0002830199955496937
v 0.040517400950193405 0.031536001712083817 0.0002830199955496937
v 0.04067650064826012 0.0316598005592823 0.000488104997202754
v 0.040517400950193405 0.031536001712083817 0.0002830199955496937
v 0.03792310133576393 0.03491070121526718 0.000488104997202754
v 0.03792310133576393 0.03491070121526718 0.000488104997202754
v 0.040517400950193405 0.031536001712083817 0.0002830199955496937
v 0.03777480125427246 0.03477419912815094 0.0002830199955496937
v 0.03792310133576393 0.03491070121526718 0.000488104997202754
v 0.03777480125427246 0.03477419912815094 0.0002830199955496937
v 0.03491070121526718 0.03792310133576393 0.000488104997202754
v 0.03491070121526718 0.03792310133576393 0.000488104997202754
v 0.03777480125427246 0.03477419912815094 0.0002830199955496937
v 0.03477419912815094 0.03777480125427246 0.0002830199955496937
v 0.03491070121526718 0.03792310133576393 0.000488104997202754
v 0.03477419912815094 0.03777480125427246 0.0002830199955496937
v 0.0316598005592823 0.04067650064826012 0.000488104997202754
v 0.0316598005592823 0.04067650064826012 0.000488104997202754
v 0.03477419912815094 0.03777480125427246 0.0002830199955496937
v 0.031536001712083817 0.040517400950193405 0.0002830199955496937
v 0.0316598005592823 0.04067650064826012 0.000488104997202754
v 0.031536001712083817 0.040517400950193405 0.0002830199955496937
v 0.02819260023534298 0.04315200075507164 0.00048810598673298955
v 0.02819260023534298 0.04315200075507164 0.00048810598673298955
v 0.031536001712083817 0.040517400950193405 0.0002830199955496937
v 0.02808240056037903 0.04298330098390579 0.0002830199955496937
v 0.02819260023534298 0.04315200075507164 0.00048810598673298955
v 0.02808240056037903 0.04298330098390579 0.0002830199955496937
v 0.024532800540328026 0.04533270001411438 0.00048810598673298955
v 0.024532800540328026 0.04533270001411438 0.00048810598673298955
v 0.02808240056037903 0.04298330098390579 0.0002830199955496937
v 0.02443690039217472 0.04515549913048744 0.0002830210141837597
v 0.024532800540328026 0.04533270001411438 0.00048810598673298955
v 0.02443690039217472 0.04515549913048744 0.0002830210141837597
v 0.02070550061762333 0.047203801572322845 0.00048810598673298955
v 0.02070550061762333 0.047203801572322845 0.00048810598673298955
v 0.02443690039217472 0.04515549913048744 0.0002830210141837597
v 0.020624499768018723 0.047019198536872864 0.0002830210141837597
v 0.02070550061762333 0.047203801572322845 0.00048810598673298955
v 0.020624499768018723 0.047019198536872864 0.0002830210141837597
v 0.016736699268221855 0.048752401024103165 0.00048810598673298955
v 0.016736699268221855 0.048752401024103165 0.00048810598673298955
v 0.020624499768018723 0.047019198536872864 0.0002830210141837597
v 0.016671299934387207 0.04856180027127266 0.0002830210141837597
v 0.016736699268221855 0.048752401024103165 0.00048810598673298955
v 0.016671299934387207 0.04856180027127266 0.0002830210141837597
v 0.012653600424528122 0.04996800050139427 0.00048810700536705554
v 0.012653600424528122 0.04996800050139427 0.00048810700536705554
v 0.016671299934387207 0.04856180027127266 0.0002830210141837597
v 0.012604099698364735 0.04977269843220711 0.0002830210141837597
v 0.012653600424528122 0.04996800050139427 0.00048810700536705554
v 0.012604099698364735 0.04977269843220711 0.0002830210141837597
v 0.0084840701892972 0.050842300057411194 0.00048810700536705554
v 0.0084840701892972 0.050842300057411194 0.00048810700536705554
v 0.012604099698364735 0.04977269843220711 0.0002830210141837597
v 0.008450900204479694 0.050643499940633774 0.0002830220037139952
v 0.0084840701892972 0.050842300057411194 0.00048810700536705554
v 0.008450900204479694 0.050643499940633774 0.0002830220037139952
v 0.004256580024957657 0.05136920139193535 0.00048810700536705554
v 0.004256580024957657 0.05136920139193535 0.00048810700536705554
v 0.008450900204479694 0.050643499940633774 0.0002830220037139952
v 0.004239929839968681 0.051168400794267654 0.0002830220037139952
v 0.004268980119377375 -0.0515189990401268 0.0007332770037464797
v 0.004256580024957657 -0.05136920139193535 0.0004881120112258941
v 0.008508799597620964 -0.050990499556064606 0.0007332760142162442
v 0.008508799597620964 -0.050990499556064606 0.0007332760142162442
v 0.004256580024957657 -0.05136920139193535 0.0004881120112258941
v 0.0084840701892972 -0.050842300057411194 0.0004881109925918281
v 0.008508799597620964 -0.050990499556064606 0.0007332760142162442
v 0.0084840701892972 -0.050842300057411194 0.0004881109925918281
v 0.012690500356256962 -0.050113700330257416 0.0007332760142162442
v 0.012690500356256962 -0.050113700330257416 0.0007332760142162442
v 0.0084840701892972 -0.050842300057411194 0.0004881109925918281
v 0.012653600424528122 -0.04996800050139427 0.0004881109925918281
v 0.012690500356256962 -0.050113700330257416 0.0007332760142162442
v 0.012653600424528122 -0.04996800050139427 0.0004881109925918281
v 0.016785500571131706 -0.048894498497247696 0.0007332750246860087
v 0.016785500571131706 -0.048894498497247696 0.0007332750246860087
v 0.012653600424528122 -0.04996800050139427 0.0004881109925918281
v 0.016736699268221855 -0.048752401024103165 0.0004881109925918281
v 0.016785500571131706 -0.048894498497247696 0.0007332750246860087
v 0.016736699268221855 -0.048752401024103165 0.0004881109925918281
v 0.02076590061187744 -0.047341398894786835 0.0007332750246860087
v 0.02076590061187744 -0.047341398894786835 0.0007332750246860087
v 0.016736699268221855 -0.048752401024103165 0.0004881109925918281
v 0.02070550061762333 -0.047203801572322845 0.0004881100030615926
v 0.02076590061187744 -0.047341398894786835 0.0007332750246860087
v 0.02070550061762333 -0.047203801572322845 0.0004881100030615926
v 0.024604300037026405 -0.0454648993909359 0.0007332750246860087
v 0.024604300037026405 -0.0454648993909359 0.0007332750246860087
v 0.02070550061762333 -0.047203801572322845 0.0004881100030615926
v 0.024532800540328026 -0.04533270001411438 0.0004881100030615926
v 0.024604300037026405 -0.0454648993909359 0.0007332750246860087
v 0.024532800540328026 -0.04533270001411438 0.0004881100030615926
v 0.02827480062842369 -0.0432778000831604 0.0007332739769481122
v 0.02827480062842369 -0.0432778000831604 0.0007332739769481122
v 0.024532800540328026 -0.04533270001411438 0.0004881100030615926
v 0.02819260023534298 -0.04315200075507164 0.00048810901353135705
v 0.02827480062842369 -0.0432778000831604 0.0007332739769481122
v 0.02819260023534298 -0.04315200075507164 0.00048810901353135705
v 0.031752001494169235 -0.04079499840736389 0.0007332739769481122
v 0.031752001494169235 -0.04079499840736389 0.0007332739769481122
v 0.02819260023534298 -0.04315200075507164 0.00048810901353135705
v 0.0316598005592823 -0.04067650064826012 0.00048810901353135705
v 0.031752001494169235 -0.04079499840736389 0.0007332739769481122
v 0.0316598005592823 -0.04067650064826012 0.00048810901353135705
v 0.03501240164041519 -0.03803360089659691 0.0007332729874178767
v 0.03501240164041519 -0.03803360089659691 0.0007332729874178767
v 0.0316598005592823 -0.04067650064826012 0.00048810901353135705
v 0.03491070121526718 -0.03792310133576393 0.00048810901353135705
v 0.03501240164041519 -0.03803360089659691 0.0007332729874178767
v 0.03491070121526718 -0.03792310133576393 0.00048810901353135705
v 0.03803360089659691 -0.03501240164041519 0.0007332729874178767
v 0.03803360089659691 -0.03501240164041519 0.0007332729874178767
v 0.03491070121526718 -0.03792310133576393 0.00048810901353135705
v 0.03792310133576393 -0.03491070121526718 0.00048810799489729106
v 0.03803360089659691 -0.03501240164041519 0.0007332729874178767
v 0.03792310133576393 -0.03491070121526718 0.00048810799489729106
v 0.04079499840736389 -0.031752098351716995 0.0007332729874178767
v 0.04079499840736389 -0.031752098351716995 0.0007332729874178767
v 0.03792310133576393 -0.03491070121526718 0.00048810799489729106
v 0.04067650064826012 -0.0316598005592823 0.00048810799489729106
v 0.04079499840736389 -0.031752098351716995 0.0007332729874178767
v 0.04067650064826012 -0.0316598005592823 0.00048810799489729106
v 0.0432778000831604 -0.02827480062842369 0.0007332719978876412
v 0.0432778000831604 -0.02827480062842369 0.0007332719978876412
v 0.04067650064826012 -0.0316598005592823 0.00048810799489729106
v 0.04315200075507164 -0.02819260023534298 0.00048810700536705554
v 0.0432778000831604 -0.02827480062842369 0.0007332719978876412
v 0.04315200075507164 -0.02819260023534298 0.00048810700536705554
v 0.0454648993909359 -0.024604400619864464 0.0007332719978876412
v 0.0454648993909359 -0.024604400619864464 0.0007332719978876412
v 0.04315200075507164 -0.02819260023534298 0.00048810700536705554
v 0.04533270001411438 -0.024532800540328026 0.00048810700536705554
v 0.0454648993909359 -0.024604400619864464 0.0007332719978876412
v 0.04533270001411438 -0.024532800540328026 0.00048810700536705554
v 0.047341398894786835 -0.02076590061187744 0.0007332719978876412
v 0.047341398894786835 -0.02076590061187744 0.0007332719978876412
v 0.04533270001411438 -0.024532800540328026 0.00048810700536705554
v 0.047203801572322845 -0.02070550061762333 0.00048810700536705554
v 0.047341398894786835 -0.02076590061187744 0.0007332719978876412
v 0.047203801572322845 -0.02070550061762333 0.00048810700536705554
v 0.048894498497247696 -0.016785500571131706 0.0007332710083574057
v 0.048894498497247696 -0.016785500571131706 0.0007332710083574057
v 0.047203801572322845 -0.02070550061762333 0.00048810700536705554
v 0.048752401024103165 -0.016736699268221855 0.00048810598673298955
v 0.048894498497247696 -0.016785500571131706 0.0007332710083574057
v 0.048752401024103165 -0.016736699268221855 0.00048810598673298955
v 0.050113700330257416 -0.012690500356256962 0.0007332710083574057
v 0.050113700330257416 -0.012690500356256962 0.0007332710083574057
v 0.048752401024103165 -0.016736699268221855 0.00048810598673298955
v 0.04996800050139427 -0.012653600424528122 0.00048810598673298955
v 0.050113700330257416 -0.012690500356256962 0.0007332710083574057
v 0.04996800050139427 -0.012653600424528122 0.00048810598673298955
v 0.050990499556064606 -0.008508809842169285 0.0007332710083574057
v 0.050990499556064606 -0.008508809842169285 0.0007332710083574057
v 0.04996800050139427 -0.012653600424528122 0.00048810598673298955
v 0.050842300057411194 -0.00848408043384552 0.00048810598673298955
v 0.050990499556064606 -0.008508809842169285 0.0007332710083574057
v 0.050842300057411194 -0.00848408043384552 0.00048810598673298955
v 0.0515189990401268 -0.004268980119377375 0.0007332700188271701
v 0.0515189990401268 -0.004268980119377375 0.0007332700188271701
v 0.050842300057411194 -0.00848408043384552 0.00048810598673298955
v 0.05136920139193535 -0.004256580024957657 0.00048810598673298955
v 0.0515189990401268 -0.004268980119377375 0.0007332700188271701
v 0.05136920139193535 -0.004256580024957657 0.00048810598673298955
v 0.05169549956917763 3.205229831548806e-11 0.0007332700188271701
v 0.05169549956917763 3.205229831548806e-11 0.0007332700188271701
v 0.05136920139193535 -0.004256580024957657 0.00048810598673298955
v 0.05154529958963394 2.133579944663122e-11 0.000488104997202754
v 0.05169549956917763 3.205229831548806e-11 0.0007332700188271701
v 0.05154529958963394 2.133579944663122e-11 0.000488104997202754
v 0.0515189990401268 0.004268980119377375 0.0007332700188271701
v 0.0515189990401268 0.004268980119377375 0.0007332700188271701
v 0.05154529958963394 2.133579944663122e-11 0.000488104997202754
v 0.05136920139193535 0.004256580024957657 0.000488104997202754
v 0.0515189990401268 0.004268980119377375 0.0007332700188271701
v 0.05136920139193535 0.004256580024957657 0.000488104997202754
v 0.050990499556064606 0.008508809842169285 0.0007332700188271701
v 0.050990499556064606 0.008508809842169285 0.0007332700188271701
v 0.05136920139193535 0.004256580024957657 0.000488104997202754
v 0.050842300057411194 0.00848408043384552 0.000488104997202754
v 0.050990499556064606 0.008508809842169285 0.0007332700188271701
v 0.050842300057411194 0.00848408043384552 0.000488104997202754
v 0.050113700330257416 0.012690500356256962 0.0007332700188271701
v 0.050113700330257416 0.012690500356256962 0.0007332700188271701
v 0.050842300057411194 0.00848408043384552 0.000488104997202754
v 0.04996800050139427 0.012653600424528122 0.000488104997202754
v 0.050113700330257416 0.012690500356256962 0.0007332700188271701
v 0.04996800050139427 0.012653600424528122 0.000488104997202754
v 0.048894498497247696 0.016785500571131706 0.0007332700188271701
v 0.048894498497247696 0.016785500571131706 0.0007332700188271701
v 0.04996800050139427 0.012653600424528122 0.000488104997202754
v 0.048752401024103165 0.016736699268221855 0.000488104997202754
v 0.048894498497247696 0.016785500571131706 0.0007332700188271701
v 0.048752401024103165 0.016736699268221855 0.000488104997202754
v 0.047341398894786835 0.02076590061187744 0.0007332700188271701
v 0.047341398894786835 0.02076590061187744 0.0007332700188271701
v 0.048752401024103165 0.016736699268221855 0.000488104997202754
v 0.047203801572322845 0.02070550061762333 0.000488104997202754
v 0.047341398894786835 0.02076590061187744 0.0007332700188271701
v 0.047203801572322845 0.02070550061762333 0.000488104997202754
v 0.0454648993909359 0.024604400619864464 0.0007332700188271701
v 0.0454648993909359 0.024604400619864464 0.0007332700188271701
v 0.047203801572322845 0.02070550061762333 0.000488104997202754
v 0.04533270001411438 0.024532800540328026 0.000488104997202754
v 0.0454648993909359 0.024604400619864464 0.0007332700188271701
v 0.04533270001411438 0.024532800540328026 0.000488104997202754
v 0.0432778000831604 0.02827480062842369 0.0007332700188271701
v 0.0432778000831604 0.02827480062842369 0.0007332700188271701
v 0.04533270001411438 0.024532800540328026 0.000488104997202754
v 0.04315200075507164 0.02819260023534298 0.000488104997202754
v 0.0432778000831604 0.02827480062842369 0.0007332700188271701
v 0.04315200075507164 0.02819260023534298 0.000488104997202754
v 0.04079499840736389 0.031752098351716995 0.0007332700188271701
v 0.04079499840736389 0.031752098351716995 0.0007332700188271701
v 0.04315200075507164 0.02819260023534298 0.000488104997202754
v 0.04067650064826012 0.0316598005592823 0.000488104997202754
v 0.04079499840736389 0.031752098351716995 0.0007332700188271701
v 0.04067650064826012 0.0316598005592823 0.000488104997202754
v 0.03803360089659691 0.03501240164041519 0.0007332700188271701
v 0.03803360089659691 0.03501240164041519 0.0007332700188271701
v 0.04067650064826012 0.0316598005592823 0.000488104997202754
v 0.03792310133576393 0.03491070121526718 0.000488104997202754
v 0.03803360089659691 0.03501240164041519 0.0007332700188271701
v 0.03792310133576393 0.03491070121526718 0.000488104997202754
v 0.03501240164041519 0.03803360089659691 0.0007332700188271701
v 0.03501240164041519 0.03803360089659691 0.0007332700188271701
v 0.03792310133576393 0.03491070121526718 0.000488104997202754
v 0.03491070121526718 0.03792310133576393 0.000488104997202754
v 0.03501240164041519 0.03803360089659691 0.0007332700188271701
v 0.03491070121526718 0.03792310133576393 0.000488104997202754
v 0.031752001494169235 0.04079499840736389 0.0007332700188271701
v 0.031752001494169235 0.04079499840736389 0.0007332700188271701
v 0.03491070121526718 0.03792310133576393 0.000488104997202754
v 0.0316598005592823 0.04067650064826012 0.000488104997202754
v 0.031752001494169235 0.04079499840736389 0.0007332700188271701
v 0.0316598005592823 0.04067650064826012 0.000488104997202754
v 0.02827480062842369 0.0432778000831604 0.0007332700188271701
v 0.02827480062842369 0.0432778000831604 0.0007332700188271701
v 0.0316598005592823 0.04067650064826012 0.000488104997202754
v 0.02819260023534298 0.04315200075507164 0.00048810598673298955
v 0.02827480062842369 0.0432778000831604 0.0007332700188271701
v 0.02819260023534298 0.04315200075507164 0.00048810598673298955
v 0.024604300037026405 0.0454648993909359 0.0007332710083574057
v 0.024604300037026405 0.0454648993909359 0.0007332710083574057
v 0.02819260023534298 0.04315200075507164 0.00048810598673298955
v 0.024532800540328026 0.04533270001411438 0.00048810598673298955
v 0.024604300037026405 0.0454648993909359 0.0007332710083574057
v 0.024532800540328026 0.04533270001411438 0.00048810598673298955
v 0.02076590061187744 0.047341398894786835 0.0007332710083574057
v 0.02076590061187744 0.047341398894786835 0.0007332710083574057
v 0.024532800540328026 0.04533270001411438 0.00048810598673298955
v 0.02070550061762333 0.047203801572322845 0.00048810598673298955
v 0.02076590061187744 0.047341398894786835 0.0007332710083574057
v 0.02070550061762333 0.047203801572322845 0.00048810598673298955
v 0.016785500571131706 0.048894498497247696 0.0007332710083574057
v 0.016785500571131706 0.048894498497247696 0.0007332710083574057
v 0.02070550061762333 0.047203801572322845 0.00048810598673298955
v 0.016736699268221855 0.048752401024103165 0.00048810598673298955
v 0.016785500571131706 0.048894498497247696 0.0007332710083574057
v 0.016736699268221855 0.048752401024103165 0.00048810598673298955
v 0.012690500356256962 0.050113700330257416 0.0007332710083574057
v 0.012690500356256962 0.050113700330257416 0.0007332710083574057
v 0.016736699268221855 0.048752401024103165 0.00048810598673298955
v 0.012653600424528122 0.04996800050139427 0.00048810700536705554
v 0.012690500356256962 0.050113700330257416 0.0007332710083574057
v 0.012653600424528122 0.04996800050139427 0.00048810700536705554
v 0.008508799597620964 0.050990499556064606 0.0007332719978876412
v 0.008508799597620964 0.050990499556064606 0.0007332719978876412
v 0.012653600424528122 0.04996800050139427 0.00048810700536705554
v 0.0084840701892972 0.050842300057411194 0.00048810700536705554
v 0.008508799597620964 0.050990499556064606 0.0007332719978876412
v 0.0084840701892972 0.050842300057411194 0.00048810700536705554
v 0.004268980119377375 0.0515189990401268 0.0007332719978876412
v 0.004268980119377375 0.0515189990401268 0.0007332719978876412
v 0.0084840701892972 0.050842300057411194 0.00048810700536705554
v 0.004256580024957657 0.05136920139193535 0.00048810700536705554
v 4.267190073514726e-11 0.05154529958963394 0.00048810799489729106
v 0.004256580024957657 0.05136920139193535 0.00048810700536705554
v 0.004239929839968681 0.051168400794267654 0.0002830220037139952
v 4.267190073514726e-11 0.05154529958963394 0.00048810799489729106
v 0.004239929839968681 0.051168400794267654 0.0002830220037139952
v 2.4742798088173146e-11 0.05134379863739014 0.0002830220037139952
v 2.4070001200526825e-11 -0.05133169889450073 0.0002753309963736683
v 1.1236599324615515e-11 -0.05110130086541176 0.00012853399675805122
v 0.004219910129904747 -0.05092670023441315 0.0001285330072278157
v 0.004219910129904747 -0.05092670023441315 0.0001285330072278157
v 0.004239929839968681 -0.051168400794267654 0.0002830259909387678
v 2.4742798088173146e-11 -0.05134379863739014 0.0002830270095728338
v 2.4070001200526825e-11 -0.05133169889450073 0.0002753309963736683
v 0.004219910129904747 -0.05092670023441315 0.0001285330072278157
v 2.4742798088173146e-11 -0.05134379863739014 0.0002830270095728338
v 1.1236599324615515e-11 0.05110130086541176 0.0001285290054511279
v 2.4742798088173146e-11 0.05134379863739014 0.0002830220037139952
v 0.004219910129904747 0.05092670023441315 0.0001285290054511279
v 0.004219910129904747 0.05092670023441315 0.0001285290054511279
v 2.4742798088173146e-11 0.05134379863739014 0.0002830220037139952
v 0.004239929839968681 0.051168400794267654 0.0002830220037139952
v 0.004219910129904747 0.05092670023441315 0.0001285290054511279
v 0.004239929839968681 0.051168400794267654 0.0002830220037139952
v 0.008410990238189697 0.050404299050569534 0.0001285290054511279
v 0.008410990238189697 0.050404299050569534 0.0001285290054511279
v 0.004239929839968681 0.051168400794267654 0.0002830220037139952
v 0.008450900204479694 0.050643499940633774 0.0002830220037139952
v 0.008410990238189697 0.050404299050569534 0.0001285290054511279
v 0.008450900204479694 0.050643499940633774 0.0002830220037139952
v 0.012544600293040276 0.049537599086761475 0.00012852800136897713
v 0.012544600293040276 0.049537599086761475 0.00012852800136897713
v 0.008450900204479694 0.050643499940633774 0.0002830220037139952
v 0.012604099698364735 0.04977269843220711 0.0002830210141837597
v 0.012544600293040276 0.049537599086761475 0.00012852800136897713
v 0.012604099698364735 0.04977269843220711 0.0002830210141837597
v 0.01659250073134899 0.04833240061998367 0.00012852800136897713
v 0.01659250073134899 0.04833240061998367 0.00012852800136897713
v 0.012604099698364735 0.04977269843220711 0.0002830210141837597
v 0.016671299934387207 0.04856180027127266 0.0002830210141837597
v 0.01659250073134899 0.04833240061998367 0.00012852800136897713
v 0.016671299934387207 0.04856180027127266 0.0002830210141837597
v 0.020527100190520287 0.04679720103740692 0.00012852800136897713
v 0.020527100190520287 0.04679720103740692 0.00012852800136897713
v 0.016671299934387207 0.04856180027127266 0.0002830210141837597
v 0.020624499768018723 0.047019198536872864 0.0002830210141837597
v 0.020527100190520287 0.04679720103740692 0.00012852800136897713
v 0.020624499768018723 0.047019198536872864 0.0002830210141837597
v 0.024321500211954117 0.04494220018386841 0.00012852699728682637
v 0.024321500211954117 0.04494220018386841 0.00012852699728682637
v 0.020624499768018723 0.047019198536872864 0.0002830210141837597
v 0.02443690039217472 0.04515549913048744 0.0002830210141837597
v 0.024321500211954117 0.04494220018386841 0.00012852699728682637
v 0.02443690039217472 0.04515549913048744 0.0002830210141837597
v 0.027949700132012367 0.04278029873967171 0.00012852699728682637
v 0.027949700132012367 0.04278029873967171 0.00012852699728682637
v 0.02443690039217472 0.04515549913048744 0.0002830210141837597
v 0.02808240056037903 0.04298330098390579 0.0002830199955496937
v 0.027949700132012367 0.04278029873967171 0.00012852699728682637
v 0.02808240056037903 0.04298330098390579 0.0002830199955496937
v 0.031387001276016235 0.04032609984278679 0.00012852699728682637
v 0.031387001276016235 0.04032609984278679 0.00012852699728682637
v 0.02808240056037903 0.04298330098390579 0.0002830199955496937
v 0.031536001712083817 0.040517400950193405 0.0002830199955496937
v 0.031387001276016235 0.04032609984278679 0.00012852699728682637
v 0.031536001712083817 0.040517400950193405 0.0002830199955496937
v 0.034609898924827576 0.03759640082716942 0.00012852699728682637
v 0.034609898924827576 0.03759640082716942 0.00012852699728682637
v 0.031536001712083817 0.040517400950193405 0.0002830199955496937
v 0.03477419912815094 0.03777480125427246 0.0002830199955496937
v 0.034609898924827576 0.03759640082716942 0.00012852699728682637
v 0.03477419912815094 0.03777480125427246 0.0002830199955496937
v 0.03759640082716942 0.034609898924827576 0.00012852699728682637
v 0.03759640082716942 0.034609898924827576 0.00012852699728682637
v 0.03477419912815094 0.03777480125427246 0.0002830199955496937
v 0.03777480125427246 0.03477419912815094 0.0002830199955496937
v 0.03759640082716942 0.034609898924827576 0.00012852699728682637
v 0.03777480125427246 0.03477419912815094 0.0002830199955496937
v 0.04032609984278679 0.031387001276016235 0.00012852699728682637
v 0.04032609984278679 0.031387001276016235 0.00012852699728682637
v 0.03777480125427246 0.03477419912815094 0.0002830199955496937
v 0.040517400950193405 0.031536001712083817 0.0002830199955496937
v 0.04032609984278679 0.031387001276016235 0.00012852699728682637
v 0.040517400950193405 0.031536001712083817 0.0002830199955496937
v 0.04278019815683365 0.027949700132012367 0.00012852699728682637
v 0.04278019815683365 0.027949700132012367 0.00012852699728682637
v 0.040517400950193405 0.031536001712083817 0.0002830199955496937
v 0.04298330098390579 0.02808240056037903 0.0002830199955496937
v 0.04278019815683365 0.027949700132012367 0.00012852699728682637
v 0.04298330098390579 0.02808240056037903 0.0002830199955496937
v 0.04494220018386841 0.024321500211954117 0.00012852699728682637
v 0.04494220018386841 0.024321500211954117 0.00012852699728682637
v 0.04298330098390579 0.02808240056037903 0.0002830199955496937
v 0.04515549913048744 0.02443690039217472 0.0002830199955496937
v 0.04494220018386841 0.024321500211954117 0.00012852699728682637
v 0.04515549913048744 0.02443690039217472 0.0002830199955496937
v 0.04679720103740692 0.020527100190520287 0.00012852699728682637
v 0.04679720103740692 0.020527100190520287 0.00012852699728682637
v 0.04515549913048744 0.02443690039217472 0.0002830199955496937
v 0.047019198536872864 0.02062460035085678 0.0002830199955496937
v 0.04679720103740692 0.020527100190520287 0.00012852699728682637
v 0.047019198536872864 0.02062460035085678 0.0002830199955496937
v 0.04833240061998367 0.01659250073134899 0.00012852699728682637
v 0.04833240061998367 0.01659250073134899 0.00012852699728682637
v 0.047019198536872864 0.02062460035085678 0.0002830199955496937
v 0.04856180027127266 0.016671299934387207 0.0002830199955496937
v 0.04833240061998367 0.01659250073134899 0.00012852699728682637
v 0.04856180027127266 0.016671299934387207 0.0002830199955496937
v 0.049537599086761475 0.012544600293040276 0.00012852699728682637
v 0.049537599086761475 0.012544600293040276 0.00012852699728682637
v 0.04856180027127266 0.016671299934387207 0.0002830199955496937
v 0.04977260157465935 0.012604099698364735 0.0002830199955496937
v 0.049537599086761475 0.012544600293040276 0.00012852699728682637
v 0.04977260157465935 0.012604099698364735 0.0002830199955496937
v 0.050404299050569534 0.008410990238189697 0.00012852699728682637
v 0.050404299050569534 0.008410990238189697 0.00012852699728682637
v 0.04977260157465935 0.012604099698364735 0.0002830199955496937
v 0.050643499940633774 0.008450900204479694 0.0002830199955496937
v 0.050404299050569534 0.008410990238189697 0.00012852699728682637
v 0.050643499940633774 0.008450900204479694 0.0002830199955496937
v 0.05092670023441315 0.004219910129904747 0.00012852699728682637
v 0.05092670023441315 0.004219910129904747 0.00012852699728682637
v 0.050643499940633774 0.008450900204479694 0.0002830199955496937
v 0.051168400794267654 0.004239929839968681 0.0002830199955496937
v 0.05092670023441315 0.004219910129904747 0.00012852699728682637
v 0.051168400794267654 0.004239929839968681 0.0002830199955496937
v 0.0511012002825737 5.61810016910802e-12 0.00012852699728682637
v 0.0511012002825737 5.61810016910802e-12 0.00012852699728682637
v 0.051168400794267654 0.004239929839968681 0.0002830199955496937
v 0.05134370177984238 1.2371200418248574e-11 0.0002830199955496937
v 0.0511012002825737 5.61810016910802e-12 0.00012852699728682637
v 0.05134370177984238 1.2371200418248574e-11 0.0002830199955496937
v 0.05092670023441315 -0.004219910129904747 0.00012852699728682637
v 0.05092670023441315 -0.004219910129904747 0.00012852699728682637
v 0.05134370177984238 1.2371200418248574e-11 0.0002830199955496937
v 0.051168400794267654 -0.004239929839968681 0.0002830199955496937
v 0.05092670023441315 -0.004219910129904747 0.00012852699728682637
v 0.051168400794267654 -0.004239929839968681 0.0002830199955496937
v 0.050404299050569534 -0.008410990238189697 0.00012852800136897713
v 0.050404299050569534 -0.008410990238189697 0.00012852800136897713
v 0.051168400794267654 -0.004239929839968681 0.0002830199955496937
v 0.050643499940633774 -0.008450900204479694 0.0002830210141837597
v 0.050404299050569534 -0.008410990238189697 0.00012852800136897713
v 0.050643499940633774 -0.008450900204479694 0.0002830210141837597
v 0.049537599086761475 -0.012544600293040276 0.00012852800136897713
v 0.049537599086761475 -0.012544600293040276 0.00012852800136897713
v 0.050643499940633774 -0.008450900204479694 0.0002830210141837597
v 0.04977260157465935 -0.012604099698364735 0.0002830210141837597
v 0.049537599086761475 -0.012544600293040276 0.00012852800136897713
v 0.04977260157465935 -0.012604099698364735 0.0002830210141837597
v 0.04833240061998367 -0.01659250073134899 0.00012852800136897713
v 0.04833240061998367 -0.01659250073134899 0.00012852800136897713
v 0.04977260157465935 -0.012604099698364735 0.0002830210141837597
v 0.04856180027127266 -0.016671299934387207 0.0002830210141837597
v 0.04833240061998367 -0.01659250073134899 0.00012852800136897713
v 0.04856180027127266 -0.016671299934387207 0.0002830210141837597
v 0.04679720103740692 -0.020527100190520287 0.00012852800136897713
v 0.04679720103740692 -0.020527100190520287 0.00012852800136897713
v 0.04856180027127266 -0.016671299934387207 0.0002830210141837597
v 0.047019198536872864 -0.02062460035085678 0.0002830210141837597
v 0.04679720103740692 -0.020527100190520287 0.00012852800136897713
v 0.047019198536872864 -0.02062460035085678 0.0002830210141837597
v 0.04494220018386841 -0.024321500211954117 0.0001285290054511279
v 0.04494220018386841 -0.024321500211954117 0.0001285290054511279
v 0.047019198536872864 -0.02062460035085678 0.0002830210141837597
v 0.04515549913048744 -0.02443690039217472 0.0002830220037139952
v 0.04494220018386841 -0.024321500211954117 0.0001285290054511279
v 0.04515549913048744 -0.02443690039217472 0.0002830220037139952
v 0.04278019815683365 -0.027949700132012367 0.0001285290054511279
v 0.04278019815683365 -0.027949700132012367 0.0001285290054511279
v 0.04515549913048744 -0.02443690039217472 0.0002830220037139952
v 0.04298330098390579 -0.02808240056037903 0.0002830220037139952
v 0.04278019815683365 -0.027949700132012367 0.0001285290054511279
v 0.04298330098390579 -0.02808240056037903 0.0002830220037139952
v 0.04032609984278679 -0.031387001276016235 0.0001285290054511279
v 0.04032609984278679 -0.031387001276016235 0.0001285290054511279
v 0.04298330098390579 -0.02808240056037903 0.0002830220037139952
v 0.040517400950193405 -0.031536001712083817 0.0002830220037139952
v 0.04032609984278679 -0.031387001276016235 0.0001285290054511279
v 0.040517400950193405 -0.031536001712083817 0.0002830220037139952
v 0.03759640082716942 -0.034609898924827576 0.00012852999498136342
v 0.03759640082716942 -0.034609898924827576 0.00012852999498136342
v 0.040517400950193405 -0.031536001712083817 0.0002830220037139952
v 0.03777480125427246 -0.03477419912815094 0.00028302299324423075
v 0.03759640082716942 -0.034609898924827576 0.00012852999498136342
v 0.03777480125427246 -0.03477419912815094 0.00028302299324423075
v 0.034609898924827576 -0.03759640082716942 0.00012852999498136342
v 0.034609898924827576 -0.03759640082716942 0.00012852999498136342
v 0.03777480125427246 -0.03477419912815094 0.00028302299324423075
v 0.03477419912815094 -0.03777480125427246 0.00028302299324423075
v 0.034609898924827576 -0.03759640082716942 0.00012852999498136342
v 0.03477419912815094 -0.03777480125427246 0.00028302299324423075
v 0.031387001276016235 -0.04032609984278679 0.00012853099906351417
v 0.031387001276016235 -0.04032609984278679 0.00012853099906351417
v 0.03477419912815094 -0.03777480125427246 0.00028302299324423075
v 0.031536001712083817 -0.040517400950193405 0.00028302401187829673
v 0.031387001276016235 -0.04032609984278679 0.00012853099906351417
v 0.031536001712083817 -0.040517400950193405 0.00028302401187829673
v 0.027949700132012367 -0.04278029873967171 0.00012853099906351417
v 0.027949700132012367 -0.04278029873967171 0.00012853099906351417
v 0.031536001712083817 -0.040517400950193405 0.00028302401187829673
v 0.02808240056037903 -0.04298330098390579 0.00028302401187829673
v 0.027949700132012367 -0.04278029873967171 0.00012853099906351417
v 0.02808240056037903 -0.04298330098390579 0.00028302401187829673
v 0.024321500211954117 -0.04494220018386841 0.00012853099906351417
v 0.024321500211954117 -0.04494220018386841 0.00012853099906351417
v 0.02808240056037903 -0.04298330098390579 0.00028302401187829673
v 0.02443690039217472 -0.04515549913048744 0.00028302401187829673
v 0.024321500211954117 -0.04494220018386841 0.00012853099906351417
v 0.02443690039217472 -0.04515549913048744 0.00028302401187829673
v 0.020527100190520287 -0.04679720103740692 0.00012853200314566493
v 0.020527100190520287 -0.04679720103740692 0.00012853200314566493
v 0.02443690039217472 -0.04515549913048744 0.00028302401187829673
v 0.020624499768018723 -0.047019198536872864 0.00028302500140853226
v 0.020527100190520287 -0.04679720103740692 0.00012853200314566493
v 0.020624499768018723 -0.047019198536872864 0.00028302500140853226
v 0.01659250073134899 -0.04833240061998367 0.00012853200314566493
v 0.01659250073134899 -0.04833240061998367 0.00012853200314566493
v 0.020624499768018723 -0.047019198536872864 0.00028302500140853226
v 0.016671299934387207 -0.04856180027127266 0.00028302500140853226
v 0.01659250073134899 -0.04833240061998367 0.00012853200314566493
v 0.016671299934387207 -0.04856180027127266 0.00028302500140853226
v 0.012544600293040276 -0.049537599086761475 0.0001285330072278157
v 0.012544600293040276 -0.049537599086761475 0.0001285330072278157
v 0.016671299934387207 -0.04856180027127266 0.00028302500140853226
v 0.012604099698364735 -0.04977269843220711 0.0002830259909387678
v 0.012544600293040276 -0.049537599086761475 0.0001285330072278157
v 0.012604099698364735 -0.04977269843220711 0.0002830259909387678
v 0.008410990238189697 -0.050404299050569534 0.0001285330072278157
v 0.008410990238189697 -0.050404299050569534 0.0001285330072278157
v 0.012604099698364735 -0.04977269843220711 0.0002830259909387678
v 0.008450900204479694 -0.050643499940633774 0.0002830259909387678
v 0.008410990238189697 -0.050404299050569534 0.0001285330072278157
v 0.008450900204479694 -0.050643499940633774 0.0002830259909387678
v 0.004219910129904747 -0.05092670023441315 0.0001285330072278157
v 0.004219910129904747 -0.05092670023441315 0.0001285330072278157
v 0.008450900204479694 -0.050643499940633774 0.0002830259909387678
v 0.004239929839968681 -0.051168400794267654 0.0002830259909387678
v 2.4742798088173146e-11 -0.05134379863739014 0.0002830270095728338
v 0.004239929839968681 -0.051168400794267654 0.0002830259909387678
v 0.004256580024957657 -0.05136920139193535 0.0004881120112258941
v 2.4742798088173146e-11 -0.05134379863739014 0.0002830270095728338
v 0.004256580024957657 -0.05136920139193535 0.0004881120112258941
v 4.267190073514726e-11 -0.05154529958963394 0.0004881120112258941
v 4.267190073514726e-11 -0.05154529958963394 0.0004881120112258941
v 0.004256580024957657 -0.05136920139193535 0.0004881120112258941
v 0.004268980119377375 -0.0515189990401268 0.0007332770037464797
v 4.267190073514726e-11 -0.05154529958963394 0.0004881120112258941
v 0.004268980119377375 -0.0515189990401268 0.0007332770037464797
v 6.410490194230789e-11 -0.05169549956917763 0.0007332770037464797
v 6.410490194230789e-11 -0.05169549956917763 0.0007332770037464797
v 0.004268980119377375 -0.0515189990401268 0.0007332770037464797
v 6.767150034781011e-11 -0.05170920118689537 0.0007740739965811372
v 0.004197520203888416 0.050656601786613464 3.254739931435324e-05
v 0.004219910129904747 0.05092670023441315 0.0001285290054511279
v 0.008366369642317295 0.05013690143823624 3.2547097362112254e-05
v 0.008366369642317295 0.05013690143823624 3.2547097362112254e-05
v 0.004219910129904747 0.05092670023441315 0.0001285290054511279
v 0.008410990238189697 0.050404299050569534 0.0001285290054511279
v 0.008366369642317295 0.05013690143823624 3.2547097362112254e-05
v 0.008410990238189697 0.050404299050569534 0.0001285290054511279
v 0.012478100135922432 0.04927479848265648 3.254679904785007e-05
v 0.012478100135922432 0.04927479848265648 3.254679904785007e-05
v 0.008410990238189697 0.050404299050569534 0.0001285290054511279
v 0.012544600293040276 0.049537599086761475 0.00012852800136897713
v 0.012478100135922432 0.04927479848265648 3.254679904785007e-05
v 0.012544600293040276 0.049537599086761475 0.00012852800136897713
v 0.016504500061273575 0.04807610064744949 3.254650073358789e-05
v 0.016504500061273575 0.04807610064744949 3.254650073358789e-05
v 0.012544600293040276 0.049537599086761475 0.00012852800136897713
v 0.01659250073134899 0.04833240061998367 0.00012852800136897713
v 0.016504500061273575 0.04807610064744949 3.254650073358789e-05
v 0.01659250073134899 0.04833240061998367 0.00012852800136897713
v 0.020418299362063408 0.04654889926314354 3.25461987813469e-05
v 0.020418299362063408 0.04654889926314354 3.25461987813469e-05
v 0.01659250073134899 0.04833240061998367 0.00012852800136897713
v 0.020527100190520287 0.04679720103740692 0.00012852800136897713
v 0.020418299362063408 0.04654889926314354 3.25461987813469e-05
v 0.020527100190520287 0.04679720103740692 0.00012852800136897713
v 0.024192500859498978 0.04470380023121834 3.254599869251251e-05
v 0.024192500859498978 0.04470380023121834 3.254599869251251e-05
v 0.020527100190520287 0.04679720103740692 0.00012852800136897713
v 0.024321500211954117 0.04494220018386841 0.00012852699728682637
v 0.024192500859498978 0.04470380023121834 3.254599869251251e-05
v 0.024321500211954117 0.04494220018386841 0.00012852699728682637
v 0.027801500633358955 0.04255329817533493 3.254570037825033e-05
v 0.027801500633358955 0.04255329817533493 3.254570037825033e-05
v 0.024321500211954117 0.04494220018386841 0.00012852699728682637
v 0.027949700132012367 0.04278029873967171 0.00012852699728682637
v 0.027801500633358955 0.04255329817533493 3.254570037825033e-05
v 0.027949700132012367 0.04278029873967171 0.00012852699728682637
v 0.03122060000896454 0.0401122011244297 3.254550028941594e-05
v 0.03122060000896454 0.0401122011244297 3.254550028941594e-05
v 0.027949700132012367 0.04278029873967171 0.00012852699728682637
v 0.031387001276016235 0.04032609984278679 0.00012852699728682637
v 0.03122060000896454 0.0401122011244297 3.254550028941594e-05
v 0.031387001276016235 0.04032609984278679 0.00012852699728682637
v 0.03442639857530594 0.037397000938653946 3.254539842600934e-05
v 0.03442639857530594 0.037397000938653946 3.254539842600934e-05
v 0.031387001276016235 0.04032609984278679 0.00012852699728682637
v 0.034609898924827576 0.03759640082716942 0.00012852699728682637
v 0.03442639857530594 0.037397000938653946 3.254539842600934e-05
v 0.034609898924827576 0.03759640082716942 0.00012852699728682637
v 0.037397000938653946 0.03442639857530594 3.254519833717495e-05
v 0.037397000938653946 0.03442639857530594 3.254519833717495e-05
v 0.034609898924827576 0.03759640082716942 0.00012852699728682637
v 0.03759640082716942 0.034609898924827576 0.00012852699728682637
v 0.037397000938653946 0.03442639857530594 3.254519833717495e-05
v 0.03759640082716942 0.034609898924827576 0.00012852699728682637
v 0.0401122011244297 0.03122060000896454 3.254510011174716e-05
v 0.0401122011244297 0.03122060000896454 3.254510011174716e-05
v 0.03759640082716942 0.034609898924827576 0.00012852699728682637
v 0.04032609984278679 0.031387001276016235 0.00012852699728682637
v 0.0401122011244297 0.03122060000896454 3.254510011174716e-05
v 0.04032609984278679 0.031387001276016235 0.00012852699728682637
v 0.04255329817533493 0.027801500633358955 3.254510011174716e-05
v 0.04255329817533493 0.027801500633358955 3.254510011174716e-05
v 0.04032609984278679 0.031387001276016235 0.00012852699728682637
v 0.04278019815683365 0.027949700132012367 0.00012852699728682637
v 0.04255329817533493 0.027801500633358955 3.254510011174716e-05
v 0.04278019815683365 0.027949700132012367 0.00012852699728682637
v 0.04470380023121834 0.024192500859498978 3.254510011174716e-05
v 0.04470380023121834 0.024192500859498978 3.254510011174716e-05
v 0.04278019815683365 0.027949700132012367 0.00012852699728682637
v 0.04494220018386841 0.024321500211954117 0.00012852699728682637
v 0.04470380023121834 0.024192500859498978 3.254510011174716e-05
v 0.04494220018386841 0.024321500211954117 0.00012852699728682637
v 0.04654889926314354 0.020418299362063408 3.254510011174716e-05
v 0.04654889926314354 0.020418299362063408 3.254510011174716e-05
v 0.04494220018386841 0.024321500211954117 0.00012852699728682637
v 0.04679720103740692 0.020527100190520287 0.00012852699728682637
v 0.04654889926314354 0.020418299362063408 3.254510011174716e-05
v 0.04679720103740692 0.020527100190520287 0.00012852699728682637
v 0.04807610064744949 0.016504500061273575 3.254510011174716e-05
v 0.04807610064744949 0.016504500061273575 3.254510011174716e-05
v 0.04679720103740692 0.020527100190520287 0.00012852699728682637
v 0.04833240061998367 0.01659250073134899 0.00012852699728682637
v 0.04807610064744949 0.016504500061273575 3.254510011174716e-05
v 0.04833240061998367 0.01659250073134899 0.00012852699728682637
v 0.04927479848265648 0.012478100135922432 3.254519833717495e-05
v 0.04927479848265648 0.012478100135922432 3.254519833717495e-05
v 0.04833240061998367 0.01659250073134899 0.00012852699728682637
v 0.049537599086761475 0.012544600293040276 0.00012852699728682637
v 0.04927479848265648 0.012478100135922432 3.254519833717495e-05
v 0.049537599086761475 0.012544600293040276 0.00012852699728682637
v 0.05013690143823624 0.008366379886865616 3.254530020058155e-05
v 0.05013690143823624 0.008366379886865616 3.254530020058155e-05
v 0.049537599086761475 0.012544600293040276 0.00012852699728682637
v 0.050404299050569534 0.008410990238189697 0.00012852699728682637
v 0.05013690143823624 0.008366379886865616 3.254530020058155e-05
v 0.050404299050569534 0.008410990238189697 0.00012852699728682637
v 0.050656601786613464 0.00419752998277545 3.254539842600934e-05
v 0.050656601786613464 0.00419752998277545 3.254539842600934e-05
v 0.050404299050569534 0.008410990238189697 0.00012852699728682637
v 0.05092670023441315 0.004219910129904747 0.00012852699728682637
v 0.050656601786613464 0.00419752998277545 3.254539842600934e-05
v 0.05092670023441315 0.004219910129904747 0.00012852699728682637
v 0.05083020031452179 1.4226200512751364e-12 3.254559851484373e-05
v 0.05083020031452179 1.4226200512751364e-12 3.254559851484373e-05
v 0.05092670023441315 0.004219910129904747 0.00012852699728682637
v 0.0511012002825737 5.61810016910802e-12 0.00012852699728682637
v 0.05083020031452179 1.4226200512751364e-12 3.254559851484373e-05
v 0.0511012002825737 5.61810016910802e-12 0.00012852699728682637
v 0.050656601786613464 -0.00419752998277545 3.254579860367812e-05
v 0.050656601786613464 -0.00419752998277545 3.254579860367812e-05
v 0.0511012002825737 5.61810016910802e-12 0.00012852699728682637
v 0.05092670023441315 -0.004219910129904747 0.00012852699728682637
v 0.050656601786613464 -0.00419752998277545 3.254579860367812e-05
v 0.05092670023441315 -0.004219910129904747 0.00012852699728682637
v 0.05013690143823624 -0.008366379886865616 3.254599869251251e-05
v 0.05013690143823624 -0.008366379886865616 3.254599869251251e-05
v 0.05092670023441315 -0.004219910129904747 0.00012852699728682637
v 0.050404299050569534 -0.008410990238189697 0.00012852800136897713
v 0.05013690143823624 -0.008366379886865616 3.254599869251251e-05
v 0.050404299050569534 -0.008410990238189697 0.00012852800136897713
v 0.04927479848265648 -0.012478100135922432 3.25463006447535e-05
v 0.04927479848265648 -0.012478100135922432 3.25463006447535e-05
v 0.050404299050569534 -0.008410990238189697 0.00012852800136897713
v 0.049537599086761475 -0.012544600293040276 0.00012852800136897713
v 0.04927479848265648 -0.012478100135922432 3.25463006447535e-05
v 0.049537599086761475 -0.012544600293040276 0.00012852800136897713
v 0.04807610064744949 -0.016504500061273575 3.254650073358789e-05
v 0.04807610064744949 -0.016504500061273575 3.254650073358789e-05
v 0.049537599086761475 -0.012544600293040276 0.00012852800136897713
v 0.04833240061998367 -0.01659250073134899 0.00012852800136897713
v 0.04807610064744949 -0.016504500061273575 3.254650073358789e-05
v 0.04833240061998367 -0.01659250073134899 0.00012852800136897713
v 0.04654889926314354 -0.020418299362063408 3.254679904785007e-05
v 0.04654889926314354 -0.020418299362063408 3.254679904785007e-05
v 0.04833240061998367 -0.01659250073134899 0.00012852800136897713
v 0.04679720103740692 -0.020527100190520287 0.00012852800136897713
v 0.04654889926314354 -0.020418299362063408 3.254679904785007e-05
v 0.04679720103740692 -0.020527100190520287 0.00012852800136897713
v 0.04470380023121834 -0.024192500859498978 3.254719922551885e-05
v 0.04470380023121834 -0.024192500859498978 3.254719922551885e-05
v 0.04679720103740692 -0.020527100190520287 0.00012852800136897713
v 0.04494220018386841 -0.024321500211954117 0.0001285290054511279
v 0.04470380023121834 -0.024192500859498978 3.254719922551885e-05
v 0.04494220018386841 -0.024321500211954117 0.0001285290054511279
v 0.04255329817533493 -0.027801500633358955 3.2547497539781034e-05
v 0.04255329817533493 -0.027801500633358955 3.2547497539781034e-05
v 0.04494220018386841 -0.024321500211954117 0.0001285290054511279
v 0.04278019815683365 -0.027949700132012367 0.0001285290054511279
v 0.04255329817533493 -0.027801500633358955 3.2547497539781034e-05
v 0.04278019815683365 -0.027949700132012367 0.0001285290054511279
v 0.0401122011244297 -0.03122060000896454 3.254790135542862e-05
v 0.0401122011244297 -0.03122060000896454 3.254790135542862e-05
v 0.04278019815683365 -0.027949700132012367 0.0001285290054511279
v 0.04032609984278679 -0.031387001276016235 0.0001285290054511279
v 0.0401122011244297 -0.03122060000896454 3.254790135542862e-05
v 0.04032609984278679 -0.031387001276016235 0.0001285290054511279
v 0.037397000938653946 -0.03442639857530594 3.2548297895118594e-05
v 0.037397000938653946 -0.03442639857530594 3.2548297895118594e-05
v 0.04032609984278679 -0.031387001276016235 0.0001285290054511279
v 0.03759640082716942 -0.034609898924827576 0.00012852999498136342
v 0.037397000938653946 -0.03442639857530594 3.2548297895118594e-05
v 0.03759640082716942 -0.034609898924827576 0.00012852999498136342
v 0.03442639857530594 -0.037397000938653946 3.254859984735958e-05
v 0.03442639857530594 -0.037397000938653946 3.254859984735958e-05
v 0.03759640082716942 -0.034609898924827576 0.00012852999498136342
v 0.034609898924827576 -0.03759640082716942 0.00012852999498136342
v 0.03442639857530594 -0.037397000938653946 3.254859984735958e-05
v 0.034609898924827576 -0.03759640082716942 0.00012852999498136342
v 0.03122060000896454 -0.0401122011244297 3.254900002502836e-05
v 0.03122060000896454 -0.0401122011244297 3.254900002502836e-05
v 0.034609898924827576 -0.03759640082716942 0.00012852999498136342
v 0.031387001276016235 -0.04032609984278679 0.00012853099906351417
v 0.03122060000896454 -0.0401122011244297 3.254900002502836e-05
v 0.031387001276016235 -0.04032609984278679 0.00012853099906351417
v 0.027801500633358955 -0.04255329817533493 3.254940020269714e-05
v 0.027801500633358955 -0.04255329817533493 3.254940020269714e-05
v 0.031387001276016235 -0.04032609984278679 0.00012853099906351417
v 0.027949700132012367 -0.04278029873967171 0.00012853099906351417
v 0.027801500633358955 -0.04255329817533493 3.254940020269714e-05
v 0.027949700132012367 -0.04278029873967171 0.00012853099906351417
v 0.024192500859498978 -0.04470380023121834 3.2549898605793715e-05
v 0.024192500859498978 -0.04470380023121834 3.2549898605793715e-05
v 0.027949700132012367 -0.04278029873967171 0.00012853099906351417
v 0.024321500211954117 -0.04494220018386841 0.00012853099906351417
v 0.024192500859498978 -0.04470380023121834 3.2549898605793715e-05
v 0.024321500211954117 -0.04494220018386841 0.00012853099906351417
v 0.020418299362063408 -0.04654889926314354 3.2550298783462495e-05
v 0.020418299362063408 -0.04654889926314354 3.2550298783462495e-05
v 0.024321500211954117 -0.04494220018386841 0.00012853099906351417
v 0.020527100190520287 -0.04679720103740692 0.00012853200314566493
v 0.020418299362063408 -0.04654889926314354 3.2550298783462495e-05
v 0.020527100190520287 -0.04679720103740692 0.00012853200314566493
v 0.016504500061273575 -0.04807610064744949 3.2550698961131275e-05
v 0.016504500061273575 -0.04807610064744949 3.2550698961131275e-05
v 0.020527100190520287 -0.04679720103740692 0.00012853200314566493
v 0.01659250073134899 -0.04833240061998367 0.00012853200314566493
v 0.016504500061273575 -0.04807610064744949 3.2550698961131275e-05
v 0.01659250073134899 -0.04833240061998367 0.00012853200314566493
v 0.012478100135922432 -0.04927479848265648 3.2551099138800055e-05
v 0.012478100135922432 -0.04927479848265648 3.2551099138800055e-05
v 0.01659250073134899 -0.04833240061998367 0.00012853200314566493
v 0.012544600293040276 -0.049537599086761475 0.0001285330072278157
v 0.012478100135922432 -0.04927479848265648 3.2551099138800055e-05
v 0.012544600293040276 -0.049537599086761475 0.0001285330072278157
v 0.008366369642317295 -0.05013690143823624 3.2551499316468835e-05
v 0.008366369642317295 -0.05013690143823624 3.2551499316468835e-05
v 0.012544600293040276 -0.049537599086761475 0.0001285330072278157
v 0.008410990238189697 -0.050404299050569534 0.0001285330072278157
v 0.008366369642317295 -0.05013690143823624 3.2551499316468835e-05
v 0.008410990238189697 -0.050404299050569534 0.0001285330072278157
v 0.004197520203888416 -0.050656601786613464 3.2551899494137615e-05
v 0.004197520203888416 -0.050656601786613464 3.2551899494137615e-05
v 0.008410990238189697 -0.050404299050569534 0.0001285330072278157
v 0.004219910129904747 -0.05092670023441315 0.0001285330072278157
v 0.004197520203888416 -0.050656601786613464 3.2551899494137615e-05
v 0.004219910129904747 -0.05092670023441315 0.0001285330072278157
v 2.8456299816514985e-12 -0.05083020031452179 3.2552197808399796e-05
v 2.8456299816514985e-12 -0.05083020031452179 3.2552197808399796e-05
v 0.004219910129904747 -0.05092670023441315 0.0001285330072278157
v 1.1236599324615515e-11 -0.05110130086541176 0.00012853399675805122
v 0.004173929803073406 0.05037190020084381 -2.566719947694196e-09
v 0.004197520203888416 0.050656601786613464 3.254739931435324e-05
v 0.008319349959492683 0.049855198711156845 -2.906539897651328e-09
v 0.008319349959492683 0.049855198711156845 -2.906539897651328e-09
v 0.004197520203888416 0.050656601786613464 3.254739931435324e-05
v 0.008366369642317295 0.05013690143823624 3.2547097362112254e-05
v 0.008319349959492683 0.049855198711156845 -2.906539897651328e-09
v 0.008366369642317295 0.05013690143823624 3.2547097362112254e-05
v 0.012407899834215641 0.0489979013800621 -3.22649995609936e-09
v 0.012407899834215641 0.0489979013800621 -3.22649995609936e-09
v 0.008366369642317295 0.05013690143823624 3.2547097362112254e-05
v 0.012478100135922432 0.04927479848265648 3.254679904785007e-05
v 0.012407899834215641 0.0489979013800621 -3.22649995609936e-09
v 0.012478100135922432 0.04927479848265648 3.254679904785007e-05
v 0.01641179993748665 0.04780590161681175 -3.5244198670625337e-09
v 0.01641179993748665 0.04780590161681175 -3.5244198670625337e-09
v 0.012478100135922432 0.04927479848265648 3.254679904785007e-05
v 0.016504500061273575 0.04807610064744949 3.254650073358789e-05
v 0.01641179993748665 0.04780590161681175 -3.5244198670625337e-09
v 0.016504500061273575 0.04807610064744949 3.254650073358789e-05
v 0.020303500816226006 0.04628729820251465 -3.798269698762624e-09
v 0.020303500816226006 0.04628729820251465 -3.798269698762624e-09
v 0.016504500061273575 0.04807610064744949 3.254650073358789e-05
v 0.020418299362063408 0.04654889926314354 3.25461987813469e-05
v 0.020303500816226006 0.04628729820251465 -3.798269698762624e-09
v 0.020418299362063408 0.04654889926314354 3.25461987813469e-05
v 0.02405649982392788 0.04445260018110275 -4.046170065663546e-09
v 0.02405649982392788 0.04445260018110275 -4.046170065663546e-09
v 0.020418299362063408 0.04654889926314354 3.25461987813469e-05
v 0.024192500859498978 0.04470380023121834 3.254599869251251e-05
v 0.02405649982392788 0.04445260018110275 -4.046170065663546e-09
v 0.024192500859498978 0.04470380023121834 3.254599869251251e-05
v 0.027645200490951538 0.04231420159339905 -4.26642987605419e-09
v 0.027645200490951538 0.04231420159339905 -4.26642987605419e-09
v 0.024192500859498978 0.04470380023121834 3.254599869251251e-05
v 0.027801500633358955 0.04255329817533493 3.254570037825033e-05
v 0.027645200490951538 0.04231420159339905 -4.26642987605419e-09
v 0.027801500633358955 0.04255329817533493 3.254570037825033e-05
v 0.03104509972035885 0.039886701852083206 -4.457549884762102e-09
v 0.03104509972035885 0.039886701852083206 -4.457549884762102e-09
v 0.027801500633358955 0.04255329817533493 3.254570037825033e-05
v 0.03122060000896454 0.0401122011244297 3.254550028941594e-05
v 0.03104509972035885 0.039886701852083206 -4.457549884762102e-09
v 0.03122060000896454 0.0401122011244297 3.254550028941594e-05
v 0.03423289954662323 0.03718680143356323 -4.618219584529015e-09
v 0.03423289954662323 0.03718680143356323 -4.618219584529015e-09
v 0.03122060000896454 0.0401122011244297 3.254550028941594e-05
v 0.03442639857530594 0.037397000938653946 3.254539842600934e-05
v 0.03423289954662323 0.03718680143356323 -4.618219584529015e-09
v 0.03442639857530594 0.037397000938653946 3.254539842600934e-05
v 0.03718680143356323 0.03423289954662323 -4.7473398545605505e-09
v 0.03718680143356323 0.03423289954662323 -4.7473398545605505e-09
v 0.03442639857530594 0.037397000938653946 3.254539842600934e-05
v 0.037397000938653946 0.03442639857530594 3.254519833717495e-05
v 0.03718680143356323 0.03423289954662323 -4.7473398545605505e-09
v 0.037397000938653946 0.03442639857530594 3.254519833717495e-05
v 0.039886701852083206 0.03104509972035885 -4.844029621864365e-09
v 0.039886701852083206 0.03104509972035885 -4.844029621864365e-09
v 0.037397000938653946 0.03442639857530594 3.254519833717495e-05
v 0.0401122011244297 0.03122060000896454 3.254510011174716e-05
v 0.039886701852083206 0.03104509972035885 -4.844029621864365e-09
v 0.0401122011244297 0.03122060000896454 3.254510011174716e-05
v 0.04231420159339905 0.027645200490951538 -4.907629858053042e-09
v 0.04231420159339905 0.027645200490951538 -4.907629858053042e-09
v 0.0401122011244297 0.03122060000896454 3.254510011174716e-05
v 0.04255329817533493 0.027801500633358955 3.254510011174716e-05
v 0.04231420159339905 0.027645200490951538 -4.907629858053042e-09
v 0.04255329817533493 0.027801500633358955 3.254510011174716e-05
v 0.04445260018110275 0.02405649982392788 -4.937709796593026e-09
v 0.04445260018110275 0.02405649982392788 -4.937709796593026e-09
v 0.04255329817533493 0.027801500633358955 3.254510011174716e-05
v 0.04470380023121834 0.024192500859498978 3.254510011174716e-05
v 0.04445260018110275 0.02405649982392788 -4.937709796593026e-09
v 0.04470380023121834 0.024192500859498978 3.254510011174716e-05
v 0.04628729820251465 0.020303500816226006 -4.9340598273772684e-09
v 0.04628729820251465 0.020303500816226006 -4.9340598273772684e-09
v 0.04470380023121834 0.024192500859498978 3.254510011174716e-05
v 0.04654889926314354 0.020418299362063408 3.254510011174716e-05
v 0.04628729820251465 0.020303500816226006 -4.9340598273772684e-09
v 0.04654889926314354 0.020418299362063408 3.254510011174716e-05
v 0.04780590161681175 0.01641179993748665 -4.896699934420212e-09
v 0.04780590161681175 0.01641179993748665 -4.896699934420212e-09
v 0.04654889926314354 0.020418299362063408 3.254510011174716e-05
v 0.04807610064744949 0.016504500061273575 3.254510011174716e-05
v 0.04780590161681175 0.01641179993748665 -4.896699934420212e-09
v 0.04807610064744949 0.016504500061273575 3.254510011174716e-05
v 0.0489979013800621 0.012407899834215641 -4.825900123961446e-09
v 0.0489979013800621 0.012407899834215641 -4.825900123961446e-09
v 0.04807610064744949 0.016504500061273575 3.254510011174716e-05
v 0.04927479848265648 0.012478100135922432 3.254519833717495e-05
v 0.0489979013800621 0.012407899834215641 -4.825900123961446e-09
v 0.04927479848265648 0.012478100135922432 3.254519833717495e-05
v 0.049855101853609085 0.008319349959492683 -4.722129798295782e-09
v 0.049855101853609085 0.008319349959492683 -4.722129798295782e-09
v 0.04927479848265648 0.012478100135922432 3.254519833717495e-05
v 0.05013690143823624 0.008366379886865616 3.254530020058155e-05
v 0.049855101853609085 0.008319349959492683 -4.722129798295782e-09
v 0.05013690143823624 0.008366379886865616 3.254530020058155e-05
v 0.05037190020084381 0.004173929803073406 -4.58609994424819e-09
v 0.05037190020084381 0.004173929803073406 -4.58609994424819e-09
v 0.05013690143823624 0.008366379886865616 3.254530020058155e-05
v 0.050656601786613464 0.00419752998277545 3.254539842600934e-05
v 0.05037190020084381 0.004173929803073406 -4.58609994424819e-09
v 0.050656601786613464 0.00419752998277545 3.254539842600934e-05
v 0.05054450035095215 -1.869590047072107e-16 -4.4187395964456755e-09
v 0.05054450035095215 -1.869590047072107e-16 -4.4187395964456755e-09
v 0.050656601786613464 0.00419752998277545 3.254539842600934e-05
v 0.05083020031452179 1.4226200512751364e-12 3.254559851484373e-05
v 0.05054450035095215 -1.869590047072107e-16 -4.4187395964456755e-09
v 0.05083020031452179 1.4226200512751364e-12 3.254559851484373e-05
v 0.05037190020084381 -0.004173929803073406 -4.221199834120171e-09
v 0.05037190020084381 -0.004173929803073406 -4.221199834120171e-09
v 0.05083020031452179 1.4226200512751364e-12 3.254559851484373e-05
v 0.050656601786613464 -0.00419752998277545 3.254579860367812e-05
v 0.05037190020084381 -0.004173929803073406 -4.221199834120171e-09
v 0.050656601786613464 -0.00419752998277545 3.254579860367812e-05
v 0.049855101853609085 -0.008319349959492683 -3.9948298002912e-09
v 0.049855101853609085 -0.008319349959492683 -3.9948298002912e-09
v 0.050656601786613464 -0.00419752998277545 3.254579860367812e-05
v 0.05013690143823624 -0.008366379886865616 3.254599869251251e-05
v 0.049855101853609085 -0.008319349959492683 -3.9948298002912e-09
v 0.05013690143823624 -0.008366379886865616 3.254599869251251e-05
v 0.0489979013800621 -0.012407899834215641 -3.741159826375906e-09
v 0.0489979013800621 -0.012407899834215641 -3.741159826375906e-09
v 0.05013690143823624 -0.008366379886865616 3.254599869251251e-05
v 0.04927479848265648 -0.012478100135922432 3.25463006447535e-05
v 0.0489979013800621 -0.012407899834215641 -3.741159826375906e-09
v 0.04927479848265648 -0.012478100135922432 3.25463006447535e-05
v 0.04780590161681175 -0.01641179993748665 -3.461939845905704e-09
v 0.04780590161681175 -0.01641179993748665 -3.461939845905704e-09
v 0.04927479848265648 -0.012478100135922432 3.25463006447535e-05
v 0.04807610064744949 -0.016504500061273575 3.254650073358789e-05
v 0.04780590161681175 -0.01641179993748665 -3.461939845905704e-09
v 0.04807610064744949 -0.016504500061273575 3.254650073358789e-05
v 0.04628729820251465 -0.020303500816226006 -3.1590698945649365e-09
v 0.04628729820251465 -0.020303500816226006 -3.1590698945649365e-09
v 0.04807610064744949 -0.016504500061273575 3.254650073358789e-05
v 0.04654889926314354 -0.020418299362063408 3.254679904785007e-05
v 0.04628729820251465 -0.020303500816226006 -3.1590698945649365e-09
v 0.04654889926314354 -0.020418299362063408 3.254679904785007e-05
v 0.04445260018110275 -0.02405649982392788 -2.834619872160715e-09
v 0.04445260018110275 -0.02405649982392788 -2.834619872160715e-09
v 0.04654889926314354 -0.020418299362063408 3.254679904785007e-05
v 0.04470380023121834 -0.024192500859498978 3.254719922551885e-05
v 0.04445260018110275 -0.02405649982392788 -2.834619872160715e-09
v 0.04470380023121834 -0.024192500859498978 3.254719922551885e-05
v 0.04231420159339905 -0.027645200490951538 -2.4908097806530805e-09
v 0.04231420159339905 -0.027645200490951538 -2.4908097806530805e-09
v 0.04470380023121834 -0.024192500859498978 3.254719922551885e-05
v 0.04255329817533493 -0.027801500633358955 3.2547497539781034e-05
v 0.04231420159339905 -0.027645200490951538 -2.4908097806530805e-09
v 0.04255329817533493 -0.027801500633358955 3.2547497539781034e-05
v 0.039886701852083206 -0.03104509972035885 -2.129979970177942e-09
v 0.039886701852083206 -0.03104509972035885 -2.129979970177942e-09
v 0.04255329817533493 -0.027801500633358955 3.2547497539781034e-05
v 0.0401122011244297 -0.03122060000896454 3.254790135542862e-05
v 0.039886701852083206 -0.03104509972035885 -2.129979970177942e-09
v 0.0401122011244297 -0.03122060000896454 3.254790135542862e-05
v 0.03718680143356323 -0.03423289954662323 -1.7546100128384978e-09
v 0.03718680143356323 -0.03423289954662323 -1.7546100128384978e-09
v 0.0401122011244297 -0.03122060000896454 3.254790135542862e-05
v 0.037397000938653946 -0.03442639857530594 3.2548297895118594e-05
v 0.03718680143356323 -0.03423289954662323 -1.7546100128384978e-09
v 0.037397000938653946 -0.03442639857530594 3.2548297895118594e-05
v 0.03423289954662323 -0.03718680143356323 -1.3672499799000093e-09
v 0.03423289954662323 -0.03718680143356323 -1.3672499799000093e-09
v 0.037397000938653946 -0.03442639857530594 3.2548297895118594e-05
v 0.03442639857530594 -0.037397000938653946 3.254859984735958e-05
v 0.03423289954662323 -0.03718680143356323 -1.3672499799000093e-09
v 0.03442639857530594 -0.037397000938653946 3.254859984735958e-05
v 0.03104509972035885 -0.039886701852083206 -9.705429793172016e-10
v 0.03104509972035885 -0.039886701852083206 -9.705429793172016e-10
v 0.03442639857530594 -0.037397000938653946 3.254859984735958e-05
v 0.03122060000896454 -0.0401122011244297 3.254900002502836e-05
v 0.03104509972035885 -0.039886701852083206 -9.705429793172016e-10
v 0.03122060000896454 -0.0401122011244297 3.254900002502836e-05
v 0.027645200490951538 -0.04231420159339905 -5.672110003906994e-10
v 0.027645200490951538 -0.04231420159339905 -5.672110003906994e-10
v 0.03122060000896454 -0.0401122011244297 3.254900002502836e-05
v 0.027801500633358955 -0.04255329817533493 3.254940020269714e-05
v 0.027645200490951538 -0.04231420159339905 -5.672110003906994e-10
v 0.027801500633358955 -0.04255329817533493 3.254940020269714e-05
v 0.02405649982392788 -0.04445260018110275 -1.6000499536428237e-10
v 0.02405649982392788 -0.04445260018110275 -1.6000499536428237e-10
v 0.027801500633358955 -0.04255329817533493 3.254940020269714e-05
v 0.024192500859498978 -0.04470380023121834 3.2549898605793715e-05
v 0.02405649982392788 -0.04445260018110275 -1.6000499536428237e-10
v 0.024192500859498978 -0.04470380023121834 3.2549898605793715e-05
v 0.020303500816226006 -0.04628729820251465 2.482939964743025e-10
v 0.020303500816226006 -0.04628729820251465 2.482939964743025e-10
v 0.024192500859498978 -0.04470380023121834 3.2549898605793715e-05
v 0.020418299362063408 -0.04654889926314354 3.2550298783462495e-05
v 0.020303500816226006 -0.04628729820251465 2.482939964743025e-10
v 0.020418299362063408 -0.04654889926314354 3.2550298783462495e-05
v 0.01641179993748665 -0.04780590161681175 6.548979691878287e-10
v 0.01641179993748665 -0.04780590161681175 6.548979691878287e-10
v 0.020418299362063408 -0.04654889926314354 3.2550298783462495e-05
v 0.016504500061273575 -0.04807610064744949 3.2550698961131275e-05
v 0.01641179993748665 -0.04780590161681175 6.548979691878287e-10
v 0.016504500061273575 -0.04807610064744949 3.2550698961131275e-05
v 0.012407899834215641 -0.0489979013800621 1.0570299080470136e-09
v 0.012407899834215641 -0.0489979013800621 1.0570299080470136e-09
v 0.016504500061273575 -0.04807610064744949 3.2550698961131275e-05
v 0.012478100135922432 -0.04927479848265648 3.2551099138800055e-05
v 0.012407899834215641 -0.0489979013800621 1.0570299080470136e-09
v 0.012478100135922432 -0.04927479848265648 3.2551099138800055e-05
v 0.008319349959492683 -0.049855198711156845 1.4519400126644655e-09
v 0.008319349959492683 -0.049855198711156845 1.4519400126644655e-09
v 0.012478100135922432 -0.04927479848265648 3.2551099138800055e-05
v 0.008366369642317295 -0.05013690143823624 3.2551499316468835e-05
v 0.008319349959492683 -0.049855198711156845 1.4519400126644655e-09
v 0.008366369642317295 -0.05013690143823624 3.2551499316468835e-05
v 0.004173929803073406 -0.05037190020084381 1.8369299414899842e-09
v 0.004173929803073406 -0.05037190020084381 1.8369299414899842e-09
v 0.008366369642317295 -0.05013690143823624 3.2551499316468835e-05
v 0.004197520203888416 -0.050656601786613464 3.2551899494137615e-05
v 1.3767299522626786e-09 -0.05143500119447708 0.015747999772429466
v 1.3654299912957413e-09 -0.0515642985701561 0.015618699602782726
v 0.005986240226775408 -0.05121560022234917 0.015618699602782726
v 1.3767299522626786e-09 -0.05143500119447708 0.015747999772429466
v 0.005986240226775408 -0.05121560022234917 0.015618699602782726
v 0.005971239879727364 -0.05108720064163208 0.015747999772429466
v 0.005971239879727364 -0.05108720064163208 0.015747999772429466
v 0.005986240226775408 -0.05121560022234917 0.015618699602782726
v 0.01189150009304285 -0.050174299627542496 0.015618699602782726
v 0.005971239879727364 -0.05108720064163208 0.015747999772429466
v 0.01189150009304285 -0.050174299627542496 0.015618699602782726
v 0.011861699633300304 -0.050048600882291794 0.015747999772429466
v 0.011861699633300304 -0.050048600882291794 0.015747999772429466
v 0.01189150009304285 -0.050174299627542496 0.015618699602782726
v 0.017635999247431755 -0.04845450073480606 0.015618699602782726
v 0.011861699633300304 -0.050048600882291794 0.015747999772429466
v 0.017635999247431755 -0.04845450073480606 0.015618699602782726
v 0.017591800540685654 -0.048333100974559784 0.015747999772429466
v 0.017591800540685654 -0.048333100974559784 0.015747999772429466
v 0.017635999247431755 -0.04845450073480606 0.015618699602782726
v 0.023142000660300255 -0.04607950150966644 0.015618699602782726
v 0.017591800540685654 -0.048333100974559784 0.015747999772429466
v 0.023142000660300255 -0.04607950150966644 0.015618699602782726
v 0.023083999752998352 -0.04596399888396263 0.015747999772429466
v 0.023083999752998352 -0.04596399888396263 0.015747999772429466
v 0.023142000660300255 -0.04607950150966644 0.015618699602782726
v 0.028334999457001686 -0.04308129847049713 0.015618699602782726
v 0.023083999752998352 -0.04596399888396263 0.015747999772429466
v 0.028334999457001686 -0.04308129847049713 0.015618699602782726
v 0.0282639991492033 -0.04297329857945442 0.015747999772429466
v 0.0282639991492033 -0.04297329857945442 0.015747999772429466
v 0.028334999457001686 -0.04308129847049713 0.015618699602782726
v 0.03314489871263504 -0.03950050100684166 0.015618699602782726
v 0.0282639991492033 -0.04297329857945442 0.015747999772429466
v 0.03314489871263504 -0.03950050100684166 0.015618699602782726
v 0.03306179866194725 -0.039401501417160034 0.015747999772429466
v 0.03306179866194725 -0.039401501417160034 0.015747999772429466
v 0.03314489871263504 -0.03950050100684166 0.015618699602782726
v 0.03750649839639664 -0.03538550063967705 0.015618699602782726
v 0.03306179866194725 -0.039401501417160034 0.015747999772429466
v 0.03750649839639664 -0.03538550063967705 0.015618699602782726
v 0.03741249814629555 -0.03529680147767067 0.015747999772429466
v 0.03741249814629555 -0.03529680147767067 0.015747999772429466
v 0.03750649839639664 -0.03538550063967705 0.015618699602782726
v 0.041360899806022644 -0.030791999772191048 0.015618699602782726
v 0.03741249814629555 -0.03529680147767067 0.015747999772429466
v 0.041360899806022644 -0.030791999772191048 0.015618699602782726
v 0.04125719889998436 -0.03071489930152893 0.015747999772429466
v 0.04125719889998436 -0.03071489930152893 0.015747999772429466
v 0.041360899806022644 -0.030791999772191048 0.015618699602782726
v 0.044655900448560715 -0.02578210085630417 0.015618699602782726
v 0.04125719889998436 -0.03071489930152893 0.015747999772429466
v 0.044655900448560715 -0.02578210085630417 0.015618699602782726
v 0.044544000178575516 -0.02571750059723854 0.015747999772429466
v 0.044544000178575516 -0.02571750059723854 0.015747999772429466
v 0.044655900448560715 -0.02578210085630417 0.015618699602782726
v 0.04734709858894348 -0.02042360045015812 0.015618699602782726
v 0.044544000178575516 -0.02571750059723854 0.015747999772429466
v 0.04734709858894348 -0.02042360045015812 0.015618699602782726
v 0.04722839966416359 -0.02037240006029606 0.015747999772429466
v 0.04722839966416359 -0.02037240006029606 0.015747999772429466
v 0.04734709858894348 -0.02042360045015812 0.015618699602782726
v 0.04939800128340721 -0.014788799919188023 0.015618699602782726
v 0.04722839966416359 -0.02037240006029606 0.015747999772429466
v 0.04939800128340721 -0.014788799919188023 0.015618699602782726
v 0.049274198710918427 -0.01475169975310564 0.015747999772429466
v 0.049274198710918427 -0.01475169975310564 0.015747999772429466
v 0.04939800128340721 -0.014788799919188023 0.015618699602782726
v 0.050780899822711945 -0.00895403977483511 0.015618699602782726
v 0.049274198710918427 -0.01475169975310564 0.015747999772429466
v 0.050780899822711945 -0.00895403977483511 0.015618699602782726
v 0.050653599202632904 -0.008931590244174004 0.015747999772429466
v 0.050653599202632904 -0.008931590244174004 0.015747999772429466
v 0.050780899822711945 -0.00895403977483511 0.015618699602782726
v 0.05147700011730194 -0.002998190000653267 0.015618699602782726
v 0.050653599202632904 -0.008931590244174004 0.015747999772429466
v 0.05147700011730194 -0.002998190000653267 0.015618699602782726
v 0.0513480007648468 -0.0029906800482422113 0.015747999772429466
v 0.0513480007648468 -0.0029906800482422113 0.015747999772429466
v 0.05147700011730194 -0.002998190000653267 0.015618699602782726
v 0.05147700011730194 0.002998200012370944 0.015618699602782726
v 0.0513480007648468 -0.0029906800482422113 0.015747999772429466
v 0.05147700011730194 0.002998200012370944 0.015618699602782726
v 0.0513480007648468 0.0029906800482422113 0.015747999772429466
v 0.0513480007648468 0.0029906800482422113 0.015747999772429466
v 0.05147700011730194 0.002998200012370944 0.015618699602782726
v 0.050780899822711945 0.00895403977483511 0.015618699602782726
v 0.0513480007648468 0.0029906800482422113 0.015747999772429466
v 0.050780899822711945 0.00895403977483511 0.015618699602782726
v 0.050653599202632904 0.008931590244174004 0.015747999772429466
v 0.050653599202632904 0.008931590244174004 0.015747999772429466
v 0.050780899822711945 0.00895403977483511 0.015618699602782726
v 0.04939800128340721 0.014788799919188023 0.015618699602782726
v 0.050653599202632904 0.008931590244174004 0.015747999772429466
v 0.04939800128340721 0.014788799919188023 0.015618699602782726
v 0.049274198710918427 0.01475169975310564 0.015747999772429466
v 0.049274198710918427 0.01475169975310564 0.015747999772429466
v 0.04939800128340721 0.014788799919188023 0.015618699602782726
v 0.04734709858894348 0.02042360045015812 0.015618699602782726
v 0.049274198710918427 0.01475169975310564 0.015747999772429466
v 0.04734709858894348 0.02042360045015812 0.015618699602782726
v 0.04722839966416359 0.02037240006029606 0.015747999772429466
v 0.04722839966416359 0.02037240006029606 0.015747999772429466
v 0.04734709858894348 0.02042360045015812 0.015618699602782726
v 0.044655900448560715 0.02578210085630417 0.015618699602782726
v 0.04722839966416359 0.02037240006029606 0.015747999772429466
v 0.044655900448560715 0.02578210085630417 0.015618699602782726
v 0.044544000178575516 0.02571750059723854 0.015747999772429466
v 0.044544000178575516 0.02571750059723854 0.015747999772429466
v 0.044655900448560715 0.02578210085630417 0.015618699602782726
v 0.041360899806022644 0.030791999772191048 0.015618699602782726
v 0.044544000178575516 0.02571750059723854 0.015747999772429466
v 0.041360899806022644 0.030791999772191048 0.015618699602782726
v 0.04125719889998436 0.03071489930152893 0.015747999772429466
v 0.04125719889998436 0.03071489930152893 0.015747999772429466
v 0.041360899806022644 0.030791999772191048 0.015618699602782726
v 0.03750649839639664 0.03538550063967705 0.015618699602782726
v 0.04125719889998436 0.03071489930152893 0.015747999772429466
v 0.03750649839639664 0.03538550063967705 0.015618699602782726
v 0.03741249814629555 0.03529680147767067 0.015747999772429466
v 0.03741249814629555 0.03529680147767067 0.015747999772429466
v 0.03750649839639664 0.03538550063967705 0.015618699602782726
v 0.03314489871263504 0.03950050100684166 0.015618699602782726
v 0.03741249814629555 0.03529680147767067 0.015747999772429466
v 0.03314489871263504 0.03950050100684166 0.015618699602782726
v 0.03306179866194725 0.039401501417160034 0.015747999772429466
v 0.03306179866194725 0.039401501417160034 0.015747999772429466
v 0.03314489871263504 0.03950050100684166 0.015618699602782726
v 0.028334999457001686 0.04308129847049713 0.015618699602782726
v 0.03306179866194725 0.039401501417160034 0.015747999772429466
v 0.028334999457001686 0.04308129847049713 0.015618699602782726
v 0.0282639991492033 0.04297329857945442 0.015747999772429466
v 0.0282639991492033 0.04297329857945442 0.015747999772429466
v 0.028334999457001686 0.04308129847049713 0.015618699602782726
v 0.023142000660300255 0.04607950150966644 0.015618699602782726
v 0.0282639991492033 0.04297329857945442 0.015747999772429466
v 0.023142000660300255 0.04607950150966644 0.015618699602782726
v 0.023083999752998352 0.04596399888396263 0.015747999772429466
v 0.023083999752998352 0.04596399888396263 0.015747999772429466
v 0.023142000660300255 0.04607950150966644 0.015618699602782726
v 0.017635999247431755 0.04845450073480606 0.015618699602782726
v 0.023083999752998352 0.04596399888396263 0.015747999772429466
v 0.017635999247431755 0.04845450073480606 0.015618699602782726
v 0.017591800540685654 0.048333100974559784 0.015747999772429466
v 0.017591800540685654 0.048333100974559784 0.015747999772429466
v 0.017635999247431755 0.04845450073480606 0.015618699602782726
v 0.01189150009304285 0.050174299627542496 0.015618699602782726
v 0.017591800540685654 0.048333100974559784 0.015747999772429466
v 0.01189150009304285 0.050174299627542496 0.015618699602782726
v 0.011861699633300304 0.050048600882291794 0.015747999772429466
v 0.011861699633300304 0.050048600882291794 0.015747999772429466
v 0.01189150009304285 0.050174299627542496 0.015618699602782726
v 0.005986240226775408 0.05121560022234917 0.015618699602782726
v 0.011861699633300304 0.050048600882291794 0.015747999772429466
v 0.005986240226775408 0.05121560022234917 0.015618699602782726
v 0.005971239879727364 0.05108720064163208 0.015747999772429466
v 0.005971239879727364 0.05108720064163208 0.015747999772429466
v 0.005986240226775408 0.05121560022234917 0.015618699602782726
v 1.3654299912957413e-09 0.0515642985701561 0.015618699602782726
v 0.005971239879727364 0.05108720064163208 0.015747999772429466
v 1.3654299912957413e-09 0.0515642985701561 0.015618699602782726
v 1.3767299522626786e-09 0.05143500119447708 0.015747999772429466
v -0.0005809270078316331 -0.05054119974374771 2.260009956955855e-09
v -0.02499219961464405 0.04393329843878746 2.6450500123509357e-10
v -0.02120489999651909 0.045881401747465134 -1.517460046507324e-10
v -0.02120489999651909 0.045881401747465134 -1.517460046507324e-10
v -0.017266999930143356 0.047503698617219925 -5.669200109359451e-10
v -0.0005809270078316331 -0.05054119974374771 2.260009956955855e-09
v -0.0005809270078316331 -0.05054119974374771 2.260009956955855e-09
v -0.017266999930143356 0.047503698617219925 -5.669200109359451e-10
v -0.013206499628722668 0.04878870025277138 -9.78069070178833e-10
v -0.0005809270078316331 -0.05054119974374771 2.260009956955855e-09
v -0.013206499628722668 0.04878870025277138 -9.78069070178833e-10
v -0.00905228964984417 0.04972729831933975 -1.3822699651555581e-09
v -0.00905228964984417 0.04972729831933975 -1.3822699651555581e-09
v -0.0048337699845433235 0.05031289905309677 -1.7766599302859731e-09
v -0.0005809270078316331 -0.05054119974374771 2.260009956955855e-09
v -0.0005809270078316331 -0.05054119974374771 2.260009956955855e-09
v -0.0048337699845433235 0.05031289905309677 -1.7766599302859731e-09
v -0.0005809270078316331 0.05054119974374771 -2.158440093324998e-09
v -0.0005809270078316331 -0.05054119974374771 2.260009956955855e-09
v -0.0005809270078316331 0.05054119974374771 -2.158440093324998e-09
v 1.3269800297867126e-25 -0.05054450035095215 2.2093697982228377e-09
v -0.02499219961464405 0.04393329843878746 2.6450500123509357e-10
v -0.0005809270078316331 -0.05054119974374771 2.260009956955855e-09
v -0.028602100908756256 0.04167329892516136 6.788780093636149e-10
v -0.028602100908756256 0.04167329892516136 6.788780093636149e-10
v -0.0005809270078316331 -0.05054119974374771 2.260009956955855e-09
v -0.0048337699845433235 -0.05031289905309677 2.6218298643243543e-09
v 1.3269800297867126e-25 -0.05054450035095215 2.2093697982228377e-09
v -0.0005809270078316331 0.05054119974374771 -2.158440093324998e-09
v -6.1899203231389455e-18 0.05054450035095215 -2.2093697982228377e-09
v 1.3269800297867126e-25 -0.05054450035095215 2.2093697982228377e-09
v -6.1899203231389455e-18 0.05054450035095215 -2.2093697982228377e-09
v 0.004173929803073406 0.05037190020084381 -2.566719947694196e-09
v 0.004173929803073406 0.05037190020084381 -2.566719947694196e-09
v 0.008319349959492683 0.049855198711156845 -2.906539897651328e-09
v 1.3269800297867126e-25 -0.05054450035095215 2.2093697982228377e-09
v 1.3269800297867126e-25 -0.05054450035095215 2.2093697982228377e-09
v 0.008319349959492683 0.049855198711156845 -2.906539897651328e-09
v 0.012407899834215641 0.0489979013800621 -3.22649995609936e-09
v 1.3269800297867126e-25 -0.05054450035095215 2.2093697982228377e-09
v 0.012407899834215641 0.0489979013800621 -3.22649995609936e-09
v 0.01641179993748665 0.04780590161681175 -3.5244198670625337e-09
v 0.01641179993748665 0.04780590161681175 -3.5244198670625337e-09
v 0.020303500816226006 0.04628729820251465 -3.798269698762624e-09
v 1.3269800297867126e-25 -0.05054450035095215 2.2093697982228377e-09
v 1.3269800297867126e-25 -0.05054450035095215 2.2093697982228377e-09
v 0.020303500816226006 0.04628729820251465 -3.798269698762624e-09
v 0.02405649982392788 0.04445260018110275 -4.046170065663546e-09
v 1.3269800297867126e-25 -0.05054450035095215 2.2093697982228377e-09
v 0.02405649982392788 0.04445260018110275 -4.046170065663546e-09
v 0.027645200490951538 0.04231420159339905 -4.26642987605419e-09
v 0.027645200490951538 0.04231420159339905 -4.26642987605419e-09
v 0.03104509972035885 0.039886701852083206 -4.457549884762102e-09
v 1.3269800297867126e-25 -0.05054450035095215 2.2093697982228377e-09
v 1.3269800297867126e-25 -0.05054450035095215 2.2093697982228377e-09
v 0.03104509972035885 0.039886701852083206 -4.457549884762102e-09
v 0.03423289954662323 0.03718680143356323 -4.618219584529015e-09
v 1.3269800297867126e-25 -0.05054450035095215 2.2093697982228377e-09
v 0.03423289954662323 0.03718680143356323 -4.618219584529015e-09
v 0.03718680143356323 0.03423289954662323 -4.7473398545605505e-09
v 0.03718680143356323 0.03423289954662323 -4.7473398545605505e-09
v 0.039886701852083206 0.03104509972035885 -4.844029621864365e-09
v 1.3269800297867126e-25 -0.05054450035095215 2.2093697982228377e-09
v 1.3269800297867126e-25 -0.05054450035095215 2.2093697982228377e-09
v 0.039886701852083206 0.03104509972035885 -4.844029621864365e-09
v 0.04231420159339905 0.027645200490951538 -4.907629858053042e-09
v 1.3269800297867126e-25 -0.05054450035095215 2.2093697982228377e-09
v 0.04231420159339905 0.027645200490951538 -4.907629858053042e-09
v 0.04445260018110275 0.02405649982392788 -4.937709796593026e-09
v 0.04445260018110275 0.02405649982392788 -4.937709796593026e-09
v 0.04628729820251465 0.020303500816226006 -4.9340598273772684e-09
v 1.3269800297867126e-25 -0.05054450035095215 2.2093697982228377e-09
v 1.3269800297867126e-25 -0.05054450035095215 2.2093697982228377e-09
v 0.04628729820251465 0.020303500816226006 -4.9340598273772684e-09
v 0.04780590161681175 0.01641179993748665 -4.896699934420212e-09
v 1.3269800297867126e-25 -0.05054450035095215 2.2093697982228377e-09
v 0.04780590161681175 0.01641179993748665 -4.896699934420212e-09
v 0.0489979013800621 0.012407899834215641 -4.825900123961446e-09
v 0.0489979013800621 0.012407899834215641 -4.825900123961446e-09
v 0.049855101853609085 0.008319349959492683 -4.722129798295782e-09
v 1.3269800297867126e-25 -0.05054450035095215 2.2093697982228377e-09
v 1.3269800297867126e-25 -0.05054450035095215 2.2093697982228377e-09
v 0.049855101853609085 0.008319349959492683 -4.722129798295782e-09
v 0.05037190020084381 0.004173929803073406 -4.58609994424819e-09
v 1.3269800297867126e-25 -0.05054450035095215 2.2093697982228377e-09
v 0.05037190020084381 0.004173929803073406 -4.58609994424819e-09
v 0.05054450035095215 -1.792720086573105e-16 -4.4187395964456755e-09
v 0.05054450035095215 -1.792720086573105e-16 -4.4187395964456755e-09
v 0.05037190020084381 -0.004173929803073406 -4.221199834120171e-09
v 1.3269800297867126e-25 -0.05054450035095215 2.2093697982228377e-09
v 1.3269800297867126e-25 -0.05054450035095215 2.2093697982228377e-09
v 0.05037190020084381 -0.004173929803073406 -4.221199834120171e-09
v 0.049855101853609085 -0.008319349959492683 -3.9948298002912e-09
v 1.3269800297867126e-25 -0.05054450035095215 2.2093697982228377e-09
v 0.049855101853609085 -0.008319349959492683 -3.9948298002912e-09
v 0.0489979013800621 -0.012407899834215641 -3.741159826375906e-09
v 0.0489979013800621 -0.012407899834215641 -3.741159826375906e-09
v 0.004173929803073406 -0.05037190020084381 1.8369299414899842e-09
v 1.3269800297867126e-25 -0.05054450035095215 2.2093697982228377e-09
v 0.012407899834215641 -0.0489979013800621 1.0570299080470136e-09
v 0.008319349959492683 -0.049855198711156845 1.4519400126644655e-09
v 0.0489979013800621 -0.012407899834215641 -3.741159826375906e-09
v 0.0489979013800621 -0.012407899834215641 -3.741159826375906e-09
v 0.008319349959492683 -0.049855198711156845 1.4519400126644655e-09
v 0.004173929803073406 -0.05037190020084381 1.8369299414899842e-09
v 0.04780590161681175 -0.01641179993748665 -3.461939845905704e-09
v 0.020303500816226006 -0.04628729820251465 2.482939964743025e-10
v 0.0489979013800621 -0.012407899834215641 -3.741159826375906e-09
v 0.0489979013800621 -0.012407899834215641 -3.741159826375906e-09
v 0.020303500816226006 -0.04628729820251465 2.482939964743025e-10
v 0.01641179993748665 -0.04780590161681175 6.548979691878287e-10
v 0.0489979013800621 -0.012407899834215641 -3.741159826375906e-09
v 0.01641179993748665 -0.04780590161681175 6.548979691878287e-10
v 0.012407899834215641 -0.0489979013800621 1.0570299080470136e-09
v 0.04780590161681175 -0.01641179993748665 -3.461939845905704e-09
v 0.04628729820251465 -0.020303500816226006 -3.1590698945649365e-09
v 0.020303500816226006 -0.04628729820251465 2.482939964743025e-10
v 0.04628729820251465 -0.020303500816226006 -3.1590698945649365e-09
v 0.04445260018110275 -0.02405649982392788 -2.834619872160715e-09
v 0.020303500816226006 -0.04628729820251465 2.482939964743025e-10
v 0.020303500816226006 -0.04628729820251465 2.482939964743025e-10
v 0.04445260018110275 -0.02405649982392788 -2.834619872160715e-09
v 0.04231420159339905 -0.027645200490951538 -2.4908097806530805e-09
v 0.020303500816226006 -0.04628729820251465 2.482939964743025e-10
v 0.04231420159339905 -0.027645200490951538 -2.4908097806530805e-09
v 0.02405649982392788 -0.04445260018110275 -1.6000499536428237e-10
v 0.039886701852083206 -0.03104509972035885 -2.129979970177942e-09
v 0.03104509972035885 -0.039886701852083206 -9.705429793172016e-10
v 0.04231420159339905 -0.027645200490951538 -2.4908097806530805e-09
v 0.04231420159339905 -0.027645200490951538 -2.4908097806530805e-09
v 0.03104509972035885 -0.039886701852083206 -9.705429793172016e-10
v 0.027645200490951538 -0.04231420159339905 -5.672110003906994e-10
v 0.04231420159339905 -0.027645200490951538 -2.4908097806530805e-09
v 0.027645200490951538 -0.04231420159339905 -5.672110003906994e-10
v 0.02405649982392788 -0.04445260018110275 -1.6000499536428237e-10
v 0.03718680143356323 -0.03423289954662323 -1.7546100128384978e-09
v 0.03423289954662323 -0.03718680143356323 -1.3672499799000093e-09
v 0.039886701852083206 -0.03104509972035885 -2.129979970177942e-09
v 0.039886701852083206 -0.03104509972035885 -2.129979970177942e-09
v 0.03423289954662323 -0.03718680143356323 -1.3672499799000093e-09
v 0.03104509972035885 -0.039886701852083206 -9.705429793172016e-10
v -0.028602100908756256 0.04167329892516136 6.788780093636149e-10
v -0.0048337699845433235 -0.05031289905309677 2.6218298643243543e-09
v -0.00905228964984417 -0.04972729831933975 2.965029777257655e-09
v -0.00905228964984417 -0.04972729831933975 2.965029777257655e-09
v -0.013206499628722668 -0.04878870025277138 3.2871698696368412e-09
v -0.028602100908756256 0.04167329892516136 6.788780093636149e-10
v -0.028602100908756256 0.04167329892516136 6.788780093636149e-10
v -0.013206499628722668 -0.04878870025277138 3.2871698696368412e-09
v -0.017266999930143356 -0.047503698617219925 3.5859797353765543e-09
v -0.028602100908756256 0.04167329892516136 6.788780093636149e-10
v -0.017266999930143356 -0.047503698617219925 3.5859797353765543e-09
v -0.02120489999651909 -0.045881401747465134 3.8593297446709585e-09
v -0.02120489999651909 -0.045881401747465134 3.8593297446709585e-09
v -0.02499219961464405 -0.04393329843878746 4.105279671762219e-09
v -0.028602100908756256 0.04167329892516136 6.788780093636149e-10
v -0.028602100908756256 0.04167329892516136 6.788780093636149e-10
v -0.02499219961464405 -0.04393329843878746 4.105279671762219e-09
v -0.028602100908756256 -0.04167329892516136 4.3220800272081306e-09
v -0.028602100908756256 0.04167329892516136 6.788780093636149e-10
v -0.028602100908756256 -0.04167329892516136 4.3220800272081306e-09
v -0.03200890123844147 -0.03911750018596649 4.5081898214505145e-09
v -0.03200890123844147 -0.03911750018596649 4.5081898214505145e-09
v -0.035188499838113785 -0.03628389909863472 4.662290109536116e-09
v -0.028602100908756256 0.04167329892516136 6.788780093636149e-10
v -0.028602100908756256 0.04167329892516136 6.788780093636149e-10
v -0.035188499838113785 -0.03628389909863472 4.662290109536116e-09
v -0.03811819851398468 -0.033192701637744904 4.783289764276333e-09
v -0.028602100908756256 0.04167329892516136 6.788780093636149e-10
v -0.03811819851398468 -0.033192701637744904 4.783289764276333e-09
v -0.04077719897031784 -0.029865799471735954 4.870339687101932e-09
v -0.04314680024981499 -0.026326799765229225 4.92279994546152e-09
v -0.028602100908756256 0.04167329892516136 6.788780093636149e-10
v -0.04077719897031784 -0.029865799471735954 4.870339687101932e-09
v -0.035188499838113785 0.03628389909863472 1.490259915470915e-09
v -0.03200890123844147 0.03911750018596649 1.0884300127855795e-09
v -0.04314680024981499 -0.026326799765229225 4.92279994546152e-09
v -0.04314680024981499 -0.026326799765229225 4.92279994546152e-09
v -0.03200890123844147 0.03911750018596649 1.0884300127855795e-09
v -0.028602100908756256 0.04167329892516136 6.788780093636149e-10
v -0.04521000012755394 -0.022600999101996422 4.940299724864872e-09
v -0.04077719897031784 0.029865799471735954 2.2593897863742995e-09
v -0.04314680024981499 -0.026326799765229225 4.92279994546152e-09
v -0.04314680024981499 -0.026326799765229225 4.92279994546152e-09
v -0.04077719897031784 0.029865799471735954 2.2593897863742995e-09
v -0.03811819851398468 0.033192701637744904 1.881499844813561e-09
v -0.04314680024981499 -0.026326799765229225 4.92279994546152e-09
v -0.03811819851398468 0.033192701637744904 1.881499844813561e-09
v -0.035188499838113785 0.03628389909863472 1.490259915470915e-09
v -0.04521000012755394 -0.022600999101996422 4.940299724864872e-09
v -0.046952199190855026 -0.018714699894189835 4.92273999341819e-09
v -0.04077719897031784 0.029865799471735954 2.2593897863742995e-09
v -0.04077719897031784 0.029865799471735954 2.2593897863742995e-09
v -0.046952199190855026 -0.018714699894189835 4.92273999341819e-09
v -0.048360999673604965 -0.014695500023663044 4.8702202271044825e-09
v -0.04077719897031784 0.029865799471735954 2.2593897863742995e-09
v -0.048360999673604965 -0.014695500023663044 4.8702202271044825e-09
v -0.049426499754190445 -0.010571899823844433 4.78312012219817e-09
v -0.049426499754190445 -0.010571899823844433 4.78312012219817e-09
v -0.0501410998404026 -0.006373330019414425 4.662059627236204e-09
v -0.04077719897031784 0.029865799471735954 2.2593897863742995e-09
v -0.04077719897031784 0.029865799471735954 2.2593897863742995e-09
v -0.0501410998404026 -0.006373330019414425 4.662059627236204e-09
v -0.05049959942698479 -0.0021294800098985434 4.507900275285692e-09
v -0.04077719897031784 0.029865799471735954 2.2593897863742995e-09
v -0.05049959942698479 -0.0021294800098985434 4.507900275285692e-09
v -0.05049959942698479 0.0021294800098985434 4.321739854873385e-09
v -0.05049959942698479 0.0021294800098985434 4.321739854873385e-09
v -0.0501410998404026 0.006373330019414425 4.10488976143597e-09
v -0.04077719897031784 0.029865799471735954 2.2593897863742995e-09
v -0.04077719897031784 0.029865799471735954 2.2593897863742995e-09
v -0.0501410998404026 0.006373330019414425 4.10488976143597e-09
v -0.049426499754190445 0.010571899823844433 3.858890096353207e-09
v -0.04077719897031784 0.029865799471735954 2.2593897863742995e-09
v -0.049426499754190445 0.010571899823844433 3.858890096353207e-09
v -0.04314680024981499 0.026326799765229225 2.6212301218464518e-09
v -0.04521000012755394 0.022600999101996422 2.9644597887568125e-09
v -0.049426499754190445 0.010571899823844433 3.858890096353207e-09
v -0.046952199190855026 0.018714699894189835 3.2866498411721068e-09
v -0.046952199190855026 0.018714699894189835 3.2866498411721068e-09
v -0.049426499754190445 0.010571899823844433 3.858890096353207e-09
v -0.048360999673604965 0.014695500023663044 3.5854998969853114e-09
v -0.04314680024981499 0.026326799765229225 2.6212301218464518e-09
v -0.049426499754190445 0.010571899823844433 3.858890096353207e-09
v -0.04521000012755394 0.022600999101996422 2.9644597887568125e-09
f 1 2 3
f 4 5 6
f 7 8 9
f 10 11 12
f 13 14 15
f 16 17 18
f 19 20 21
f 22 23 24
f 25 26 27
f 28 29 30
f 31 32 33
f 34 35 36
f 37 38 39
f 40 41 42
f 43 44 45
f 46 47 48
f 49 50 51
f 52 53 54
f 55 56 57
f 58 59 60
f 61 62 63
f 64 65 66
f 67 68 69
f 70 71 72
f 73 74 75
f 76 77 78
f 79 80 81
f 82 83 84
f 85 86 87
f 88 89 90
f 91 92 93
f 94 95 96
f 97 98 99
f 100 101 102
f 103 104 105
f 106 107 108
f 109 110 111
f 112 113 114
f 115 116 117
f 118 119 120
f 121 122 123
f 124 125 126
f 127 128 129
f 130 131 132
f 133 134 135
f 136 137 138
f 139 140 141
f 142 143 144
f 145 146 147
f 148 149 150
f 151 152 153
f 154 155 156
f 157 158 159
f 160 161 162
f 163 164 165
f 166 167 168
f 169 170 171
f 172 173 174
f 175 176 177
f 178 179 180
f 181 182 183
f 184 185 186
f 187 188 189
f 190 191 192
f 193 194 195
f 196 197 198
f 199 200 201
f 202 203 204
f 205 206 207
f 208 209 210
f 211 212 213
f 214 215 216
f 217 218 219
f 220 221 222
f 223 224 225
f 226 227 228
f 229 230 231
f 232 233 234
f 235 236 237
f 238 239 240
f 241 242 243
f 244 245 246
f 247 248 249
f 250 251 252
f 253 254 255
f 256 257 258
f 259 260 261
f 262 263 264
f 265 266 267
f 268 269 270
f 271 272 273
f 274 275 276
f 277 278 279
f 280 281 282
f 283 284 285
f 286 287 288
f 289 290 291
f 292 293 294
f 295 296 297
f 298 299 300
f 301 302 303
f 304 305 306
f 307 308 309
f 310 311 312
f 313 314 315
f 316 317 318
f 319 320 321
f 322 323 324
f 325 326 327
f 328 329 330
f 331 332 333
f 334 335 336
f 337 338 339
f 340 341 342
f 343 344 345
f 346 347 348
f 349 350 351
f 352 353 354
f 355 356 357
f 358 359 360
f 361 362 363
f 364 365 366
f 367 368 369
f 370 371 372
f 373 374 375
f 376 377 378
f 379 380 381
f 382 383 384
f 385 386 387
f 388 389 390
f 391 392 393
f 394 395 396
f 397 398 399
f 400 401 402
f 403 404 405
f 406 407 408
f 409 410 411
f 412 413 414
f 415 416 417
f 418 419 420
f 421 422 423
f 424 425 426
f 427 428 429
f 430 431 432
f 433 434 435
f 436 437 438
f 439 440 441
f 442 443 444
f 445 446 447
f 448 449 450
f 451 452 453
f 454 455 456
f 457 458 459
f 460 461 462
f 463 464 465
f 466 467 468
f 469 470 471
f 472 473 474
f 475 476 477
f 478 479 480
f 481 482 483
f 484 485 486
f 487 488 489
f 490 491 492
f 493 494 495
f 496 497 498
f 499 500 501
f 502 503 504
f 505 506 507
f 508 509 510
f 511 512 513
f 514 515 516
f 517 518 519
f 520 521 522
f 523 524 525
f 526 527 528
f 529 530 531
f 532 533 534
f 535 536 537
f 538 539 540
f 541 542 543
f 544 545 546
f 547 548 549
f 550 551 552
f 553 554 555
f 556 557 558
f 559 560 561
f 562 563 564
f 565 566 567
f 568 569 570
f 571 572 573
f 574 575 576
f 577 578 579
f 580 581 582
f 583 584 585
f 586 587 588
f 589 590 591
f 592 593 594
f 595 596 597
f 598 599 600
f 601 602 603
f 604 605 606
f 607 608 609
f 610 611 612
f 613 614 615
f 616 617 618
f 619 620 621
f 622 623 624
f 625 626 627
f 628 629 630
f 631 632 633
f 634 635 636
f 637 638 639
f 640 641 642
f 643 644 645
f 646 647 648
f 649 650 651
f 652 653 654
f 655 656 657
f 658 659 660
f 661 662 663
f 664 665 666
f 667 668 669
f 670 671 672
f 673 674 675
f 676 677 678
f 679 680 681
f 682 683 684
f 685 686 687
f 688 689 690
f 691 692 693
f 694 695 696
f 697 698 699
f 700 701 702
f 703 704 705
f 706 707 708
f 709 710 711
f 712 713 714
f 715 716 717
f 718 719 720
f 721 722 723
f 724 725 726
f 727 728 729
f 730 731 732
f 733 734 735
f 736 737 738
f 739 740 741
f 742 743 744
f 745 746 747
f 748 749 750
f 751 752 753
f 754 755 756
f 757 758 759
f 760 761 762
f 763 764 765
f 766 767 768
f 769 770 771
f 772 773 774
f 775 776 777
f 778 779 780
f 781 782 783
f 784 785 786
f 787 788 789
f 790 791 792
f 793 794 795
f 796 797 798
f 799 800 801
f 802 803 804
f 805 806 807
f 808 809 810
f 811 812 813
f 814 815 816
f 817 818 819
f 820 821 822
f 823 824 825
f 826 827 828
f 829 830 831
f 832 833 834
f 835 836 837
f 838 839 840
f 841 842 843
f 844 845 846
f 847 848 849
f 850 851 852
f 853 854 855
f 856 857 858
f 859 860 861
f 862 863 864
f 865 866 867
f 868 869 870
f 871 872 873
f 874 875 876
f 877 878 879
f 880 881 882
f 883 884 885
f 886 887 888
f 889 890 891
f 892 893 894
f 895 896 897
f 898 899 900
f 901 902 903
f 904 905 906
f 907 908 909
f 910 911 912
f 913 914 915
f 916 917 918
f 919 920 921
f 922 923 924
f 925 926 927
f 928 929 930
f 931 932 933
f 934 935 936
f 937 938 939
f 940 941 942
f 943 944 945
f 946 947 948
f 949 950 951
f 952 953 954
f 955 956 957
f 958 959 960
f 961 962 963
f 964 965 966
f 967 968 969
f 970 971 972
f 973 974 975
f 976 977 978
f 979 980 981
f 982 983 984
f 985 986 987
f 988 989 990
f 991 992 993
f 994 995 996
f 997 998 999
f 1000 1001 1002
f 1003 1004 1005
f 1006 1007 1008
f 1009 1010 1011
f 1012 1013 1014
f 1015 1016 1017
f 1018 1019 1020
f 1021 1022 1023
f 1024 1025 1026
f 1027 1028 1029
f 1030 1031 1032
f 1033 1034 1035
f 1036 1037 1038
f 1039 1040 1041
f 1042 1043 1044
f 1045 1046 1047
f 1048 1049 1050
f 1051 1052 1053
f 1054 1055 1056
f 1057 1058 1059
f 1060 1061 1062
f 1063 1064 1065
f 1066 1067 1068
f 1069 1070 1071
f 1072 1073 1074
f 1075 1076 1077
f 1078 1079 1080
f 1081 1082 1083
f 1084 1085 1086
f 1087 1088 1089
f 1090 1091 1092
f 1093 1094 1095
f 1096 1097 1098
f 1099 1100 1101
f 1102 1103 1104
f 1105 1106 1107
f 1108 1109 1110
f 1111 1112 1113
f 1114 1115 1116
f 1117 1118 1119
f 1120 1121 1122
f 1123 1124 1125
f 1126 1127 1128
f 1129 1130 1131
f 1132 1133 1134
f 1135 1136 1137
f 1138 1139 1140
f 1141 1142 1143
f 1144 1145 1146
f 1147 1148 1149
f 1150 1151 1152
f 1153 1154 1155
f 1156 1157 1158
f 1159 1160 1161
f 1162 1163 1164
f 1165 1166 1167
f 1168 1169 1170
f 1171 1172 1173
f 1174 1175 1176
f 1177 1178 1179
f 1180 1181 1182
f 1183 1184 1185
f 1186 1187 1188
f 1189 1190 1191
f 1192 1193 1194
f 1195 1196 1197
f 1198 1199 1200
f 1201 1202 1203
f 1204 1205 1206
f 1207 1208 1209
f 1210 1211 1212
f 1213 1214 1215
f 1216 1217 1218
f 1219 1220 1221
f 1222 1223 1224
f 1225 1226 1227
f 1228 1229 1230
f 1231 1232 1233
f 1234 1235 1236
f 1237 1238 1239
f 1240 1241 1242
f 1243 1244 1245
f 1246 1247 1248
f 1249 1250 1251
f 1252 1253 1254
f 1255 1256 1257
f 1258 1259 1260
f 1261 1262 1263
f 1264 1265 1266
f 1267 1268 1269
f 1270 1271 1272
f 1273 1274 1275
f 1276 1277 1278
f 1279 1280 1281
f 1282 1283 1284
f 1285 1286 1287
f 1288 1289 1290
f 1291 1292 1293
f 1294 1295 1296
f 1297 1298 1299
f 1300 1301 1302
f 1303 1304 1305
f 1306 1307 1308
f 1309 1310 1311
f 1312 1313 1314
f 1315 1316 1317
f 1318 1319 1320
f 1321 1322 1323
f 1324 1325 1326
f 1327 1328 1329
f 1330 1331 1332
f 1333 1334 1335
f 1336 1337 1338
f 1339 1340 1341
f 1342 1343 1344
f 1345 1346 1347
f 1348 1349 1350
f 1351 1352 1353
f 1354 1355 1356
f 1357 1358 1359
f 1360 1361 1362
f 1363 1364 1365
f 1366 1367 1368
f 1369 1370 1371
f 1372 1373 1374
f 1375 1376 1377
f 1378 1379 1380
f 1381 1382 1383
f 1384 1385 1386
f 1387 1388 1389
f 1390 1391 1392
f 1393 1394 1395
f 1396 1397 1398
f 1399 1400 1401
f 1402 1403 1404
f 1405 1406 1407
f 1408 1409 1410
f 1411 1412 1413
f 1414 1415 1416
f 1417 1418 1419
f 1420 1421 1422
f 1423 1424 1425
f 1426 1427 1428
f 1429 1430 1431
f 1432 1433 1434
f 1435 1436 1437
f 1438 1439 1440
f 1441 1442 1443
f 1444 1445 1446
f 1447 1448 1449
f 1450 1451 1452
f 1453 1454 1455
f 1456 1457 1458
f 1459 1460 1461
f 1462 1463 1464
f 1465 1466 1467
f 1468 1469 1470
f 1471 1472 1473
f 1474 1475 1476
f 1477 1478 1479
f 1480 1481 1482
f 1483 1484 1485
f 1486 1487 1488
f 1489 1490 1491
f 1492 1493 1494
f 1495 1496 1497
f 1498 1499 1500
f 1501 1502 1503
f 1504 1505 1506
f 1507 1508 1509
f 1510 1511 1512
f 1513 1514 1515
f 1516 1517 1518
f 1519 1520 1521
f 1522 1523 1524
f 1525 1526 1527
f 1528 1529 1530
f 1531 1532 1533
f 1534 1535 1536
f 1537 1538 1539
f 1540 1541 1542
f 1543 1544 1545
f 1546 1547 1548
f 1549 1550 1551
f 1552 1553 1554
f 1555 1556 1557
f 1558 1559 1560
f 1561 1562 1563
f 1564 1565 1566
f 1567 1568 1569
f 1570 1571 1572
f 1573 1574 1575
f 1576 1577 1578
f 1579 1580 1581
f 1582 1583 1584
f 1585 1586 1587
f 1588 1589 1590
f 1591 1592 1593
f 1594 1595 1596
f 1597 1598 1599
f 1600 1601 1602
f 1603 1604 1605
f 1606 1607 1608
f 1609 1610 1611
f 1612 1613 1614
f 1615 1616 1617
f 1618 1619 1620
f 1621 1622 1623
f 1624 1625 1626
f 1627 1628 1629
f 1630 1631 1632
f 1633 1634 1635
f 1636 1637 1638
f 1639 1640 1641
f 1642 1643 1644
f 1645 1646 1647
f 1648 1649 1650
f 1651 1652 1653
f 1654 1655 1656
f 1657 1658 1659
f 1660 1661 1662
f 1663 1664 1665
f 1666 1667 1668
f 1669 1670 1671
f 1672 1673 1674
f 1675 1676 1677
f 1678 1679 1680
f 1681 1682 1683
f 1684 1685 1686
f 1687 1688 1689
f 1690 1691 1692
f 1693 1694 1695
f 1696 1697 1698
f 1699 1700 1701
f 1702 1703 1704
f 1705 1706 1707
f 1708 1709 1710
f 1711 1712 1713
f 1714 1715 1716
f 1717 1718 1719
f 1720 1721 1722
f 1723 1724 1725
f 1726 1727 1728
f 1729 1730 1731
f 1732 1733 1734
f 1735 1736 1737
f 1738 1739 1740
f 1741 1742 1743
f 1744 1745 1746
f 1747 1748 1749
f 1750 1751 1752
f 1753 1754 1755
f 1756 1757 1758
f 1759 1760 1761
f 1762 1763 1764
f 1765 1766 1767
f 1768 1769 1770
f 1771 1772 1773
f 1774 1775 1776
f 1777 1778 1779
f 1780 1781 1782
f 1783 1784 1785
f 1786 1787 1788
f 1789 1790 1791
f 1792 1793 1794
f 1795 1796 1797
f 1798 1799 1800
f 1801 1802 1803
f 1804 1805 1806
f 1807 1808 1809
f 1810 1811 1812
f 1813 1814 1815
f 1816 1817 1818
f 1819 1820 1821
f 1822 1823 1824
f 1825 1826 1827
f 1828 1829 1830
f 1831 1832 1833
f 1834 1835 1836
f 1837 1838 1839
f 1840 1841 1842
f 1843 1844 1845
f 1846 1847 1848
f 1849 1850 1851
f 1852 1853 1854
f 1855 1856 1857
f 1858 1859 1860
f 1861 1862 1863
f 1864 1865 1866
f 1867 1868 1869
f 1870 1871 1872
f 1873 1874 1875
f 1876 1877 1878
f 1879 1880 1881
f 1882 1883 1884
f 1885 1886 1887
f 1888 1889 1890
f 1891 1892 1893
f 1894 1895 1896
f 1897 1898 1899
f 1900 1901 1902
f 1903 1904 1905
f 1906 1907 1908
f 1909 1910 1911
f 1912 1913 1914
f 1915 1916 1917
f 1918 1919 1920
f 1921 1922 1923
f 1924 1925 1926
f 1927 1928 1929
f 1930 1931 1932
f 1933 1934 1935
f 1936 1937 1938
f 1939 1940 1941
f 1942 1943 1944
f 1945 1946 1947
f 1948 1949 1950
f 1951 1952 1953
f 1954 1955 1956
f 1957 1958 1959
f 1960 1961 1962
f 1963 1964 1965
f 1966 1967 1968
f 1969 1970 1971
f 1972 1973 1974
f 1975 1976 1977
f 1978 1979 1980
f 1981 1982 1983
f 1984 1985 1986
f 1987 1988 1989
f 1990 1991 1992
f 1993 1994 1995
f 1996 1997 1998
f 1999 2000 2001
f 2002 2003 2004
f 2005 2006 2007
f 2008 2009 2010
f 2011 2012 2013
f 2014 2015 2016
f 2017 2018 2019
f 2020 2021 2022
f 2023 2024 2025
f 2026 2027 2028
f 2029 2030 2031
f 2032 2033 2034
f 2035 2036 2037
f 2038 2039 2040
f 2041 2042 2043
f 2044 2045 2046
f 2047 2048 2049
f 2050 2051 2052
f 2053 2054 2055
f 2056 2057 2058
f 2059 2060 2061
f 2062 2063 2064
f 2065 2066 2067
f 2068 2069 2070
f 2071 2072 2073
f 2074 2075 2076
f 2077 2078 2079
f 2080 2081 2082
f 2083 2084 2085
f 2086 2087 2088
f 2089 2090 2091
f 2092 2093 2094
f 2095 2096 2097
f 2098 2099 2100
f 2101 2102 2103
f 2104 2105 2106
f 2107 2108 2109
f 2110 2111 2112
f 2113 2114 2115
f 2116 2117 2118
f 2119 2120 2121
f 2122 2123 2124
f 2125 2126 2127
f 2128 2129 2130
f 2131 2132 2133
f 2134 2135 2136
f 2137 2138 2139
f 2140 2141 2142
f 2143 2144 2145
f 2146 2147 2148
f 2149 2150 2151
f 2152 2153 2154
f 2155 2156 2157
f 2158 2159 2160
f 2161 2162 2163
f 2164 2165 2166
f 2167 2168 2169
f 2170 2171 2172
f 2173 2174 2175
f 2176 2177 2178
f 2179 2180 2181
f 2182 2183 2184
f 2185 2186 2187
f 2188 2189 2190
f 2191 2192 2193
f 2194 2195 2196
f 2197 2198 2199
f 2200 2201 2202
f 2203 2204 2205
f 2206 2207 2208
f 2209 2210 2211
f 2212 2213 2214
f 2215 2216 2217
f 2218 2219 2220
f 2221 2222 2223
f 2224 2225 2226
f 2227 2228 2229
f 2230 2231 2232
f 2233 2234 2235
f 2236 2237 2238
f 2239 2240 2241
f 2242 2243 2244
f 2245 2246 2247
f 2248 2249 2250
f 2251 2252 2253
f 2254 2255 2256
f 2257 2258 2259
f 2260 2261 2262
f 2263 2264 2265
f 2266 2267 2268
f 2269 2270 2271
f 2272 2273 2274
f 2275 2276 2277
f 2278 2279 2280
f 2281 2282 2283
f 2284 2285 2286
f 2287 2288 2289
f 2290 2291 2292
f 2293 2294 2295
f 2296 2297 2298
f 2299 2300 2301
f 2302 2303 2304
f 2305 2306 2307
f 2308 2309 2310
f 2311 2312 2313
f 2314 2315 2316
f 2317 2318 2319
f 2320 2321 2322
f 2323 2324 2325
f 2326 2327 2328
f 2329 2330 2331
f 2332 2333 2334
f 2335 2336 2337
f 2338 2339 2340
f 2341 2342 2343
f 2344 2345 2346
f 2347 2348 2349
f 2350 2351 2352
f 2353 2354 2355
f 2356 2357 2358
f 2359 2360 2361
f 2362 2363 2364
f 2365 2366 2367
f 2368 2369 2370
f 2371 2372 2373
f 2374 2375 2376
f 2377 2378 2379
f 2380 2381 2382
f 2383 2384 2385
f 2386 2387 2388
f 2389 2390 2391
f 2392 2393 2394
f 2395 2396 2397
f 2398 2399 2400
f 2401 2402 2403
f 2404 2405 2406
f 2407 2408 2409
f 2410 2411 2412
f 2413 2414 2415
f 2416 2417 2418
f 2419 2420 2421
f 2422 2423 2424
f 2425 2426 2427
f 2428 2429 2430
f 2431 2432 2433
f 2434 2435 2436
f 2437 2438 2439
f 2440 2441 2442
f 2443 2444 2445
f 2446 2447 2448
f 2449 2450 2451
f 2452 2453 2454
f 2455 2456 2457
f 2458 2459 2460
f 2461 2462 2463
f 2464 2465 2466
f 2467 2468 2469
f 2470 2471 2472
f 2473 2474 2475
f 2476 2477 2478
f 2479 2480 2481
f 2482 2483 2484
f 2485 2486 2487
f 2488 2489 2490
f 2491 2492 2493
f 2494 2495 2496
f 2497 2498 2499
f 2500 2501 2502
f 2503 2504 2505
f 2506 2507 2508
f 2509 2510 2511
f 2512 2513 2514
f 2515 2516 2517
f 2518 2519 2520
f 2521 2522 2523
f 2524 2525 2526
f 2527 2528 2529
f 2530 2531 2532
f 2533 2534 2535
f 2536 2537 2538
f 2539 2540 2541
f 2542 2543 2544
f 2545 2546 2547
f 2548 2549 2550
f 2551 2552 2553
f 2554 2555 2556
f 2557 2558 2559
f 2560 2561 2562
f 2563 2564 2565
f 2566 2567 2568
f 2569 2570 2571
f 2572 2573 2574
f 2575 2576 2577
f 2578 2579 2580
f 2581 2582 2583
f 2584 2585 2586
f 2587 2588 2589
f 2590 2591 2592
f 2593 2594 2595
f 2596 2597 2598
f 2599 2600 2601
f 2602 2603 2604
f 2605 2606 2607
f 2608 2609 2610
f 2611 2612 2613
f 2614 2615 2616
f 2617 2618 2619
f 2620 2621 2622
f 2623 2624 2625
f 2626 2627 2628
f 2629 2630 2631
f 2632 2633 2634
f 2635 2636 2637
f 2638 2639 2640
f 2641 2642 2643
f 2644 2645 2646
f 2647 2648 2649
f 2650 2651 2652
f 2653 2654 2655
f 2656 2657 2658
f 2659 2660 2661
f 2662 2663 2664
f 2665 2666 2667
f 2668 2669 2670
f 2671 2672 2673
f 2674 2675 2676
f 2677 2678 2679
f 2680 2681 2682
f 2683 2684 2685
f 2686 2687 2688
f 2689 2690 2691
f 2692 2693 2694
f 2695 2696 2697
f 2698 2699 2700
f 2701 2702 2703
f 2704 2705 2706
f 2707 2708 2709
f 2710 2711 2712
f 2713 2714 2715
f 2716 2717 2718
f 2719 2720 2721
f 2722 2723 2724
f 2725 2726 2727
f 2728 2729 2730
f 2731 2732 2733
f 2734 2735 2736
f 2737 2738 2739
f 2740 2741 2742
f 2743 2744 2745
f 2746 2747 2748
f 2749 2750 2751
f 2752 2753 2754
f 2755 2756 2757
f 2758 2759 2760
f 2761 2762 2763
f 2764 2765 2766
f 2767 2768 2769
f 2770 2771 2772
f 2773 2774 2775
f 2776 2777 2778
f 2779 2780 2781
f 2782 2783 2784
f 2785 2786 2787
f 2788 2789 2790
f 2791 2792 2793
f 2794 2795 2796
f 2797 2798 2799
f 2800 2801 2802
f 2803 2804 2805
f 2806 2807 2808
f 2809 2810 2811
f 2812 2813 2814
f 2815 2816 2817
f 2818 2819 2820
f 2821 2822 2823
f 2824 2825 2826
f 2827 2828 2829
f 2830 2831 2832
f 2833 2834 2835
f 2836 2837 2838
f 2839 2840 2841
f 2842 2843 2844
f 2845 2846 2847
f 2848 2849 2850
f 2851 2852 2853
f 2854 2855 2856
f 2857 2858 2859
f 2860 2861 2862
f 2863 2864 2865
f 2866 2867 2868
f 2869 2870 2871
f 2872 2873 2874
f 2875 2876 2877
f 2878 2879 2880
f 2881 2882 2883
f 2884 2885 2886
f 2887 2888 2889
f 2890 2891 2892
f 2893 2894 2895
f 2896 2897 2898
f 2899 2900 2901
f 2902 2903 2904
f 2905 2906 2907
f 2908 2909 2910
f 2911 2912 2913
f 2914 2915 2916
f 2917 2918 2919
f 2920 2921 2922
f 2923 2924 2925
f 2926 2927 2928
f 2929 2930 2931
f 2932 2933 2934
f 2935 2936 2937
f 2938 2939 2940
f 2941 2942 2943
f 2944 2945 2946
f 2947 2948 2949
f 2950 2951 2952
f 2953 2954 2955
f 2956 2957 2958
f 2959 2960 2961
f 2962 2963 2964
f 2965 2966 2967
f 2968 2969 2970
f 2971 2972 2973
f 2974 2975 2976
f 2977 2978 2979
f 2980 2981 2982
f 2983 2984 2985
f 2986 2987 2988
f 2989 2990 2991
f 2992 2993 2994
f 2995 2996 2997
f 2998 2999 3000
f 3001 3002 3003
f 3004 3005 3006
f 3007 3008 3009
f 3010 3011 3012
f 3013 3014 3015
f 3016 3017 3018
f 3019 3020 3021
f 3022 3023 3024
f 3025 3026 3027
f 3028 3029 3030
f 3031 3032 3033
f 3034 3035 3036
f 3037 3038 3039
f 3040 3041 3042
f 3043 3044 3045
f 3046 3047 3048
f 3049 3050 3051
f 3052 3053 3054
f 3055 3056 3057
f 3058 3059 3060
f 3061 3062 3063
f 3064 3065 3066
f 3067 3068 3069
f 3070 3071 3072
f 3073 3074 3075
f 3076 3077 3078
f 3079 3080 3081
f 3082 3083 3084
f 3085 3086 3087
f 3088 3089 3090
f 3091 3092 3093
f 3094 3095 3096
f 3097 3098 3099
f 3100 3101 3102
f 3103 3104 3105
f 3106 3107 3108
f 3109 3110 3111
f 3112 3113 3114
f 3115 3116 3117
f 3118 3119 3120
f 3121 3122 3123
f 3124 3125 3126
f 3127 3128 3129
f 3130 3131 3132
f 3133 3134 3135
f 3136 3137 3138
f 3139 3140 3141
f 3142 3143 3144
f 3145 3146 3147
f 3148 3149 3150
f 3151 3152 3153
f 3154 3155 3156
f 3157 3158 3159
f 3160 3161 3162
f 3163 3164 3165
f 3166 3167 3168
f 3169 3170 3171
f 3172 3173 3174
f 3175 3176 3177
f 3178 3179 3180
f 3181 3182 3183
f 3184 3185 3186
f 3187 3188 3189
f 3190 3191 3192
f 3193 3194 3195
f 3196 3197 3198
f 3199 3200 3201
f 3202 3203 3204
f 3205 3206 3207
f 3208 3209 3210
f 3211 3212 3213
f 3214 3215 3216
f 3217 3218 3219
f 3220 3221 3222
f 3223 3224 3225
f 3226 3227 3228
f 3229 3230 3231
f 3232 3233 3234
f 3235 3236 3237
f 3238 3239 3240
f 3241 3242 3243
f 3244 3245 3246
f 3247 3248 3249
f 3250 3251 3252
f 3253 3254 3255
f 3256 3257 3258
f 3259 3260 3261
f 3262 3263 3264
f 3265 3266 3267
f 3268 3269 3270
f 3271 3272 3273
f 3274 3275 3276
f 3277 3278 3279
f 3280 3281 3282
f 3283 3284 3285
f 3286 3287 3288
f 3289 3290 3291
f 3292 3293 3294
f 3295 3296 3297
f 3298 3299 3300
f 3301 3302 3303
f 3304 3305 3306
f 3307 3308 3309
f 3310 3311 3312
f 3313 3314 3315
f 3316 3317 3318
f 3319 3320 3321
f 3322 3323 3324
f 3325 3326 3327
f 3328 3329 3330
f 3331 3332 3333
f 3334 3335 3336
f 3337 3338 3339
f 3340 3341 3342
f 3343 3344 3345
f 3346 3347 3348
f 3349 3350 3351
f 3352 3353 3354
f 3355 3356 3357
f 3358 3359 3360
f 3361 3362 3363
f 3364 3365 3366
f 3367 3368 3369
f 3370 3371 3372
f 3373 3374 3375
f 3376 3377 3378
f 3379 3380 3381
f 3382 3383 3384
f 3385 3386 3387
f 3388 3389 3390
f 3391 3392 3393
f 3394 3395 3396
f 3397 3398 3399
f 3400 3401 3402
f 3403 3404 3405
f 3406 3407 3408
f 3409 3410 3411
f 3412 3413 3414
f 3415 3416 3417
f 3418 3419 3420
f 3421 3422 3423
f 3424 3425 3426
f 3427 3428 3429
f 3430 3431 3432
f 3433 3434 3435
f 3436 3437 3438
f 3439 3440 3441
f 3442 3443 3444
f 3445 3446 3447
f 3448 3449 3450
f 3451 3452 3453
f 3454 3455 3456
f 3457 3458 3459
f 3460 3461 3462
f 3463 3464 3465
f 3466 3467 3468
f 3469 3470 3471
f 3472 3473 3474
f 3475 3476 3477
f 3478 3479 3480
f 3481 3482 3483
f 3484 3485 3486
f 3487 3488 3489
f 3490 3491 3492
f 3493 3494 3495
f 3496 3497 3498
f 3499 3500 3501
f 3502 3503 3504
f 3505 3506 3507
f 3508 3509 3510
f 3511 3512 3513
f 3514 3515 3516
f 3517 3518 3519
f 3520 3521 3522
f 3523 3524 3525
f 3526 3527 3528
f 3529 3530 3531
f 3532 3533 3534
f 3535 3536 3537
f 3538 3539 3540
f 3541 3542 3543
f 3544 3545 3546
f 3547 3548 3549
f 3550 3551 3552
f 3553 3554 3555
f 3556 3557 3558
f 3559 3560 3561
f 3562 3563 3564
f 3565 3566 3567
f 3568 3569 3570
f 3571 3572 3573
f 3574 3575 3576
f 3577 3578 3579
f 3580 3581 3582
f 3583 3584 3585
f 3586 3587 3588
f 3589 3590 3591
f 3592 3593 3594
f 3595 3596 3597
f 3598 3599 3600
f 3601 3602 3603
f 3604 3605 3606
f 3607 3608 3609
f 3610 3611 3612
f 3613 3614 3615
f 3616 3617 3618
f 3619 3620 3621
f 3622 3623 3624
f 3625 3626 3627
f 3628 3629 3630
f 3631 3632 3633
f 3634 3635 3636
f 3637 3638 3639
f 3640 3641 3642
f 3643 3644 3645
f 3646 3647 3648
f 3649 3650 3651
f 3652 3653 3654
f 3655 3656 3657
f 3658 3659 3660
f 3661 3662 3663
f 3664 3665 3666
f 3667 3668 3669
f 3670 3671 3672
f 3673 3674 3675
f 3676 3677 3678
f 3679 3680 3681
f 3682 3683 3684
f 3685 3686 3687
f 3688 3689 3690
f 3691 3692 3693
f 3694 3695 3696
f 3697 3698 3699
f 3700 3701 3702
f 3703 3704 3705
f 3706 3707 3708
f 3709 3710 3711
f 3712 3713 3714
f 3715 3716 3717
f 3718 3719 3720
f 3721 3722 3723
f 3724 3725 3726
f 3727 3728 3729
f 3730 3731 3732
f 3733 3734 3735
f 3736 3737 3738
f 3739 3740 3741
f 3742 3743 3744
f 3745 3746 3747
f 3748 3749 3750
f 3751 3752 3753
f 3754 3755 3756
f 3757 3758 3759
f 3760 3761 3762
f 3763 3764 3765
f 3766 3767 3768
f 3769 3770 3771
f 3772 3773 3774
f 3775 3776 3777
f 3778 3779 3780
f 3781 3782 3783
f 3784 3785 3786
f 3787 3788 3789
f 3790 3791 3792
f 3793 3794 3795
f 3796 3797 3798
f 3799 3800 3801
f 3802 3803 3804
f 3805 3806 3807
f 3808 3809 3810
f 3811 3812 3813
f 3814 3815 3816
f 3817 3818 3819
f 3820 3821 3822
f 3823 3824 3825
f 3826 3827 3828
f 3829 3830 3831
f 3832 3833 3834
f 3835 3836 3837
f 3838 3839 3840
f 3841 3842 3843
f 3844 3845 3846
f 3847 3848 3849
f 3850 3851 3852
f 3853 3854 3855
f 3856 3857 3858
f 3859 3860 3861
f 3862 3863 3864
f 3865 3866 3867
f 3868 3869 3870
f 3871 3872 3873
f 3874 3875 3876
f 3877 3878 3879
f 3880 3881 3882
f 3883 3884 3885
f 3886 3887 3888
f 3889 3890 3891
f 3892 3893 3894
f 3895 3896 3897
f 3898 3899 3900
f 3901 3902 3903
f 3904 3905 3906
f 3907 3908 3909
f 3910 3911 3912
f 3913 3914 3915
f 3916 3917 3918
f 3919 3920 3921
f 3922 3923 3924
f 3925 3926 3927
f 3928 3929 3930
f 3931 3932 3933
f 3934 3935 3936
f 3937 3938 3939
f 3940 3941 3942
f 3943 3944 3945
f 3946 3947 3948
f 3949 3950 3951
f 3952 3953 3954
f 3955 3956 3957
f 3958 3959 3960
f 3961 3962 3963
f 3964 3965 3966
f 3967 3968 3969
f 3970 3971 3972
f 3973 3974 3975
f 3976 3977 3978
f 3979 3980 3981
f 3982 3983 3984
f 3985 3986 3987
f 3988 3989 3990
f 3991 3992 3993
f 3994 3995 3996
f 3997 3998 3999
f 4000 4001 4002
f 4003 4004 4005
f 4006 4007 4008
f 4009 4010 4011
f 4012 4013 4014
f 4015 4016 4017
f 4018 4019 4020
f 4021 4022 4023
f 4024 4025 4026
f 4027 4028 4029
f 4030 4031 4032
f 4033 4034 4035
f 4036 4037 4038
f 4039 4040 4041
f 4042 4043 4044
f 4045 4046 4047
f 4048 4049 4050
f 4051 4052 4053
f 4054 4055 4056
f 4057 4058 4059
f 4060 4061 4062
f 4063 4064 4065
f 4066 4067 4068
f 4069 4070 4071
f 4072 4073 4074
f 4075 4076 4077
f 4078 4079 4080
f 4081 4082 4083
f 4084 4085 4086
f 4087 4088 4089
f 4090 4091 4092
f 4093 4094 4095
f 4096 4097 4098
f 4099 4100 4101
f 4102 4103 4104
f 4105 4106 4107
f 4108 4109 4110
f 4111 4112 4113
f 4114 4115 4116
f 4117 4118 4119
f 4120 4121 4122
f 4123 4124 4125
f 4126 4127 4128
f 4129 4130 4131
f 4132 4133 4134
f 4135 4136 4137
f 4138 4139 4140
f 4141 4142 4143
f 4144 4145 4146
f 4147 4148 4149
f 4150 4151 4152
f 4153 4154 4155
f 4156 4157 4158
f 4159 4160 4161
f 4162 4163 4164
f 4165 4166 4167
f 4168 4169 4170
f 4171 4172 4173
f 4174 4175 4176
f 4177 4178 4179
f 4180 4181 4182
f 4183 4184 4185
f 4186 4187 4188
f 4189 4190 4191
f 4192 4193 4194
f 4195 4196 4197
f 4198 4199 4200
f 4201 4202 4203
f 4204 4205 4206
f 4207 4208 4209
f 4210 4211 4212
f 4213 4214 4215
f 4216 4217 4218
f 4219 4220 4221
f 4222 4223 4224
f 4225 4226 4227
f 4228 4229 4230
f 4231 4232 4233
f 4234 4235 4236
f 4237 4238 4239
f 4240 4241 4242
f 4243 4244 4245
f 4246 4247 4248
f 4249 4250 4251
f 4252 4253 4254
f 4255 4256 4257
f 4258 4259 4260
f 4261 4262 4263
f 4264 4265 4266
f 4267 4268 4269
f 4270 4271 4272
f 4273 4274 4275
f 4276 4277 4278
f 4279 4280 4281
f 4282 4283 4284
f 4285 4286 4287
f 4288 4289 4290
f 4291 4292 4293
f 4294 4295 4296
f 4297 4298 4299
f 4300 4301 4302
f 4303 4304 4305
f 4306 4307 4308
f 4309 4310 4311
f 4312 4313 4314
f 4315 4316 4317
f 4318 4319 4320
f 4321 4322 4323
f 4324 4325 4326
f 4327 4328 4329
f 4330 4331 4332
f 4333 4334 4335
f 4336 4337 4338
f 4339 4340 4341
f 4342 4343 4344
f 4345 4346 4347
f 4348 4349 4350
f 4351 4352 4353
f 4354 4355 4356
f 4357 4358 4359
f 4360 4361 4362
f 4363 4364 4365
f 4366 4367 4368
f 4369 4370 4371
f 4372 4373 4374
f 4375 4376 4377
f 4378 4379 4380
f 4381 4382 4383
f 4384 4385 4386
f 4387 4388 4389
f 4390 4391 4392
f 4393 4394 4395
f 4396 4397 4398
f 4399 4400 4401
f 4402 4403 4404
f 4405 4406 4407
f 4408 4409 4410
f 4411 4412 4413
f 4414 4415 4416
f 4417 4418 4419
f 4420 4421 4422
f 4423 4424 4425
f 4426 4427 4428
f 4429 4430 4431
f 4432 4433 4434
f 4435 4436 4437
f 4438 4439 4440
f 4441 4442 4443
f 4444 4445 4446
f 4447 4448 4449
f 4450 4451 4452
f 4453 4454 4455
f 4456 4457 4458
f 4459 4460 4461
f 4462 4463 4464
f 4465 4466 4467
f 4468 4469 4470
f 4471 4472 4473
f 4474 4475 4476
f 4477 4478 4479
f 4480 4481 4482
f 4483 4484 4485
f 4486 4487 4488
f 4489 4490 4491
f 4492 4493 4494
f 4495 4496 4497
f 4498 4499 4500
f 4501 4502 4503
f 4504 4505 4506
f 4507 4508 4509
f 4510 4511 4512
f 4513 4514 4515
f 4516 4517 4518
f 4519 4520 4521
f 4522 4523 4524
f 4525 4526 4527
f 4528 4529 4530
f 4531 4532 4533
f 4534 4535 4536
f 4537 4538 4539
f 4540 4541 4542
f 4543 4544 4545
f 4546 4547 4548
f 4549 4550 4551
f 4552 4553 4554
f 4555 4556 4557
f 4558 4559 4560
f 4561 4562 4563
f 4564 4565 4566
f 4567 4568 4569
f 4570 4571 4572
f 4573 4574 4575
f 4576 4577 4578
f 4579 4580 4581
f 4582 4583 4584
f 4585 4586 4587
f 4588 4589 4590
f 4591 4592 4593
f 4594 4595 4596
f 4597 4598 4599
f 4600 4601 4602
f 4603 4604 4605
f 4606 4607 4608
f 4609 4610 4611
f 4612 4613 4614
f 4615 4616 4617
f 4618 4619 4620
f 4621 4622 4623
f 4624 4625 4626
f 4627 4628 4629
f 4630 4631 4632
f 4633 4634 4635
f 4636 4637 4638
f 4639 4640 4641
f 4642 4643 4644
f 4645 4646 4647
f 4648 4649 4650
f 4651 4652 4653
f 4654 4655 4656
f 4657 4658 4659
f 4660 4661 4662
f 4663 4664 4665
f 4666 4667 4668
f 4669 4670 4671
f 4672 4673 4674
f 4675 4676 4677
f 4678 4679 4680
f 4681 4682 4683
f 4684 4685 4686
f 4687 4688 4689
f 4690 4691 4692
f 4693 4694 4695
f 4696 4697 4698
f 4699 4700 4701
f 4702 4703 4704
f 4705 4706 4707
f 4708 4709 4710
f 4711 4712 4713
f 4714 4715 4716
f 4717 4718 4719
f 4720 4721 4722
f 4723 4724 4725
f 4726 4727 4728
f 4729 4730 4731
f 4732 4733 4734
f 4735 4736 4737
f 4738 4739 4740
f 4741 4742 4743
f 4744 4745 4746
f 4747 4748 4749
f 4750 4751 4752
f 4753 4754 4755
f 4756 4757 4758
f 4759 4760 4761
f 4762 4763 4764
f 4765 4766 4767
f 4768 4769 4770
f 4771 4772 4773
f 4774 4775 4776
f 4777 4778 4779
f 4780 4781 4782
f 4783 4784 4785
f 4786 4787 4788
f 4789 4790 4791
f 4792 4793 4794
f 4795 4796 4797
f 4798 4799 4800
f 4801 4802 4803
f 4804 4805 4806
f 4807 4808 4809
f 4810 4811 4812
f 4813 4814 4815
f 4816 4817 4818
f 4819 4820 4821
f 4822 4823 4824
f 4825 4826 4827
f 4828 4829 4830
f 4831 4832 4833
f 4834 4835 4836
f 4837 4838 4839
f 4840 4841 4842
f 4843 4844 4845
f 4846 4847 4848
f 4849 4850 4851
f 4852 4853 4854
f 4855 4856 4857
f 4858 4859 4860
f 4861 4862 4863
f 4864 4865 4866
f 4867 4868 4869
f 4870 4871 4872
f 4873 4874 4875
f 4876 4877 4878
f 4879 4880 4881
f 4882 4883 4884
f 4885 4886 4887
f 4888 4889 4890
f 4891 4892 4893
f 4894 4895 4896
f 4897 4898 4899
f 4900 4901 4902
f 4903 4904 4905
f 4906 4907 4908
f 4909 4910 4911
f 4912 4913 4914
f 4915 4916 4917
f 4918 4919 4920
f 4921 4922 4923
f 4924 4925 4926
f 4927 4928 4929
f 4930 4931 4932
f 4933 4934 4935
f 4936 4937 4938
f 4939 4940 4941
f 4942 4943 4944
f 4945 4946 4947
f 4948 4949 4950
f 4951 4952 4953
f 4954 4955 4956
f 4957 4958 4959
f 4960 4961 4962
f 4963 4964 4965
f 4966 4967 4968
f 4969 4970 4971
f 4972 4973 4974
f 4975 4976 4977
f 4978 4979 4980
f 4981 4982 4983
f 4984 4985 4986
f 4987 4988 4989
f 4990 4991 4992
f 4993 4994 4995
f 4996 4997 4998
f 4999 5000 5001
f 5002 5003 5004
f 5005 5006 5007
f 5008 5009 5010
f 5011 5012 5013
f 5014 5015 5016
f 5017 5018 5019
f 5020 5021 5022
f 5023 5024 5025
f 5026 5027 5028
f 5029 5030 5031
f 5032 5033 5034
f 5035 5036 5037
f 5038 5039 5040
f 5041 5042 5043
f 5044 5045 5046
f 5047 5048 5049
f 5050 5051 5052
f 5053 5054 5055
f 5056 5057 5058
f 5059 5060 5061
f 5062 5063 5064
f 5065 5066 5067
f 5068 5069 5070
f 5071 5072 5073
f 5074 5075 5076
f 5077 5078 5079
f 5080 5081 5082
f 5083 5084 5085
f 5086 5087 5088
f 5089 5090 5091
f 5092 5093 5094
f 5095 5096 5097
f 5098 5099 5100
f 5101 5102 5103
f 5104 5105 5106
f 5107 5108 5109
f 5110 5111 5112
f 5113 5114 5115
f 5116 5117 5118
f 5119 5120 5121
f 5122 5123 5124
f 5125 5126 5127
f 5128 5129 5130
f 5131 5132 5133
f 5134 5135 5136
f 5137 5138 5139
f 5140 5141 5142
f 5143 5144 5145
f 5146 5147 5148
f 5149 5150 5151
f 5152 5153 5154
f 5155 5156 5157
f 5158 5159 5160
f 5161 5162 5163
f 5164 5165 5166
f 5167 5168 5169
f 5170 5171 5172
f 5173 5174 5175
f 5176 5177 5178
f 5179 5180 5181
f 5182 5183 5184
f 5185 5186 5187
f 5188 5189 5190
f 5191 5192 5193
f 5194 5195 5196
f 5197 5198 5199
f 5200 5201 5202
f 5203 5204 5205
f 5206 5207 5208
f 5209 5210 5211
f 5212 5213 5214
f 5215 5216 5217
f 5218 5219 5220
f 5221 5222 5223
f 5224 5225 5226
f 5227 5228 5229
f 5230 5231 5232
f 5233 5234 5235
f 5236 5237 5238
f 5239 5240 5241
f 5242 5243 5244
f 5245 5246 5247
f 5248 5249 5250
f 5251 5252 5253
f 5254 5255 5256
f 5257 5258 5259
f 5260 5261 5262
f 5263 5264 5265
f 5266 5267 5268
f 5269 5270 5271
f 5272 5273 5274
f 5275 5276 5277
f 5278 5279 5280
f 5281 5282 5283
f 5284 5285 5286
f 5287 5288 5289
f 5290 5291 5292
f 5293 5294 5295
f 5296 5297 5298
f 5299 5300 5301
f 5302 5303 5304
f 5305 5306 5307
f 5308 5309 5310
f 5311 5312 5313
f 5314 5315 5316
f 5317 5318 5319
f 5320 5321 5322
f 5323 5324 5325
f 5326 5327 5328
f 5329 5330 5331
f 5332 5333 5334
f 5335 5336 5337
f 5338 5339 5340
f 5341 5342 5343
f 5344 5345 5346
f 5347 5348 5349
f 5350 5351 5352
f 5353 5354 5355
f 5356 5357 5358
f 5359 5360 5361
f 5362 5363 5364
f 5365 5366 5367
f 5368 5369 5370
f 5371 5372 5373
f 5374 5375 5376
f 5377 5378 5379
f 5380 5381 5382
f 5383 5384 5385
f 5386 5387 5388
f 5389 5390 5391
f 5392 5393 5394
f 5395 5396 5397
f 5398 5399 5400
f 5401 5402 5403
f 5404 5405 5406
f 5407 5408 5409
f 5410 5411 5412
f 5413 5414 5415
f 5416 5417 5418
f 5419 5420 5421
f 5422 5423 5424
f 5425 5426 5427
f 5428 5429 5430
f 5431 5432 5433
f 5434 5435 5436
f 5437 5438 5439
f 5440 5441 5442
f 5443 5444 5445
f 5446 5447 5448
f 5449 5450 5451
f 5452 5453 5454
f 5455 5456 5457
f 5458 5459 5460
f 5461 5462 5463
f 5464 5465 5466
f 5467 5468 5469
f 5470 5471 5472
f 5473 5474 5475
f 5476 5477 5478
f 5479 5480 5481
f 5482 5483 5484
f 5485 5486 5487
f 5488 5489 5490
f 5491 5492 5493
f 5494 5495 5496
f 5497 5498 5499
f 5500 5501 5502
f 5503 5504 5505
f 5506 5507 5508
f 5509 5510 5511
f 5512 5513 5514
f 5515 5516 5517
f 5518 5519 5520
f 5521 5522 5523
f 5524 5525 5526
f 5527 5528 5529
f 5530 5531 5532
f 5533 5534 5535
f 5536 5537 5538
f 5539 5540 5541
f 5542 5543 5544
f 5545 5546 5547
f 5548 5549 5550
f 5551 5552 5553
f 5554 5555 5556
f 5557 5558 5559
f 5560 5561 5562
f 5563 5564 5565
f 5566 5567 5568
f 5569 5570 5571
f 5572 5573 5574
f 5575 5576 5577
f 5578 5579 5580
f 5581 5582 5583
f 5584 5585 5586
f 5587 5588 5589
f 5590 5591 5592
f 5593 5594 5595
f 5596 5597 5598
f 5599 5600 5601
f 5602 5603 5604
f 5605 5606 5607
f 5608 5609 5610
f 5611 5612 5613
f 5614 5615 5616
f 5617 5618 5619
f 5620 5621 5622
f 5623 5624 5625
f 5626 5627 5628
f 5629 5630 5631
f 5632 5633 5634
f 5635 5636 5637
f 5638 5639 5640
f 5641 5642 5643
f 5644 5645 5646
f 5647 5648 5649
f 5650 5651 5652
f 5653 5654 5655
f 5656 5657 5658
f 5659 5660 5661
f 5662 5663 5664
f 5665 5666 5667
f 5668 5669 5670
f 5671 5672 5673
f 5674 5675 5676
f 5677 5678 5679
f 5680 5681 5682
f 5683 5684 5685
f 5686 5687 5688
f 5689 5690 5691
f 5692 5693 5694
f 5695 5696 5697
f 5698 5699 5700
f 5701 5702 5703
f 5704 5705 5706
f 5707 5708 5709
f 5710 5711 5712
f 5713 5714 5715
f 5716 5717 5718
f 5719 5720 5721
f 5722 5723 5724
f 5725 5726 5727
f 5728 5729 5730
f 5731 5732 5733
f 5734 5735 5736
